<?xml version="1.0" encoding="ISO-8859-1"?>
<eml:eml xmlns:eml="eml://ecoinformatics.org/eml-2.1.1" xmlns:dc="http://purl.org/dc/terms/" xmlns:xsi="http://www.w3.org/2001/XMLSchema-instance" xsi:schemaLocation="eml://ecoinformatics.org/eml-2.1.1 http://rs.gbif.org/schema/eml-gbif-profile/1.0.1/eml.xsd" packageId="710b3770-7117-418f-8e3e-90d980d29fca" system="http://symbiota.org" scope="system" xml:lang="eng"><dataset><title xml:lang="eng">SERNEC general data extract</title><creator id="17dd4489-ee9c-414a-b99b-871873f3d335"><organizationName>SERNEC</organizationName><electronicMailAddress>herrick.brown@gmail.com</electronicMailAddress><onlineUrl>http://sernecportal.org/portal/index.php</onlineUrl></creator><metadataProvider><organizationName>SERNEC</organizationName><electronicMailAddress>herrick.brown@gmail.com</electronicMailAddress><onlineUrl>http://sernecportal.org/portal/index.php</onlineUrl></metadataProvider><pubDate>2018-10-11</pubDate><language>eng</language></dataset><additionalMetadata><metadata><symbiota><dateStamp>2018-10-11T12:24:35-07:00</dateStamp><citation identifier="0be56c36-1a69-4aab-8eda-b49f8a23ecde">SERNEC - 0be56c36-1a69-4aab-8eda-b49f8a23ecde</citation><physical><characterEncoding>ISO-8859-1</characterEncoding><dataFormat><externallyDefinedFormat><formatName>Darwin Core Archive</formatName></externallyDefinedFormat></dataFormat></physical><collection identifier="a2e32c87-d320-4a01-bafd-a9182ae2e191" id="1"><alternateIdentifier>http://sernecportal.org/portal/collections/misc/collprofiles.php?collid=1</alternateIdentifier><parentCollectionIdentifier>ASU</parentCollectionIdentifier><collectionIdentifier>Plants</collectionIdentifier><collectionName>Arizona State University Vascular Plant Herbarium</collectionName><resourceLogoUrl>http://swbiodiversity.org/seinet/content/collicon/asu-plants.jpg</resourceLogoUrl><onlineUrl>https://biokic.asu.edu/vascular-plant-herbarium</onlineUrl><intellectualRights>http://creativecommons.org/licenses/by-nc/3.0/</intellectualRights><associatedParty><userId>648</userId><individualName>Liz Makings</individualName><surname>Makings</surname><givenname>Liz</givenname><electronicMailAddress>elizabeth.makings@asu.edu</electronicMailAddress><positionName>Herbarium Collections Manager</positionName></associatedParty><abstract><para>The Arizona State University Vascular Plant Herbarium is the second largest in the Arid Southwest with over 285,000 specimens. Our collection of Cactaceae is one of the best in the world, being particularly rich in cytological vouchers. &lt;br/&gt;&lt;br/&gt;ASU Type Specimens: &lt;a href="http://swbiodiversity.org/seinet/checklists/checklist.php?cl=2638"&gt;http://swbiodiversity.org/seinet/checklists/checklist.php?cl=2638&lt;/a&gt;&lt;br/&gt;&lt;br/&gt;</para></abstract></collection><collection identifier="edb9860c-c481-4d19-88cc-224a536ebcd4" id="5"><alternateIdentifier>http://sernecportal.org/portal/collections/misc/collprofiles.php?collid=5</alternateIdentifier><parentCollectionIdentifier>DES</parentCollectionIdentifier><collectionIdentifier></collectionIdentifier><collectionName>Desert Botanical Garden Herbarium</collectionName><resourceLogoUrl>http://swbiodiversity.org/seinet/content/collicon/des.jpg</resourceLogoUrl><onlineUrl>http://www.dbg.org/</onlineUrl><intellectualRights>http://creativecommons.org/licenses/by-nc/3.0/</intellectualRights><associatedParty><userId>993</userId><individualName>Andrew Salywon</individualName><surname>Salywon</surname><givenname>Andrew</givenname><electronicMailAddress>asalywon@dbg.org</electronicMailAddress></associatedParty><associatedParty><userId>1265</userId><individualName>Desert Botanical Garden</individualName><surname>Desert Botanical Garden</surname><electronicMailAddress>asalywon@dbg.org</electronicMailAddress></associatedParty><abstract><para>Over 87000 specimens in collection, with emphasis on plants of the Southwest and northern Mexico, Cactaceae and Agavaceae. &lt;div style="margin-top:10px"&gt;&lt;b&gt;Curator:&lt;/b&gt; Andrew Salywon &lt;/div&gt; &lt;div style="margin-top:10px"&gt;&lt;b&gt;Curator Emerita:&lt;/b&gt; Wendy C. Hodgson (whodgson[at]dbg.org) &lt;/div&gt; &lt;b&gt;Collections Manager:&lt;/b&gt; Sarah Hunkins (shunkins[at]dbg.org) &lt;/div&gt;</para></abstract></collection><collection identifier="343cbd43-46a3-4534-9465-ffb0b1132d62" id="9"><alternateIdentifier>http://sernecportal.org/portal/collections/misc/collprofiles.php?collid=9</alternateIdentifier><parentCollectionIdentifier>UCR</parentCollectionIdentifier><collectionIdentifier></collectionIdentifier><collectionName>University of California, Riverside Plant Herbarium</collectionName><resourceLogoUrl>http://swbiodiversity.org/seinet/content/collicon/ucr.jpg</resourceLogoUrl><onlineUrl>http://herbarium.ucr.edu/Herbarium.html</onlineUrl><intellectualRights>http://creativecommons.org/licenses/by-nc/3.0/</intellectualRights><abstract></abstract><associatedParty><userId>1752</userId><individualName>Andrew Sanders</individualName><surname>Sanders</surname><givenname>Andrew</givenname><electronicMailAddress>andrew.sanders@ucr.edu</electronicMailAddress><positionName>Sr. Museum Scientist/Herbarium Curator</positionName></associatedParty></collection><collection identifier="3bc468fd-522b-4e40-b52c-5668c979b865" id="22"><alternateIdentifier>http://sernecportal.org/portal/collections/misc/collprofiles.php?collid=22</alternateIdentifier><parentCollectionIdentifier>NMC</parentCollectionIdentifier><collectionIdentifier></collectionIdentifier><collectionName>New Mexico State University Herbarium</collectionName><resourceLogoUrl>http://polyploid.net/NMC/NMC_tiny.jpg</resourceLogoUrl><onlineUrl>http://biology-web.nmsu.edu/herbarium/</onlineUrl><intellectualRights>http://creativecommons.org/licenses/by-nc/3.0/</intellectualRights><abstract></abstract><associatedParty><individualName>Sara Fuentes-Soriano</individualName><electronicMailAddress>sfuensor@ad.nmsu.edu</electronicMailAddress></associatedParty></collection><collection identifier="b39167b5-1732-4bbf-aeda-9b8ede470fbd" id="40"><alternateIdentifier>http://sernecportal.org/portal/collections/misc/collprofiles.php?collid=40</alternateIdentifier><parentCollectionIdentifier>NY</parentCollectionIdentifier><collectionIdentifier></collectionIdentifier><collectionName>New York Botanical Garden</collectionName><resourceLogoUrl>http://swbiodiversity.org/seinet/content/collicon/ny.jpg</resourceLogoUrl><onlineUrl>http://sciweb.nybg.org/science2/SteereHerbarium.asp</onlineUrl><intellectualRights>http://creativecommons.org/licenses/by-nc/3.0/</intellectualRights><associatedParty><userId>1305</userId><individualName>barbara Thiers</individualName><surname>Thiers</surname><givenname>barbara</givenname><electronicMailAddress>bthiers@nybg.org</electronicMailAddress><positionName>Director of the Herbarium</positionName></associatedParty><abstract><para>With more than 7.8 million preserved specimens, the William and Lynda Steere Herbarium is the largest herbarium in the Western Hemisphere.</para></abstract></collection><collection identifier="6c244ca0-69a1-46f9-b16d-5303db8fd0f1" id="106"><alternateIdentifier>http://sernecportal.org/portal/collections/misc/collprofiles.php?collid=106</alternateIdentifier><parentCollectionIdentifier>BRY</parentCollectionIdentifier><collectionIdentifier>V</collectionIdentifier><collectionName>Brigham Young University, S. L. Welsh Herbarium</collectionName><resourceLogoUrl>http://swbiodiversity.org/seinet/content/collicon/bry.gif</resourceLogoUrl><onlineUrl>http://mlbean.byu.edu/ResearchCollections/Collections/VascularPlants.aspx</onlineUrl><intellectualRights>http://creativecommons.org/licenses/by-nc/3.0/</intellectualRights><additionalInfo>Brigham Young University</additionalInfo><associatedParty><individualName>Robert Johnson / Leigh Johnson</individualName><electronicMailAddress>bry.db@byu.edu</electronicMailAddress></associatedParty><abstract><para>&lt;b&gt;Note: We reorganized our image file structure on our server out of necessity; most specimen images will not be viewable until a solution for remapping images is developed.&lt;/b&gt;&lt;br&gt;&lt;br&gt; &lt;b&gt;Vascular Plants. &lt;/b&gt;The herbarium has completed databasing the non-seed vascular plants, gymnosperms, and most monocots (still working on the grasses). Dicots are an ongoing effort; they are only complete for select groups and recently cataloged material. Some records that are incomplete, duplicate sheets, or that otherwise need additional attention may not be uploaded for searching here.&lt;br&gt;&lt;br&gt;The herbarium at BYU is recognized by the Index Herbariorum acronym 'BRY'. 'V' indicates the vascular plant portion of BRY housed in the S.L. Welsh Herbarium. The S.L. Welsh herbarium also houses a smaller collection gifted to Brigham Young University from the Ogden Forest Service, which maintains its Index Herbariorum acronym 'OGDF'. BRY also encompasses the Herbarium of Non-Vascular Cryptogams (including lichenized fungi), which is administered independently and curated by Steven Leavitt and emeritus curator Larry L. St.Clair. &lt;br&gt;&lt;br&gt;Information made available here electronically, including specimen data and images, has been produced by support from Brigham Young University, NSF grant DBI&#8211;1203616, the Grand Canyon Trust, and a Utah-BLM Challenge Cost-Share agreement. Any opinions, findings, and conclusions or recommendations expressed in this material are those of our herbarium and do not necessarily reflect the views of the National Science Foundation or other supporting agencies. &lt;br&gt;&lt;br&gt; &lt;b&gt;Please acknowledge the use of BRY/OGDF specimens in publications or products that have benefitted from the use of these data.&lt;/b&gt;&lt;br&gt;&lt;hr&gt;</para></abstract></collection><collection identifier="5082277f-dd49-4b22-9e2d-746d2fb233b4" id="151"><alternateIdentifier>http://sernecportal.org/portal/collections/misc/collprofiles.php?collid=151</alternateIdentifier><parentCollectionIdentifier>FSU</parentCollectionIdentifier><collectionIdentifier></collectionIdentifier><collectionName>Florida State University's Robert K. Godfrey Herbarium</collectionName><resourceLogoUrl>http://sernecportal.org/portal/content/collicon/fsu.png</resourceLogoUrl><onlineUrl>http://herbarium.bio.fsu.edu/</onlineUrl><intellectualRights>http://creativecommons.org/licenses/by-nc/3.0/</intellectualRights><additionalInfo>The Florida State University</additionalInfo><associatedParty><userId>5081</userId><individualName>Austin Mast</individualName><surname>Mast</surname><givenname>Austin</givenname><electronicMailAddress>amast@bio.fsu.edu</electronicMailAddress></associatedParty><abstract><para>The collection contains &gt;220,000 specimens that document the distribution and natural variation of plants and algae worldwide, with a special focus on the 2,400 species of plants found in N FL--one of North America's biodiversity hotspots--and the microalgae of Florida's Gulf and Atlantic coasts.</para></abstract></collection><collection identifier="120a109a-fef1-4ea6-b7d7-6a5f8f0e5c18" id="157"><alternateIdentifier>http://sernecportal.org/portal/collections/misc/collprofiles.php?collid=157</alternateIdentifier><parentCollectionIdentifier>MO</parentCollectionIdentifier><collectionIdentifier></collectionIdentifier><collectionName>Missouri Botanical Garden</collectionName><resourceLogoUrl>http://swbiodiversity.org/seinet/content/collicon/mo.jpg</resourceLogoUrl><onlineUrl>http://www.mobot.org</onlineUrl><intellectualRights>http://creativecommons.org/licenses/by/3.0/</intellectualRights><additionalInfo>Missouri Botanical Garden</additionalInfo><associatedParty><individualName>Jim Solomon</individualName><electronicMailAddress>jim.solomon@mobot.org</electronicMailAddress></associatedParty><abstract><para>Plants are essential to sustaining the stability and quality of human life on this planet. At the Missouri Botanical Garden, we have dedicated ourselves to helping conserve biological diversity while there is still something left to protect. Our research provides scientific information essential to decision makers, from conservation and land use to social and environmental policy. We have taken the lead in making information widely accessible via the Internet, maintaining the world's largest botanical database and the premier botanical website, TROPICOS. Garden scientists conduct the most productive and geographically widespread botanical research program in the world. A tiny sample of its herbarium records are presented here; providing more will require funding.</para></abstract></collection><collection identifier="7a265b8e-90e3-42e9-9a7d-f86f6e810fba" id="160"><alternateIdentifier>http://sernecportal.org/portal/collections/misc/collprofiles.php?collid=160</alternateIdentifier><parentCollectionIdentifier>ARCH</parentCollectionIdentifier><collectionIdentifier>herbarium</collectionIdentifier><collectionName>Archbold Biological Station</collectionName><resourceLogoUrl>http://nansh.org/portal/content/collicon/arch-herbarium.jpg</resourceLogoUrl><onlineUrl>http://www.archbold-station.org/</onlineUrl><intellectualRights>http://creativecommons.org/licenses/by-nc/3.0/</intellectualRights><associatedParty><userId>2127</userId><individualName>Eric Menges</individualName><surname>Menges</surname><givenname>Eric</givenname><electronicMailAddress>emenges@archbold-station.org</electronicMailAddress></associatedParty><abstract><para>The Archbold Biological Station herbarium has over 4200 vascular plant specimens and is located in the laboratory of the Plant Ecology Program in the Richard Archbold Research Center at Archbold Biological Station in Lake Placid, FL. The collection consists predominately of plants collected from central and south Florida, with a strong emphasis on the southern Lake Wales Ridge near and on the property of Archbold Biological Station. Additional collections include bryophytes and lichens. The Archbold Biological Station is also known as the Leonard J. Brass Herbarium, named in honor of worldwide plant collector, palm expert, explorer, conservationist, and botanist, L.J. Brass (1900-1971). Dr. Brass founded this herbarium and collected the majority of its specimens. In February 2010, we also dedicated this collection to Dorothy Mundell, in appreciation of her long-time service to the herbarium. Carl Weekley and Rebecca Yahr also made significant contributions to the ABS herbarium. Eric Menges is currently the curator. Nomenclature used as determined by Wunderlin (http://florida.plantatlas.usf.edu/) or (http://plants.usda.gov)</para></abstract></collection><collection identifier="1aa6c2f0-e623-4c4d-8d69-0490033222a5" id="172"><alternateIdentifier>http://sernecportal.org/portal/collections/misc/collprofiles.php?collid=172</alternateIdentifier><parentCollectionIdentifier>GSW</parentCollectionIdentifier><collectionIdentifier></collectionIdentifier><collectionName>Georgia Southwestern State University Herbarium</collectionName><resourceLogoUrl>http://sernecportal.org/portal/content/collicon/gsw.jpg</resourceLogoUrl><onlineUrl></onlineUrl><intellectualRights>http://creativecommons.org/licenses/by-nc/3.0/</intellectualRights><associatedParty><userId>2191</userId><individualName>Stephanie Harvey</individualName><surname>Harvey</surname><givenname>Stephanie</givenname><electronicMailAddress>sharvey@gsw.edu</electronicMailAddress><positionName>Associate Professor of Biology</positionName></associatedParty><abstract><para>Georgia Southwestern State University Herbarium in Americus, Georgia houses the Norris Collection. This collection was compiled by the late Dr. Robert A Norris. His collection is rather cosmopolitan with a concentration in the American Southwest.</para></abstract></collection><collection identifier="bee3f1bd-8944-4593-8c37-d64a7c9bc1e1" id="175"><alternateIdentifier>http://sernecportal.org/portal/collections/misc/collprofiles.php?collid=175</alternateIdentifier><parentCollectionIdentifier>HPC</parentCollectionIdentifier><collectionIdentifier></collectionIdentifier><collectionName>Howard Payne University Herbarium</collectionName><resourceLogoUrl>http://swbiodiversity.org/seinet/content/collicon/hpc.jpg</resourceLogoUrl><onlineUrl>http://academics.hputx.edu/biology/herbarium/herbarium.htm</onlineUrl><intellectualRights>http://creativecommons.org/licenses/by/3.0/</intellectualRights><additionalInfo>Howard Payne University</additionalInfo><associatedParty><userId>2413</userId><individualName>Marilyn Mathis</individualName><surname>Mathis</surname><givenname>Marilyn</givenname><electronicMailAddress>mmathis@hputx.edu</electronicMailAddress></associatedParty><abstract><para>The Howard Payne University Herbarium was founded in 1965 and now includes about 60,000 specimens. It is particularly rich in specimens from Central Texas, particularly the Edwards Plateau, and Sonora and Baja Mexico, Mexico and has strong holdings of ferns from Texas. Its notable collectors include J.L. Blassingame, U.T. Waterfall, W.T. McCart, C.M. Rowell, Jr. and J. Stanford.</para></abstract></collection><collection identifier="0fdd3b88-7ca2-48ad-92e0-23e26acec000" id="193"><alternateIdentifier>http://sernecportal.org/portal/collections/misc/collprofiles.php?collid=193</alternateIdentifier><parentCollectionIdentifier>EKY</parentCollectionIdentifier><collectionIdentifier></collectionIdentifier><collectionName>Eastern Kentucky University, Ronald L. Jones Herbarium</collectionName><resourceLogoUrl>http://sernecportal.org/portal/content/collicon/eky2.jpg</resourceLogoUrl><onlineUrl>http://herbarium.eku.edu/</onlineUrl><intellectualRights>http://creativecommons.org/licenses/by-nc/3.0/</intellectualRights><associatedParty><userId>4774</userId><individualName>Brad Ruhfel</individualName><surname>Ruhfel</surname><givenname>Brad</givenname><electronicMailAddress>brad.ruhfel@eku.edu</electronicMailAddress><positionName>Associate Professor &amp; Curator</positionName></associatedParty><abstract><para>The EKU Herbarium (EKY) contains ~77,000 specimens and is the largest collection in Kentucky, and the second largest in the Kentucky-Tennessee region (surpassed only by the University of Tennessee). Most specimens are from central and eastern Kentucky, but also there is a good representation of western Kentucky and of the southeastern United States. There is also a set of woody plant specimens recently collected in Costa Rica. Nearly all specimens are of vascular plants. A number of important sets of specimens are housed at EKY, including sets from Lilley Cornett Woods, Maywoods Environmental and Educational Laboratory, Pine Mountain, Breaks Interstate Park, Brodhead Swamp, the headwater regions of the Green River, collections from the Kentucky State Nature Preserves Commission, collections of Mary Wharton, E.T. Browne, Raymond Athey, and county collections from Madison, Estill, Jackson, and Garrard Counties.</para></abstract></collection><collection identifier="2bed6ae5-afde-45bb-95a9-c4918414f02d" id="196"><alternateIdentifier>http://sernecportal.org/portal/collections/misc/collprofiles.php?collid=196</alternateIdentifier><parentCollectionIdentifier>BOON</parentCollectionIdentifier><collectionIdentifier></collectionIdentifier><collectionName>Appalachian State University, I. W. Carpenter, Jr. Herbarium</collectionName><resourceLogoUrl>http://sernecportal.org/portal/content/collicon/boon.jpg</resourceLogoUrl><onlineUrl>http://herbarium.appstate.edu/</onlineUrl><intellectualRights>http://creativecommons.org/publicdomain/zero/1.0/</intellectualRights><associatedParty><userId>4811</userId><individualName>Zack Murrell</individualName><surname>Murrell</surname><givenname>Zack</givenname><electronicMailAddress>murrellze@appstate.edu</electronicMailAddress><positionName>Curator</positionName></associatedParty><abstract><para>The I.W. Carpenter, Jr. Herbarium contains 30,220 as of 6/7/18. The three main functions of the ASU Herbarium are for teaching, maintenance of vouchers, and development of a research herbarium with a focus on the flora of the Southern Appalachians.</para></abstract></collection><collection identifier="fbad47d8-6a83-4e5c-bbfc-625c2516f81a" id="213"><alternateIdentifier>http://sernecportal.org/portal/collections/misc/collprofiles.php?collid=213</alternateIdentifier><parentCollectionIdentifier>MEM</parentCollectionIdentifier><collectionIdentifier></collectionIdentifier><collectionName>University of Memphis Herbarium</collectionName><resourceLogoUrl>http://swbiodiversity.org/seinet/content/collicon/mem.jpg</resourceLogoUrl><onlineUrl>http://www.memphis.edu/herbarium</onlineUrl><intellectualRights>http://creativecommons.org/publicdomain/zero/1.0/</intellectualRights><associatedParty><userId>4903</userId><individualName>Darrell Brandon</individualName><surname>Brandon</surname><givenname>Darrell</givenname><electronicMailAddress>d.brandon@memphis.edu</electronicMailAddress><positionName>Collections Manager</positionName></associatedParty><abstract><para>The original Raymond Athey Herbarium collection at the University of Memphis was orphaned in the 1980s. Approximately 60,000(?) specimens from the collection were transferred to TENN and EKY in the early 2000s, but many of the accessions were left behind. Beginning in 2014, the new University of Memphis Herbarium was built on the roughly 18,000 specimens that remained. The present collection consists of vascular plants from the Southeastern US, predominantly those of Kentucky (44%) and Tennessee (23%).&lt;br /&gt;&lt;br /&gt;&lt;span style="color:#7F7E52;font-size:120%;"&gt;&lt;b&gt;Current research and collection emphasis is on the plants of West Tennessee.&lt;/b&gt;&lt;/span&gt;&lt;br /&gt;&lt;br /&gt;&lt;hr&gt;&lt;br /&gt;&lt;br /&gt;</para></abstract></collection><collection identifier="911b86de-e453-4ca8-ba98-b2bfc1f6ebfa" id="219"><alternateIdentifier>http://sernecportal.org/portal/collections/misc/collprofiles.php?collid=219</alternateIdentifier><parentCollectionIdentifier>IBE</parentCollectionIdentifier><collectionIdentifier></collectionIdentifier><collectionName>Institute for Botanical Exploration</collectionName><resourceLogoUrl>http://sernecportal.org/portal/content/collicon/ibe.jpg</resourceLogoUrl><onlineUrl></onlineUrl><intellectualRights>http://creativecommons.org/licenses/by-nc/3.0/</intellectualRights><associatedParty><userId>4887</userId><individualName>Lucile McCook</individualName><surname>McCook</surname><givenname>Lucile</givenname><electronicMailAddress>bymccook@olemiss.edu</electronicMailAddress><positionName>Curator, Pullen Herbarium</positionName></associatedParty><abstract><para>Founded in 1962, the Institute for Botanical Exploration has 235 000 holdings specializing in Lichens, bryophytes, and vascular plants worldwide, emphasis on Alaska, Mississippi, and adjacent states; tropical America (especially Amazon region).</para></abstract></collection><collection identifier="afa92649-e7ab-404c-8650-5a31604ff168" id="249"><alternateIdentifier>http://sernecportal.org/portal/collections/misc/collprofiles.php?collid=249</alternateIdentifier><parentCollectionIdentifier>FLAS</parentCollectionIdentifier><collectionIdentifier></collectionIdentifier><collectionName>University of Florida Herbarium</collectionName><resourceLogoUrl>http://sernecportal.org/portal/content/collicon/FLAS-.jpg</resourceLogoUrl><onlineUrl>http://www.floridamuseum.ufl.edu/herbarium</onlineUrl><intellectualRights>http://creativecommons.org/licenses/by-nc/3.0/</intellectualRights><additionalInfo>University of Florida</additionalInfo><abstract></abstract><associatedParty><userId>5047</userId><individualName>Kent Perkins</individualName><surname>Perkins</surname><givenname>Kent</givenname><electronicMailAddress>kperkins@flmnh.ufl.edu</electronicMailAddress><positionName>Collection Manager</positionName></associatedParty></collection><collection identifier="58ab88f3-0034-461c-9c44-9e525c4d360f" id="253"><alternateIdentifier>http://sernecportal.org/portal/collections/misc/collprofiles.php?collid=253</alternateIdentifier><parentCollectionIdentifier>VT</parentCollectionIdentifier><collectionIdentifier></collectionIdentifier><collectionName>University of Vermont, Pringle Herbarium, vascular plants excluding those from New England</collectionName><resourceLogoUrl>http://swbiodiversity.org/seinet/content/collicon/vt.gif</resourceLogoUrl><onlineUrl>http://www.uvm.edu/~plantbio/pringle/</onlineUrl><intellectualRights>http://creativecommons.org/licenses/by-nc/3.0/</intellectualRights><additionalInfo>University of Vermont</additionalInfo><associatedParty><userId>4888</userId><individualName>Dorothy Allard</individualName><surname>Allard</surname><givenname>Dorothy</givenname><electronicMailAddress>Djallard@uvm.edu</electronicMailAddress><positionName>Research Faculty, Plant Biology Dept.</positionName></associatedParty><abstract><para>The Pringle Herbarium (VT) contains 300,000 specimens, including vascular plants, bryophytes, lichens, algae and fungi. Of these, this portal will contain about 180,000 vascular plant specimens, including all vascular plant specimens except for those from New England. Other digitization projects cover type specimens, vascular plant specimens from New England, North American bryophytes and lichens, macroalgae and macrofungi. These images and data are available through various other portals. The herbarium does not maintain its own online database.</para></abstract></collection><collection identifier="024f44f2-a2f5-4daa-b306-c11efb5aa4d0" id="254"><alternateIdentifier>http://sernecportal.org/portal/collections/misc/collprofiles.php?collid=254</alternateIdentifier><parentCollectionIdentifier>NCSC</parentCollectionIdentifier><collectionIdentifier></collectionIdentifier><collectionName>North Carolina State University Vascular Plant Herbarium</collectionName><resourceLogoUrl>http://swbiodiversity.org/seinet/content/collicon/ncsc.png</resourceLogoUrl><onlineUrl>http://herbarium.ncsu.edu</onlineUrl><intellectualRights>http://creativecommons.org/licenses/by-nc/3.0/</intellectualRights><abstract></abstract><associatedParty><userId>5103</userId><individualName>Alexander Krings</individualName><surname>Krings</surname><givenname>Alexander</givenname><electronicMailAddress>akrings@ncsu.edu</electronicMailAddress></associatedParty></collection><collection identifier="urn:lsid:biocol.org:col:15610" id="258"><alternateIdentifier>http://sernecportal.org/portal/collections/misc/collprofiles.php?collid=258</alternateIdentifier><parentCollectionIdentifier>GA</parentCollectionIdentifier><collectionIdentifier></collectionIdentifier><collectionName>University of Georgia Herbarium</collectionName><resourceLogoUrl>http://sernecportal.org/portal/content/collicon/ga_new.jpg</resourceLogoUrl><onlineUrl>http://www.plantbio.uga.edu/herbarium/</onlineUrl><intellectualRights>http://creativecommons.org/licenses/by-nc/3.0/</intellectualRights><abstract></abstract><associatedParty><individualName>Wendy B. Zomlefer</individualName><electronicMailAddress>wendyz@uga.edu</electronicMailAddress></associatedParty></collection><collection identifier="43b9d43a-603f-4c5b-8592-4bea1cea1415" id="269"><alternateIdentifier>http://sernecportal.org/portal/collections/misc/collprofiles.php?collid=269</alternateIdentifier><parentCollectionIdentifier>FUGR</parentCollectionIdentifier><collectionIdentifier></collectionIdentifier><collectionName>Furman University, Ives Herbarium</collectionName><resourceLogoUrl>http://sernecportal.org/portal/content/collicon/Furman_belltower.jpg</resourceLogoUrl><onlineUrl></onlineUrl><intellectualRights>http://creativecommons.org/licenses/by-nc/3.0/</intellectualRights><abstract></abstract><associatedParty><userId>5153</userId><individualName>Joe Pollard</individualName><surname>Pollard</surname><givenname>Joe</givenname><electronicMailAddress>joe.pollard@furman.edu</electronicMailAddress><positionName>Professor of Biology</positionName></associatedParty></collection><collection identifier="7dece43d-d2b5-4e14-b8f0-1f644400ced9" id="275"><alternateIdentifier>http://sernecportal.org/portal/collections/misc/collprofiles.php?collid=275</alternateIdentifier><parentCollectionIdentifier>BDI</parentCollectionIdentifier><collectionIdentifier></collectionIdentifier><collectionName>Putnam Museum and Science Center</collectionName><resourceLogoUrl>http://swbiodiversity.org/seinet/content/collicon/bdi.jpg</resourceLogoUrl><onlineUrl>http://www.putnam.org/</onlineUrl><intellectualRights>http://creativecommons.org/publicdomain/zero/1.0/</intellectualRights><associatedParty><userId>2114</userId><individualName>Nick Stoynoff</individualName><surname>Stoynoff</surname><givenname>Nick</givenname><electronicMailAddress>mr_sto@att.net</electronicMailAddress></associatedParty><abstract><para>The Putnam Museum &amp; Science Center herbarium holds nearly 19,000 specimens. Contributions to the collection, made by approximately 450 botanists, span the years 1834 to 1989 and represent 20 countries. The herbarium is largely of North American origin (92%). Though 46 U.S. states and Washington, D.C. are represented, nearly half of the specimens are from Iowa and Illinois (48%), due to extensive collecting completed to document the flora of the Quad Cities region. Angiosperms predominate (92%), but pteridophytes (3.5%), bryophytes (2.6%), and algae (1.2%) are also present. Of the approximately 1450 genera in 314 families in the herbarium, the Asteraceae, Cyperaceae, Fabaceae, Poaceae, and Rosaceae combined make up 38% of the total.</para></abstract></collection><collection identifier="7105565b-6cd4-400b-917b-fa3d8da78576" id="282"><alternateIdentifier>http://sernecportal.org/portal/collections/misc/collprofiles.php?collid=282</alternateIdentifier><parentCollectionIdentifier>MWCF</parentCollectionIdentifier><collectionIdentifier></collectionIdentifier><collectionName>University of Mary Washington Herbarium</collectionName><onlineUrl>http://umwplantcollections.net/herbarium/</onlineUrl><intellectualRights>http://creativecommons.org/licenses/by-nc/3.0/</intellectualRights><abstract></abstract><associatedParty><userId>5421</userId><individualName>Jill Spear</individualName><surname>Spear</surname><givenname>Jill</givenname><electronicMailAddress>jspear@umw.edu</electronicMailAddress><positionName>Assistant Herbarium Curator</positionName></associatedParty><associatedParty><userId>5438</userId><individualName>April Wynn</individualName><surname>Wynn</surname><givenname>April</givenname><electronicMailAddress>awynn@umw.edu</electronicMailAddress><positionName>Assistant Professor of Biological Sciences</positionName></associatedParty></collection><collection identifier="e8f99ed1-7381-46ed-b5a2-e24693d6d76f" id="286"><alternateIdentifier>http://sernecportal.org/portal/collections/misc/collprofiles.php?collid=286</alternateIdentifier><parentCollectionIdentifier>UNA</parentCollectionIdentifier><collectionIdentifier></collectionIdentifier><collectionName>University of Alabama</collectionName><resourceLogoUrl>http://sernecportal.org/portal/content/collicon/una.png</resourceLogoUrl><onlineUrl>http://herbarium.as.ua.edu</onlineUrl><intellectualRights>http://creativecommons.org/licenses/by-nc/3.0/</intellectualRights><abstract></abstract><associatedParty><userId>5235</userId><individualName>Steven Ginzbarg</individualName><surname>Ginzbarg</surname><givenname>Steven</givenname><electronicMailAddress>sginzbar@ua.edu</electronicMailAddress><positionName>Mr.</positionName></associatedParty></collection><collection identifier="47f1e55d-9d74-4348-8f0d-c3b10a3b2e37" id="289"><alternateIdentifier>http://sernecportal.org/portal/collections/misc/collprofiles.php?collid=289</alternateIdentifier><parentCollectionIdentifier>URV</parentCollectionIdentifier><collectionIdentifier></collectionIdentifier><collectionName>University of Richmond Herbarium</collectionName><onlineUrl>https://facultystaff.richmond.edu/~jhayden/herbarium_page/herbarium.html</onlineUrl><intellectualRights>http://creativecommons.org/licenses/by-nc/3.0/</intellectualRights><abstract></abstract><associatedParty><userId>5810</userId><individualName>W. John Hayden</individualName><surname>Hayden</surname><givenname>W. John</givenname><electronicMailAddress>jhayden@richmond.edu</electronicMailAddress><positionName>Professor of Biology</positionName></associatedParty></collection><collection identifier="565b6f19-288f-4614-a4c9-b09448e96547" id="312"><alternateIdentifier>http://sernecportal.org/portal/collections/misc/collprofiles.php?collid=312</alternateIdentifier><parentCollectionIdentifier>TENN</parentCollectionIdentifier><collectionIdentifier></collectionIdentifier><collectionName>University of Tennessee</collectionName><resourceLogoUrl>http://swbiodiversity.org/seinet/content/collicon/tenn.png</resourceLogoUrl><onlineUrl>http://tenn.bio.utk.edu/vascular/vascular.shtml</onlineUrl><intellectualRights>http://creativecommons.org/publicdomain/zero/1.0/</intellectualRights><abstract></abstract><associatedParty><individualName>B. Wofford</individualName><electronicMailAddress>bewofford@utk.edu</electronicMailAddress></associatedParty></collection><collection identifier="9dfcfa40-7b9f-46ec-bec9-210cd5fa1d49" id="317"><alternateIdentifier>http://sernecportal.org/portal/collections/misc/collprofiles.php?collid=317</alternateIdentifier><parentCollectionIdentifier>CONV</parentCollectionIdentifier><collectionIdentifier></collectionIdentifier><collectionName>Converse College Herbarium</collectionName><resourceLogoUrl>http://sernecportal.org/portal/content/collicon/conv.jpg</resourceLogoUrl><onlineUrl>http://sweetgum.nybg.org/science/ih/herbarium_details.php?irn=124337</onlineUrl><intellectualRights>http://creativecommons.org/publicdomain/zero/1.0/</intellectualRights><abstract></abstract><associatedParty><userId>6084</userId><individualName>Douglas Jensen</individualName><surname>Jensen</surname><givenname>Douglas</givenname><electronicMailAddress>doug.jensen@converse.edu</electronicMailAddress></associatedParty></collection><collection identifier="a3883acd-bc7d-40f2-a6e4-372a3435e5d1" id="328"><alternateIdentifier>http://sernecportal.org/portal/collections/misc/collprofiles.php?collid=328</alternateIdentifier><parentCollectionIdentifier>CM</parentCollectionIdentifier><collectionIdentifier></collectionIdentifier><collectionName>Carnegie Museum of Natural History Herbarium</collectionName><resourceLogoUrl>http://intermountainbiota.org/portal/content/collicon/cm.jpg</resourceLogoUrl><onlineUrl>http://www.carnegiemnh.org/botany/collection.html</onlineUrl><intellectualRights>http://creativecommons.org/publicdomain/zero/1.0/</intellectualRights><additionalInfo>Carnegie Museum of Natural History</additionalInfo><associatedParty><userId>6197</userId><individualName>Bonnie Isaac</individualName><surname>Isaac</surname><givenname>Bonnie</givenname><electronicMailAddress>IsaacB@CarnegieMNH.org</electronicMailAddress></associatedParty><abstract><para>The Carnegie Museum herbarium (CM) has over 530,000 worldwide vascular plant specimens as well as the best representation in any herbarium of specimens from western Pennsylvania and the Upper Ohio Basin. CM holds the private herbarium of Hannibal and Tyrecca Davis containing 20,000 specimens with a concentration on Rubus (Rosaceae).</para></abstract></collection><collection identifier="f08f07c6-fb9a-4b6b-b008-732821e604e3" id="332"><alternateIdentifier>http://sernecportal.org/portal/collections/misc/collprofiles.php?collid=332</alternateIdentifier><parentCollectionIdentifier>MARY</parentCollectionIdentifier><collectionIdentifier></collectionIdentifier><collectionName>University of Maryland, Norton-Brown Herbarium</collectionName><resourceLogoUrl>http://midatlanticherbaria.org/portal/content/collicon/mary.gif</resourceLogoUrl><onlineUrl>http://nbh.psla.umd.edu</onlineUrl><intellectualRights>http://creativecommons.org/publicdomain/zero/1.0/</intellectualRights><associatedParty><userId>6588</userId><individualName>Maile Neel</individualName><surname>Neel</surname><givenname>Maile</givenname><electronicMailAddress>mneel@umd.edu</electronicMailAddress><positionName>Associate Professor</positionName></associatedParty><abstract><para>Mainly vascular plants of Maryland and Chesapeake Bay area, mid-Atlantic states, and western U.S.; Guam; Malvaceae; Marcgraviaceae; Polygonaceae</para></abstract></collection><collection identifier="ce5d3f76-3855-4cda-aaf9-fce6d12f7bfb" id="335"><alternateIdentifier>http://sernecportal.org/portal/collections/misc/collprofiles.php?collid=335</alternateIdentifier><parentCollectionIdentifier>SIM</parentCollectionIdentifier><collectionIdentifier></collectionIdentifier><collectionName>Staten Island Museum</collectionName><resourceLogoUrl>http://midatlanticherbaria.org/portal/content/collicon/sim.gif</resourceLogoUrl><onlineUrl>http://www.statenislandmuseum.org</onlineUrl><intellectualRights>http://creativecommons.org/licenses/by-nc/4.0/</intellectualRights><associatedParty><individualName>Audrey Malachowsky</individualName><electronicMailAddress>amalachowsky@statenislandmuseum.org</electronicMailAddress></associatedParty><abstract><para>The Staten Island Museum herbarium (SIM) contains over 25,000 specimens, focused on the flora of Staten Island and the northeastern United States. It is a complete record of the flora of Staten Island, from the 1860s to the present. The core of the herbarium was donated by co-founders Arthur Hollick and Nathaniel Lord Britton, and is composed of specimens they collected during the 1870s-1880s. Specialized sub-collections include hybrid oaks (Hollick/Britton/Davis) and hybrid violets and ferns (Philip Dowell). Aside from vascular plants, the collection also contains mosses, lichens, algae, fungi and slime molds.</para></abstract></collection><collection identifier="6f888563-ead9-4176-b337-448730c3f9dd" id="348"><alternateIdentifier>http://sernecportal.org/portal/collections/misc/collprofiles.php?collid=348</alternateIdentifier><parentCollectionIdentifier>NO</parentCollectionIdentifier><collectionIdentifier></collectionIdentifier><collectionName>Tulane Herbarium</collectionName><onlineUrl>http://www.tulane.edu/~darwin/Herbarium/herbarium_index.htm</onlineUrl><intellectualRights>http://creativecommons.org/publicdomain/zero/1.0/</intellectualRights><abstract></abstract><associatedParty><userId>4901</userId><individualName>Jennifer Kluse</individualName><surname>Kluse</surname><givenname>Jennifer</givenname><electronicMailAddress>jkluse@lsu.edu</electronicMailAddress><positionName>Collections Manager</positionName></associatedParty></collection><collection identifier="fea81a47-2365-45cc-bef9-b6bbff7457e6" id="370"><alternateIdentifier>http://sernecportal.org/portal/collections/misc/collprofiles.php?collid=370</alternateIdentifier><parentCollectionIdentifier>BRIT</parentCollectionIdentifier><collectionIdentifier></collectionIdentifier><collectionName>BRIT Philecology Herbarium</collectionName><resourceLogoUrl>http://portal.torcherbaria.org/portal/content/collicon/brit.png</resourceLogoUrl><onlineUrl>http://www.brit.org</onlineUrl><intellectualRights>http://creativecommons.org/licenses/by/4.0/</intellectualRights><additionalInfo>Botanical Research Institute of Texas</additionalInfo><abstract></abstract><associatedParty><individualName>Tiana  Rehman</individualName><electronicMailAddress>trehman@brit.org</electronicMailAddress></associatedParty></collection><collection identifier="25c29c49-4316-469f-837a-6e22437e0f8f" id="377"><alternateIdentifier>http://sernecportal.org/portal/collections/misc/collprofiles.php?collid=377</alternateIdentifier><parentCollectionIdentifier>KE</parentCollectionIdentifier><collectionIdentifier></collectionIdentifier><collectionName>Kent State University Herbarium</collectionName><resourceLogoUrl>http://midwestherbaria.org/portal/content/collicon/ke.png</resourceLogoUrl><onlineUrl>https://www.kent.edu/biology/herbarium</onlineUrl><intellectualRights>http://creativecommons.org/publicdomain/zero/1.0/</intellectualRights><associatedParty><userId>6815</userId><individualName>Dylan Stover</individualName><surname>Stover</surname><givenname>Dylan</givenname><electronicMailAddress>dstover@kent.edu</electronicMailAddress><positionName>Collections Manager</positionName></associatedParty><abstract><para>Founded in 1921, the Tom S. &amp; Miwako K. Cooperrider Herbarium at Kent State University (KE) currently houses approximately 81,000 specimens of vascular plants, bryophytes, algae, and lichens. The collection primarily focuses on the flora of northeastern Ohio.</para></abstract></collection><collection identifier="eefc8d2f-42bb-4ba2-92d7-52a4290a6fac" id="382"><alternateIdentifier>http://sernecportal.org/portal/collections/misc/collprofiles.php?collid=382</alternateIdentifier><parentCollectionIdentifier>USF</parentCollectionIdentifier><collectionIdentifier></collectionIdentifier><collectionName>University of South Florida Herbarium</collectionName><resourceLogoUrl>http://sernecportal.org/portal/content/collicon/usf.jpg</resourceLogoUrl><onlineUrl>http://biology.usf.edu/cmmb/research/herbarium.aspx</onlineUrl><intellectualRights>http://creativecommons.org/licenses/by/3.0/</intellectualRights><associatedParty><userId>5308</userId><individualName>Alan Franck</individualName><surname>Franck</surname><givenname>Alan</givenname><electronicMailAddress>afranck@mail.usf.edu</electronicMailAddress><positionName>Herbarium Curator</positionName></associatedParty><abstract><para>The USF Herbarium was established as a research and teaching collection in 1958 by George R. Cooley, two years after the founding of the University of South Florida. The USF Herbarium is the second largest collection in Florida, the seventh largest in the southeastern United States, and ranks in the upper third of the world's herbaria in size. The herbarium contains approximately 280,000 specimens, consisting of about 260,000 specimens of vascular plants, 14,000 algae, 2,800 bryophytes, 1,300 lichens, and 300 macrofungi. The collection contains approximately 400 type specimens. The herbarium is richest in specimens from Florida (~40%), with additional holdings from North America north of Mexico (~35%), Latin America and the West Indies (~15%), and the Eastern Hemisphere (~10%). Specific groups well represented in the herbarium include Acanthaceae, Apocynaceae, Begoniaceae, Bromeliaceae, Fabaceae, Orchidaceae, and pteridophytes (ferns).</para></abstract></collection><collection identifier="8f1d56aa-02cb-422d-9259-f2fba3efeea3" id="415"><alternateIdentifier>http://sernecportal.org/portal/collections/misc/collprofiles.php?collid=415</alternateIdentifier><parentCollectionIdentifier>RSABG</parentCollectionIdentifier><collectionIdentifier>RSA-POM</collectionIdentifier><collectionName>Rancho Santa Ana Botanic Garden Herbarium</collectionName><resourceLogoUrl>http://nansh.org/portal/content/collicon/rsabg-rsa-pom.jpg</resourceLogoUrl><onlineUrl>http://www.rsabg.org/herbarium</onlineUrl><intellectualRights>http://creativecommons.org/licenses/by-nc/3.0/</intellectualRights><abstract><para>The combined Herbarium of Rancho Santa Ana Botanic Garden and Pomona College (RSA-POM) is a museum-quality collection of vascular plant specimens. With current holdings totaling over 1,200,000 specimens, the Herbarium is the third largest in California. The Herbarium is recognized throughout the world for its strength in documenting the diversity, distribution, variation, and ecology of more than 6500 species of flowering plants, conifers, and ferns in California, which constitutes nearly 50% of the total collection. The holdings from Southern California exceed 250,000 and are unsurpassed by any other herbarium. Approximately 95% of the collection is composed of mounted sheets and filed according to a standardized system of classification. Ancillary collections that augment the collection include a cone &amp; fruit collection, wood collection, fluid preserved collection, and pollen and anatomy slide collection.</para></abstract></collection></symbiota></metadata></additionalMetadata></eml:eml>
