coreid,identifier,accessURI,thumbnailAccessURI,goodQualityAccessURI,rights,Owner,UsageTerms,WebStatement,caption,comments,providerManagedID,MetadataDate,format,associatedSpecimenReference,type,subtype,metadataLanguage
1113899,http://hasbrouck.asu.edu/imglib/seinet/ASU/ASU0004/ASU0004016_lg.jpg,http://hasbrouck.asu.edu/imglib/seinet/ASU/ASU0004/ASU0004016_lg.jpg,http://hasbrouck.asu.edu/imglib/seinet/ASU/ASU0004/ASU0004016_tn.jpg,http://hasbrouck.asu.edu/imglib/seinet/ASU/ASU0004/ASU0004016.jpg,,"Arizona State University Vascular Plant Herbarium (ASU-Plants)","CC BY-NC (Attribution-Non-Commercial)",http://creativecommons.org/licenses/by-nc/3.0/,,,urn:uuid:bad3e33f-1af1-4697-9e1e-7ac5484c5b36,"2012-04-03 17:28:45",image/jpeg,http://sernecportal.org/portal/collections/individual/index.php?occid=1113899,StillImage,Photograph,en
1113899,http://hasbrouck.asu.edu/imglib/seinet/ASU/ASU0004/ASU0004016a_lg.jpg,http://hasbrouck.asu.edu/imglib/seinet/ASU/ASU0004/ASU0004016a_lg.jpg,http://hasbrouck.asu.edu/imglib/seinet/ASU/ASU0004/ASU0004016a_tn.jpg,http://hasbrouck.asu.edu/imglib/seinet/ASU/ASU0004/ASU0004016a.jpg,,"Arizona State University Vascular Plant Herbarium (ASU-Plants)","CC BY-NC (Attribution-Non-Commercial)",http://creativecommons.org/licenses/by-nc/3.0/,,,urn:uuid:d5a9aa17-b354-43fa-8813-0e95a4ef0b0c,"2012-10-29 17:03:16",image/jpeg,http://sernecportal.org/portal/collections/individual/index.php?occid=1113899,StillImage,Photograph,en
1113900,http://hasbrouck.asu.edu/imglib/seinet/ASU/ASU0004/ASU0004017_lg.jpg,http://hasbrouck.asu.edu/imglib/seinet/ASU/ASU0004/ASU0004017_lg.jpg,http://hasbrouck.asu.edu/imglib/seinet/ASU/ASU0004/ASU0004017_tn.jpg,http://hasbrouck.asu.edu/imglib/seinet/ASU/ASU0004/ASU0004017.jpg,,"Arizona State University Vascular Plant Herbarium (ASU-Plants)","CC BY-NC (Attribution-Non-Commercial)",http://creativecommons.org/licenses/by-nc/3.0/,,,urn:uuid:160c2e7a-6b92-4149-bb2a-a8f4dcb5b78a,"2012-04-03 17:28:48",image/jpeg,http://sernecportal.org/portal/collections/individual/index.php?occid=1113900,StillImage,Photograph,en
3874548,http://hasbrouck.asu.edu/imglib/intermt/BRY_V/BRYV0076/BRYV0076860_sm.jpg,http://hasbrouck.asu.edu/imglib/intermt/BRY_V/BRYV0076/BRYV0076860_sm.jpg,http://sernecportal.org/imglib/sernec/misc/201510/BRYV0076860_sm_1445949332_tn.jpg,http://hasbrouck.asu.edu/imglib/intermt/BRY_V/BRYV0076/BRYV0076860_sm.jpg,,"Brigham Young University","CC BY-NC (Attribution-Non-Commercial)",http://creativecommons.org/licenses/by-nc/3.0/,,,urn:uuid:40372797-28c7-4c12-bde9-d9312e9f1e4a,"2015-03-03 19:29:23",image/jpeg,http://sernecportal.org/portal/collections/individual/index.php?occid=3874548,StillImage,Photograph,en
3874615,http://hasbrouck.asu.edu/imglib/intermt/BRY_V/BRYV0076/BRYV0076976_sm.jpg,http://hasbrouck.asu.edu/imglib/intermt/BRY_V/BRYV0076/BRYV0076976_sm.jpg,http://sernecportal.org/imglib/sernec/misc/201510/BRYV0076976_sm_1445949558_tn.jpg,http://hasbrouck.asu.edu/imglib/intermt/BRY_V/BRYV0076/BRYV0076976_sm.jpg,,"Brigham Young University","CC BY-NC (Attribution-Non-Commercial)",http://creativecommons.org/licenses/by-nc/3.0/,,,urn:uuid:3221e7cc-891f-4250-b79b-4ea2c1e2116d,"2015-03-03 19:32:24",image/jpeg,http://sernecportal.org/portal/collections/individual/index.php?occid=3874615,StillImage,Photograph,en
3874619,http://hasbrouck.asu.edu/imglib/intermt/BRY_V/BRYV0076/BRYV0076972_sm.jpg,http://hasbrouck.asu.edu/imglib/intermt/BRY_V/BRYV0076/BRYV0076972_sm.jpg,http://sernecportal.org/imglib/sernec/misc/201510/BRYV0076972_sm_1445949546_tn.jpg,http://sernecportal.org/imglib/sernec/misc/201510/BRYV0076972_sm_1445949546_web.jpg,,"Brigham Young University","CC BY-NC (Attribution-Non-Commercial)",http://creativecommons.org/licenses/by-nc/3.0/,,,urn:uuid:011c9d72-efe9-499a-b5df-698979ae7c0b,"2015-03-03 19:32:17",image/jpeg,http://sernecportal.org/portal/collections/individual/index.php?occid=3874619,StillImage,Photograph,en
3874623,http://hasbrouck.asu.edu/imglib/intermt/BRY_V/BRYV0076/BRYV0076965_sm.jpg,http://hasbrouck.asu.edu/imglib/intermt/BRY_V/BRYV0076/BRYV0076965_sm.jpg,http://sernecportal.org/imglib/sernec/misc/201510/BRYV0076965_sm_1445949535_tn.jpg,http://hasbrouck.asu.edu/imglib/intermt/BRY_V/BRYV0076/BRYV0076965_sm.jpg,,"Brigham Young University","CC BY-NC (Attribution-Non-Commercial)",http://creativecommons.org/licenses/by-nc/3.0/,,,urn:uuid:b1f22f15-48c2-49e1-b58a-771856df91af,"2015-03-03 19:32:10",image/jpeg,http://sernecportal.org/portal/collections/individual/index.php?occid=3874623,StillImage,Photograph,en
4138220,http://storage.idigbio.org/arch/nansh/ARCH00/ARCH00079_lg.jpg,http://storage.idigbio.org/arch/nansh/ARCH00/ARCH00079_lg.jpg,http://storage.idigbio.org/arch/nansh/ARCH00/ARCH00079_tn.jpg,http://storage.idigbio.org/arch/nansh/ARCH00/ARCH00079.jpg,,"Archbold Biological Station (ARCH-herbarium)","CC BY-NC (Attribution-Non-Commercial)",http://creativecommons.org/licenses/by-nc/3.0/,,,urn:uuid:63522e83-263b-4435-b454-5e7abcc9c850,"2014-02-18 18:02:39",image/jpeg,http://sernecportal.org/portal/collections/individual/index.php?occid=4138220,StillImage,Photograph,en
5466263,https://bisque.cyverse.org/image_service/image/00-pEYuQfxCjH7aj2QZVJKs3M?resize=4000&format=jpeg,https://bisque.cyverse.org/image_service/image/00-pEYuQfxCjH7aj2QZVJKs3M?resize=4000&format=jpeg,"https://bisque.cyverse.org/image_service/image/00-pEYuQfxCjH7aj2QZVJKs3M?thumbnail=200,200",https://bisque.cyverse.org/image_service/image/00-pEYuQfxCjH7aj2QZVJKs3M?resize=1250&format=jpeg,,"Eastern Kentucky University, Ronald L. Jones Herbarium (EKY)","CC BY-NC (Attribution-Non-Commercial)",http://creativecommons.org/licenses/by-nc/3.0/,,,urn:uuid:47f1d32f-c104-47ed-9fea-5daca15a45d9,"2016-05-14 21:02:11",image/jpeg,http://sernecportal.org/portal/collections/individual/index.php?occid=5466263,StillImage,Photograph,en
6032307,http://hasbrouck.asu.edu/imglib/seinet/DES/DES00076/DES00076380_lg.jpg,http://hasbrouck.asu.edu/imglib/seinet/DES/DES00076/DES00076380_lg.jpg,http://hasbrouck.asu.edu/imglib/seinet/DES/DES00076/DES00076380_tn.jpg,http://hasbrouck.asu.edu/imglib/seinet/DES/DES00076/DES00076380.jpg,,"Desert Botanical Garden Herbarium (DES)","CC BY-NC (Attribution-Non-Commercial)",http://creativecommons.org/licenses/by-nc/3.0/,,,urn:uuid:468812f9-d882-41b1-b010-0f119470c0e1,"2018-09-24 16:32:31",image/jpeg,http://sernecportal.org/portal/collections/individual/index.php?occid=6032307,StillImage,Photograph,en
7116085,https://bisque.cyverse.org/image_service/image/00-6acwhuqeM2eRDDSMXqH9Vi?resize=4000&format=jpeg,https://bisque.cyverse.org/image_service/image/00-6acwhuqeM2eRDDSMXqH9Vi?resize=4000&format=jpeg,"https://bisque.cyverse.org/image_service/image/00-6acwhuqeM2eRDDSMXqH9Vi?thumbnail=200,200",https://bisque.cyverse.org/image_service/image/00-6acwhuqeM2eRDDSMXqH9Vi?resize=1250&format=jpeg,,"Appalachian State University, I. W. Carpenter, Jr. Herbarium (BOON)","CC0 1.0 (Public-domain)",http://creativecommons.org/publicdomain/zero/1.0/,,,urn:uuid:d4b00e53-ada0-4ed3-a820-d959bb573562,"2015-08-17 13:56:35",image/jpeg,http://sernecportal.org/portal/collections/individual/index.php?occid=7116085,StillImage,Photograph,en
8555015,https://bisque.cyverse.org/image_service/image/00-AF79x4KSZEjBJGwYsPixzU/resize:4000/format:jpeg,https://bisque.cyverse.org/image_service/image/00-AF79x4KSZEjBJGwYsPixzU/resize:4000/format:jpeg,"https://bisque.cyverse.org/image_service/image/00-AF79x4KSZEjBJGwYsPixzU/thumbnail:200,200",https://bisque.cyverse.org/image_service/image/00-AF79x4KSZEjBJGwYsPixzU/resize:1250/format:jpeg,,"University of Mary Washington Herbarium (MWCF)","CC BY-NC (Attribution-Non-Commercial)",http://creativecommons.org/licenses/by-nc/3.0/,,,urn:uuid:69d9ede8-d459-42d1-b5db-c1a3fea44d76,"2017-11-30 23:27:04",image/jpeg,http://sernecportal.org/portal/collections/individual/index.php?occid=8555015,StillImage,Photograph,en
8555020,https://bisque.cyverse.org/image_service/image/00-FdNQQicpoiKLSGxMKnfRq4/resize:4000/format:jpeg,https://bisque.cyverse.org/image_service/image/00-FdNQQicpoiKLSGxMKnfRq4/resize:4000/format:jpeg,"https://bisque.cyverse.org/image_service/image/00-FdNQQicpoiKLSGxMKnfRq4/thumbnail:200,200",https://bisque.cyverse.org/image_service/image/00-FdNQQicpoiKLSGxMKnfRq4/resize:1250/format:jpeg,,"University of Mary Washington Herbarium (MWCF)","CC BY-NC (Attribution-Non-Commercial)",http://creativecommons.org/licenses/by-nc/3.0/,,,urn:uuid:1eb92005-29ff-4ddc-9d36-054e1bb73015,"2017-11-30 23:27:04",image/jpeg,http://sernecportal.org/portal/collections/individual/index.php?occid=8555020,StillImage,Photograph,en
8713946,https://bisque.cyverse.org/image_service/image/00-yeQsZkVPCrofYwKZwm2vgY?resize=4000&format=jpeg,https://bisque.cyverse.org/image_service/image/00-yeQsZkVPCrofYwKZwm2vgY?resize=4000&format=jpeg,"https://bisque.cyverse.org/image_service/image/00-yeQsZkVPCrofYwKZwm2vgY?thumbnail=200,200",https://bisque.cyverse.org/image_service/image/00-yeQsZkVPCrofYwKZwm2vgY?resize=1250&format=jpeg,,"North Carolina State University Vascular Plant Herbarium (NCSC)","CC BY-NC (Attribution-Non-Commercial)",http://creativecommons.org/licenses/by-nc/3.0/,,,urn:uuid:45724532-3e8b-4424-8d25-48213ef33895,"2016-03-29 12:54:47",image/jpeg,http://sernecportal.org/portal/collections/individual/index.php?occid=8713946,StillImage,Photograph,en
8713948,https://bisque.cyverse.org/image_service/image/00-5gS3XV62AVoAPUsSjqzruf?resize=4000&format=jpeg,https://bisque.cyverse.org/image_service/image/00-5gS3XV62AVoAPUsSjqzruf?resize=4000&format=jpeg,"https://bisque.cyverse.org/image_service/image/00-5gS3XV62AVoAPUsSjqzruf?thumbnail=200,200",https://bisque.cyverse.org/image_service/image/00-5gS3XV62AVoAPUsSjqzruf?resize=1250&format=jpeg,,"North Carolina State University Vascular Plant Herbarium (NCSC)","CC BY-NC (Attribution-Non-Commercial)",http://creativecommons.org/licenses/by-nc/3.0/,,,urn:uuid:6efdd4d8-3b29-4bb6-925b-b70cbb5563f3,"2016-03-29 12:54:47",image/jpeg,http://sernecportal.org/portal/collections/individual/index.php?occid=8713948,StillImage,Photograph,en
8713949,https://bisque.cyverse.org/image_service/image/00-Am2zprfNzC82CwMxdZVFDL?resize=4000&format=jpeg,https://bisque.cyverse.org/image_service/image/00-Am2zprfNzC82CwMxdZVFDL?resize=4000&format=jpeg,"https://bisque.cyverse.org/image_service/image/00-Am2zprfNzC82CwMxdZVFDL?thumbnail=200,200",https://bisque.cyverse.org/image_service/image/00-Am2zprfNzC82CwMxdZVFDL?resize=1250&format=jpeg,,"North Carolina State University Vascular Plant Herbarium (NCSC)","CC BY-NC (Attribution-Non-Commercial)",http://creativecommons.org/licenses/by-nc/3.0/,,,urn:uuid:774e58db-8106-4616-959c-66bcd0793e86,"2016-03-29 12:54:47",image/jpeg,http://sernecportal.org/portal/collections/individual/index.php?occid=8713949,StillImage,Photograph,en
8713950,https://bisque.cyverse.org/image_service/image/00-vqK26PoRqknn5cv7ySTy2K?resize=4000&format=jpeg,https://bisque.cyverse.org/image_service/image/00-vqK26PoRqknn5cv7ySTy2K?resize=4000&format=jpeg,"https://bisque.cyverse.org/image_service/image/00-vqK26PoRqknn5cv7ySTy2K?thumbnail=200,200",https://bisque.cyverse.org/image_service/image/00-vqK26PoRqknn5cv7ySTy2K?resize=1250&format=jpeg,,"North Carolina State University Vascular Plant Herbarium (NCSC)","CC BY-NC (Attribution-Non-Commercial)",http://creativecommons.org/licenses/by-nc/3.0/,,,urn:uuid:e89fe506-0d4f-4abb-bb5c-c2ab08b5829c,"2016-03-29 12:54:47",image/jpeg,http://sernecportal.org/portal/collections/individual/index.php?occid=8713950,StillImage,Photograph,en
8713952,https://bisque.cyverse.org/image_service/image/00-bUP4rQdqUGKvgWu4m4jfE?resize=4000&format=jpeg,https://bisque.cyverse.org/image_service/image/00-bUP4rQdqUGKvgWu4m4jfE?resize=4000&format=jpeg,"https://bisque.cyverse.org/image_service/image/00-bUP4rQdqUGKvgWu4m4jfE?thumbnail=200,200",https://bisque.cyverse.org/image_service/image/00-bUP4rQdqUGKvgWu4m4jfE?resize=1250&format=jpeg,,"North Carolina State University Vascular Plant Herbarium (NCSC)","CC BY-NC (Attribution-Non-Commercial)",http://creativecommons.org/licenses/by-nc/3.0/,,,urn:uuid:b92cb991-92ad-42bf-8a84-59a9b9c3fd1f,"2016-03-29 12:54:47",image/jpeg,http://sernecportal.org/portal/collections/individual/index.php?occid=8713952,StillImage,Photograph,en
9274363,https://bisque.cyverse.org/image_service/image/00-wAYNEaD7tvte7dT3Axbjj9?resize=4000&format=jpeg,https://bisque.cyverse.org/image_service/image/00-wAYNEaD7tvte7dT3Axbjj9?resize=4000&format=jpeg,"https://bisque.cyverse.org/image_service/image/00-wAYNEaD7tvte7dT3Axbjj9?thumbnail=200,200",https://bisque.cyverse.org/image_service/image/00-wAYNEaD7tvte7dT3Axbjj9?resize=1250&format=jpeg,,"University of Tennessee (TENN)","CC0 1.0 (Public-domain)",http://creativecommons.org/publicdomain/zero/1.0/,,,urn:uuid:91f617f4-acab-4f72-93a1-33aec506154e,"2017-01-05 22:03:47",image/jpeg,http://sernecportal.org/portal/collections/individual/index.php?occid=9274363,StillImage,Photograph,en
9274373,https://bisque.cyverse.org/image_service/image/00-jvPETkhBgCYXQUZxABHdTW?resize=4000&format=jpeg,https://bisque.cyverse.org/image_service/image/00-jvPETkhBgCYXQUZxABHdTW?resize=4000&format=jpeg,"https://bisque.cyverse.org/image_service/image/00-jvPETkhBgCYXQUZxABHdTW?thumbnail=200,200",https://bisque.cyverse.org/image_service/image/00-jvPETkhBgCYXQUZxABHdTW?resize=1250&format=jpeg,,"University of Tennessee (TENN)","CC0 1.0 (Public-domain)",http://creativecommons.org/publicdomain/zero/1.0/,,,urn:uuid:3fe89233-b37d-4a43-8c2a-77a36c2a7063,"2017-01-05 22:03:56",image/jpeg,http://sernecportal.org/portal/collections/individual/index.php?occid=9274373,StillImage,Photograph,en
9274448,https://bisque.cyverse.org/image_service/image/00-JbBPF8aLNTVMcZ56tharWS?resize=4000&format=jpeg,https://bisque.cyverse.org/image_service/image/00-JbBPF8aLNTVMcZ56tharWS?resize=4000&format=jpeg,"https://bisque.cyverse.org/image_service/image/00-JbBPF8aLNTVMcZ56tharWS?thumbnail=200,200",https://bisque.cyverse.org/image_service/image/00-JbBPF8aLNTVMcZ56tharWS?resize=1250&format=jpeg,,"University of Tennessee (TENN)","CC0 1.0 (Public-domain)",http://creativecommons.org/publicdomain/zero/1.0/,,,urn:uuid:a9a1ad4b-2bce-482e-9335-34ed277ffdf6,"2017-01-05 22:04:29",image/jpeg,http://sernecportal.org/portal/collections/individual/index.php?occid=9274448,StillImage,Photograph,en
9738699,https://bisque.cyverse.org/image_service/image/00-ri8i8NRhAzzBXF4YzBgfed?resize=4000&format=jpeg,https://bisque.cyverse.org/image_service/image/00-ri8i8NRhAzzBXF4YzBgfed?resize=4000&format=jpeg,"https://bisque.cyverse.org/image_service/image/00-ri8i8NRhAzzBXF4YzBgfed?thumbnail=200,200",https://bisque.cyverse.org/image_service/image/00-ri8i8NRhAzzBXF4YzBgfed?resize=1250&format=jpeg,,"Converse College Herbarium (CONV)","CC0 1.0 (Public-domain)",http://creativecommons.org/publicdomain/zero/1.0/,,,urn:uuid:cfd1a0ea-a061-4177-8577-abe3e92856b8,"2017-01-06 20:00:08",image/jpeg,http://sernecportal.org/portal/collections/individual/index.php?occid=9738699,StillImage,Photograph,en
11297096,http://storage.idigbio.org/vt/vplants/UVMVT193/UVMVT193063_lg.jpg,http://storage.idigbio.org/vt/vplants/UVMVT193/UVMVT193063_lg.jpg,http://storage.idigbio.org/vt/vplants/UVMVT193/UVMVT193063_tn.jpg,http://storage.idigbio.org/vt/vplants/UVMVT193/UVMVT193063.jpg,,"University of Vermont","CC BY-NC (Attribution-Non-Commercial)",http://creativecommons.org/licenses/by-nc/3.0/,,,urn:uuid:dc200fd3-ab83-4fc0-839e-15da412a1895,"2016-11-02 06:24:38",image/jpeg,http://sernecportal.org/portal/collections/individual/index.php?occid=11297096,StillImage,Photograph,en
11361315,http://images.cyberfloralouisiana.com/images/specimensheets/no/0/0/46/51/NO0004651.jpg,http://images.cyberfloralouisiana.com/images/specimensheets/no/0/0/46/51/NO0004651.jpg,http://sernecportal.org/imglib/sernec/NO/NO0004/NO0004651_tn.jpg,http://sernecportal.org/imglib/sernec/NO/NO0004/NO0004651.jpg,,"Tulane Herbarium (NO)","CC0 1.0 (Public-domain)",http://creativecommons.org/publicdomain/zero/1.0/,,,urn:uuid:d68a462f-6c75-434b-b413-c07ad1b0de18,"2016-10-11 19:21:04",image/jpeg,http://sernecportal.org/portal/collections/individual/index.php?occid=11361315,StillImage,Photograph,en
14388307,https://bisque.cyverse.org/image_service/image/00-GeakYGRyBcJUrqYiDjmjqE/resize:4000/format:jpeg,https://bisque.cyverse.org/image_service/image/00-GeakYGRyBcJUrqYiDjmjqE/resize:4000/format:jpeg,"https://bisque.cyverse.org/image_service/image/00-GeakYGRyBcJUrqYiDjmjqE/thumbnail:200,200",https://bisque.cyverse.org/image_service/image/00-GeakYGRyBcJUrqYiDjmjqE/resize:1250/format:jpeg,,"The Florida State University","CC BY-NC (Attribution-Non-Commercial)",http://creativecommons.org/licenses/by-nc/3.0/,,,urn:uuid:3094f14a-44a8-47ae-9895-f2b38ae7f199,"2017-10-25 14:39:14",image/jpeg,http://sernecportal.org/portal/collections/individual/index.php?occid=14388307,StillImage,Photograph,en
14666817,http://sweetgum.nybg.org/images3/1109/358/01799370.jpg,http://sweetgum.nybg.org/images3/1109/358/01799370.jpg,http://sweetgum.nybg.org/images3/1109/358/01799370.thumb.jpg,,,"New York Botanical Garden (NY)","CC BY-NC (Attribution-Non-Commercial)",http://creativecommons.org/licenses/by-nc/3.0/,,,urn:uuid:f8f6b303-23a1-4c54-a280-1cc565cc5e62,"2017-06-20 18:41:04",image/jpeg,http://sernecportal.org/portal/collections/individual/index.php?occid=14666817,StillImage,Photograph,en
14668938,http://sweetgum.nybg.org/images3/1076/917/01799461.jpg,http://sweetgum.nybg.org/images3/1076/917/01799461.jpg,http://sweetgum.nybg.org/images3/1076/917/01799461.thumb.jpg,,,"New York Botanical Garden (NY)","CC BY-NC (Attribution-Non-Commercial)",http://creativecommons.org/licenses/by-nc/3.0/,,,urn:uuid:23212de1-43e8-4df7-9195-a99bbfa1a45b,"2017-06-20 18:41:04",image/jpeg,http://sernecportal.org/portal/collections/individual/index.php?occid=14668938,StillImage,Photograph,en
14671474,http://sweetgum.nybg.org/images3/1076/880/01799423.jpg,http://sweetgum.nybg.org/images3/1076/880/01799423.jpg,http://sweetgum.nybg.org/images3/1076/880/01799423.thumb.jpg,,,"New York Botanical Garden (NY)","CC BY-NC (Attribution-Non-Commercial)",http://creativecommons.org/licenses/by-nc/3.0/,,,urn:uuid:064bd84a-a911-4cbb-a687-3f96f178a82d,"2017-06-20 18:41:04",image/jpeg,http://sernecportal.org/portal/collections/individual/index.php?occid=14671474,StillImage,Photograph,en
14684520,http://sweetgum.nybg.org/images3/1076/883/01799426.jpg,http://sweetgum.nybg.org/images3/1076/883/01799426.jpg,http://sweetgum.nybg.org/images3/1076/883/01799426.thumb.jpg,,,"New York Botanical Garden (NY)","CC BY-NC (Attribution-Non-Commercial)",http://creativecommons.org/licenses/by-nc/3.0/,,,urn:uuid:0dfae049-e1de-4b70-9355-141e2712baf1,"2017-06-20 18:41:04",image/jpeg,http://sernecportal.org/portal/collections/individual/index.php?occid=14684520,StillImage,Photograph,en
14695212,http://sweetgum.nybg.org/images3/1076/915/01799459.jpg,http://sweetgum.nybg.org/images3/1076/915/01799459.jpg,http://sweetgum.nybg.org/images3/1076/915/01799459.thumb.jpg,,,"New York Botanical Garden (NY)","CC BY-NC (Attribution-Non-Commercial)",http://creativecommons.org/licenses/by-nc/3.0/,,,urn:uuid:7d59f4a5-acf7-4e08-b447-2432afca2cbe,"2017-06-20 18:41:04",image/jpeg,http://sernecportal.org/portal/collections/individual/index.php?occid=14695212,StillImage,Photograph,en
14704100,http://sweetgum.nybg.org/images3/1076/938/01799482.jpg,http://sweetgum.nybg.org/images3/1076/938/01799482.jpg,http://sweetgum.nybg.org/images3/1076/938/01799482.thumb.jpg,,,"New York Botanical Garden (NY)","CC BY-NC (Attribution-Non-Commercial)",http://creativecommons.org/licenses/by-nc/3.0/,,,urn:uuid:d2402d88-214c-4ebc-af20-6d1334cd7c1e,"2017-06-20 18:41:04",image/jpeg,http://sernecportal.org/portal/collections/individual/index.php?occid=14704100,StillImage,Photograph,en
14709762,http://sweetgum.nybg.org/images3/1109/354/01799366.jpg,http://sweetgum.nybg.org/images3/1109/354/01799366.jpg,http://sweetgum.nybg.org/images3/1109/354/01799366.thumb.jpg,,,"New York Botanical Garden (NY)","CC BY-NC (Attribution-Non-Commercial)",http://creativecommons.org/licenses/by-nc/3.0/,,,urn:uuid:47eaffb1-7c6a-42aa-b40e-6c3be65f87f1,"2017-06-20 18:41:04",image/jpeg,http://sernecportal.org/portal/collections/individual/index.php?occid=14709762,StillImage,Photograph,en
14710840,http://sweetgum.nybg.org/images3/1076/933/01799477.jpg,http://sweetgum.nybg.org/images3/1076/933/01799477.jpg,http://sweetgum.nybg.org/images3/1076/933/01799477.thumb.jpg,,,"New York Botanical Garden (NY)","CC BY-NC (Attribution-Non-Commercial)",http://creativecommons.org/licenses/by-nc/3.0/,,,urn:uuid:ff4515c8-6989-490a-a8fe-e4e5cf0bf61e,"2017-06-20 18:41:04",image/jpeg,http://sernecportal.org/portal/collections/individual/index.php?occid=14710840,StillImage,Photograph,en
14713030,http://sweetgum.nybg.org/images3/1109/360/01799372.jpg,http://sweetgum.nybg.org/images3/1109/360/01799372.jpg,http://sweetgum.nybg.org/images3/1109/360/01799372.thumb.jpg,,,"New York Botanical Garden (NY)","CC BY-NC (Attribution-Non-Commercial)",http://creativecommons.org/licenses/by-nc/3.0/,,,urn:uuid:02d411e2-6a30-4876-9314-ecf48c3307a2,"2017-06-20 18:41:04",image/jpeg,http://sernecportal.org/portal/collections/individual/index.php?occid=14713030,StillImage,Photograph,en
14713138,http://sweetgum.nybg.org/images3/1109/379/01799391.jpg,http://sweetgum.nybg.org/images3/1109/379/01799391.jpg,http://sweetgum.nybg.org/images3/1109/379/01799391.thumb.jpg,,,"New York Botanical Garden (NY)","CC BY-NC (Attribution-Non-Commercial)",http://creativecommons.org/licenses/by-nc/3.0/,,,urn:uuid:0466c806-64b5-4848-90f2-fbc77542f911,"2017-06-20 18:41:04",image/jpeg,http://sernecportal.org/portal/collections/individual/index.php?occid=14713138,StillImage,Photograph,en
14718144,http://sweetgum.nybg.org/images3/1076/896/01799439.jpg,http://sweetgum.nybg.org/images3/1076/896/01799439.jpg,http://sernecportal.org/imglib/sernec/misc/201709/01799439_1506609481_tn.jpg,http://sernecportal.org/imglib/sernec/misc/201709/01799439_1506609481_web.jpg,,"New York Botanical Garden (NY)","CC BY-NC (Attribution-Non-Commercial)",http://creativecommons.org/licenses/by-nc/3.0/,,,urn:uuid:27a8b806-bc99-44ce-83e8-f06fd8af15f1,"2017-06-20 18:41:04",image/jpeg,http://sernecportal.org/portal/collections/individual/index.php?occid=14718144,StillImage,Photograph,en
14718421,http://sweetgum.nybg.org/images3/1076/912/01799456.jpg,http://sweetgum.nybg.org/images3/1076/912/01799456.jpg,http://sweetgum.nybg.org/images3/1076/912/01799456.thumb.jpg,,,"New York Botanical Garden (NY)","CC BY-NC (Attribution-Non-Commercial)",http://creativecommons.org/licenses/by-nc/3.0/,,,urn:uuid:b04498f6-cb21-4582-b25e-1f0afb556286,"2017-06-20 18:41:04",image/jpeg,http://sernecportal.org/portal/collections/individual/index.php?occid=14718421,StillImage,Photograph,en
14730578,http://sweetgum.nybg.org/images3/1109/388/01799400.jpg,http://sweetgum.nybg.org/images3/1109/388/01799400.jpg,http://sweetgum.nybg.org/images3/1109/388/01799400.thumb.jpg,,,"New York Botanical Garden (NY)","CC BY-NC (Attribution-Non-Commercial)",http://creativecommons.org/licenses/by-nc/3.0/,,,urn:uuid:0793912c-91a4-4230-8431-20c5012f49b5,"2017-06-20 18:41:04",image/jpeg,http://sernecportal.org/portal/collections/individual/index.php?occid=14730578,StillImage,Photograph,en
14744617,http://sweetgum.nybg.org/images3/1109/340/01799352.jpg,http://sweetgum.nybg.org/images3/1109/340/01799352.jpg,http://sweetgum.nybg.org/images3/1109/340/01799352.thumb.jpg,,,"New York Botanical Garden (NY)","CC BY-NC (Attribution-Non-Commercial)",http://creativecommons.org/licenses/by-nc/3.0/,,,urn:uuid:77f60e1e-1a8d-4e89-9b66-8ddc33be13ab,"2017-06-20 18:41:04",image/jpeg,http://sernecportal.org/portal/collections/individual/index.php?occid=14744617,StillImage,Photograph,en
14749392,http://sweetgum.nybg.org/images3/1076/928/01799472.jpg,http://sweetgum.nybg.org/images3/1076/928/01799472.jpg,http://sweetgum.nybg.org/images3/1076/928/01799472.thumb.jpg,,,"New York Botanical Garden (NY)","CC BY-NC (Attribution-Non-Commercial)",http://creativecommons.org/licenses/by-nc/3.0/,,,urn:uuid:962c8162-b8ae-4257-a1ff-dfc9de993b68,"2017-06-20 18:41:04",image/jpeg,http://sernecportal.org/portal/collections/individual/index.php?occid=14749392,StillImage,Photograph,en
14757193,http://sweetgum.nybg.org/images3/1109/393/01799405.jpg,http://sweetgum.nybg.org/images3/1109/393/01799405.jpg,http://sweetgum.nybg.org/images3/1109/393/01799405.thumb.jpg,,,"New York Botanical Garden (NY)","CC BY-NC (Attribution-Non-Commercial)",http://creativecommons.org/licenses/by-nc/3.0/,,,urn:uuid:01bf72bb-e035-4513-9f82-1940d7d1ee62,"2017-06-20 18:41:04",image/jpeg,http://sernecportal.org/portal/collections/individual/index.php?occid=14757193,StillImage,Photograph,en
14764026,http://sweetgum.nybg.org/images3/1109/367/01799379.jpg,http://sweetgum.nybg.org/images3/1109/367/01799379.jpg,http://sweetgum.nybg.org/images3/1109/367/01799379.thumb.jpg,,,"New York Botanical Garden (NY)","CC BY-NC (Attribution-Non-Commercial)",http://creativecommons.org/licenses/by-nc/3.0/,,,urn:uuid:91b94c72-bb6d-4c65-a0be-5a882012fd4e,"2017-06-20 18:41:04",image/jpeg,http://sernecportal.org/portal/collections/individual/index.php?occid=14764026,StillImage,Photograph,en
14769633,http://sweetgum.nybg.org/images3/1109/347/01799359.jpg,http://sweetgum.nybg.org/images3/1109/347/01799359.jpg,http://sweetgum.nybg.org/images3/1109/347/01799359.thumb.jpg,,,"New York Botanical Garden (NY)","CC BY-NC (Attribution-Non-Commercial)",http://creativecommons.org/licenses/by-nc/3.0/,,,urn:uuid:3f7e1e72-52eb-4e54-93f9-78decae9fddc,"2017-06-20 18:41:04",image/jpeg,http://sernecportal.org/portal/collections/individual/index.php?occid=14769633,StillImage,Photograph,en
14781359,http://sweetgum.nybg.org/images3/1076/885/01799428.jpg,http://sweetgum.nybg.org/images3/1076/885/01799428.jpg,http://sweetgum.nybg.org/images3/1076/885/01799428.thumb.jpg,,,"New York Botanical Garden (NY)","CC BY-NC (Attribution-Non-Commercial)",http://creativecommons.org/licenses/by-nc/3.0/,,,urn:uuid:a00f5802-a0cf-4327-90d7-c00701febbd7,"2017-06-20 18:41:04",image/jpeg,http://sernecportal.org/portal/collections/individual/index.php?occid=14781359,StillImage,Photograph,en
14782910,http://sweetgum.nybg.org/images3/1109/368/01799380.jpg,http://sweetgum.nybg.org/images3/1109/368/01799380.jpg,http://sweetgum.nybg.org/images3/1109/368/01799380.thumb.jpg,,,"New York Botanical Garden (NY)","CC BY-NC (Attribution-Non-Commercial)",http://creativecommons.org/licenses/by-nc/3.0/,,,urn:uuid:09c1f267-8e71-4335-9df9-40c0e5fd9741,"2017-06-20 18:41:04",image/jpeg,http://sernecportal.org/portal/collections/individual/index.php?occid=14782910,StillImage,Photograph,en
14787114,http://sweetgum.nybg.org/images3/1076/926/01799470.jpg,http://sweetgum.nybg.org/images3/1076/926/01799470.jpg,http://sweetgum.nybg.org/images3/1076/926/01799470.thumb.jpg,,,"New York Botanical Garden (NY)","CC BY-NC (Attribution-Non-Commercial)",http://creativecommons.org/licenses/by-nc/3.0/,,,urn:uuid:2e689468-8b98-4329-a8e8-a75b7a60db4d,"2017-06-20 18:41:04",image/jpeg,http://sernecportal.org/portal/collections/individual/index.php?occid=14787114,StillImage,Photograph,en
14793798,http://sweetgum.nybg.org/images3/1109/350/01799362.jpg,http://sweetgum.nybg.org/images3/1109/350/01799362.jpg,http://sweetgum.nybg.org/images3/1109/350/01799362.thumb.jpg,,,"New York Botanical Garden (NY)","CC BY-NC (Attribution-Non-Commercial)",http://creativecommons.org/licenses/by-nc/3.0/,,,urn:uuid:2e5ffb79-914e-4962-8c0c-3262a013b448,"2017-06-20 18:41:04",image/jpeg,http://sernecportal.org/portal/collections/individual/index.php?occid=14793798,StillImage,Photograph,en
14816975,http://sweetgum.nybg.org/images3/1109/387/01799399.jpg,http://sweetgum.nybg.org/images3/1109/387/01799399.jpg,http://sweetgum.nybg.org/images3/1109/387/01799399.thumb.jpg,,,"New York Botanical Garden (NY)","CC BY-NC (Attribution-Non-Commercial)",http://creativecommons.org/licenses/by-nc/3.0/,,,urn:uuid:700ef42d-4240-4aa5-9ae7-b91b562c5c84,"2017-06-20 18:41:04",image/jpeg,http://sernecportal.org/portal/collections/individual/index.php?occid=14816975,StillImage,Photograph,en
14824451,http://sweetgum.nybg.org/images3/1076/895/01799438.jpg,http://sweetgum.nybg.org/images3/1076/895/01799438.jpg,http://sweetgum.nybg.org/images3/1076/895/01799438.thumb.jpg,,,"New York Botanical Garden (NY)","CC BY-NC (Attribution-Non-Commercial)",http://creativecommons.org/licenses/by-nc/3.0/,,,urn:uuid:07b94bfe-58ba-40a0-8693-80d05d4a5c74,"2017-06-20 18:41:04",image/jpeg,http://sernecportal.org/portal/collections/individual/index.php?occid=14824451,StillImage,Photograph,en
14843535,http://sweetgum.nybg.org/images3/1076/921/01799465.jpg,http://sweetgum.nybg.org/images3/1076/921/01799465.jpg,http://sweetgum.nybg.org/images3/1076/921/01799465.thumb.jpg,,,"New York Botanical Garden (NY)","CC BY-NC (Attribution-Non-Commercial)",http://creativecommons.org/licenses/by-nc/3.0/,,,urn:uuid:8da8d2c9-08f0-4235-92ad-465add843b7d,"2017-06-20 18:41:04",image/jpeg,http://sernecportal.org/portal/collections/individual/index.php?occid=14843535,StillImage,Photograph,en
14849443,http://sweetgum.nybg.org/images3/1076/909/01799453.jpg,http://sweetgum.nybg.org/images3/1076/909/01799453.jpg,http://sweetgum.nybg.org/images3/1076/909/01799453.thumb.jpg,,,"New York Botanical Garden (NY)","CC BY-NC (Attribution-Non-Commercial)",http://creativecommons.org/licenses/by-nc/3.0/,,,urn:uuid:e1de44f0-2ca6-4c03-8459-2866fe51cb38,"2017-06-20 18:41:04",image/jpeg,http://sernecportal.org/portal/collections/individual/index.php?occid=14849443,StillImage,Photograph,en
14854340,http://sweetgum.nybg.org/images3/1109/364/01799376.jpg,http://sweetgum.nybg.org/images3/1109/364/01799376.jpg,http://sweetgum.nybg.org/images3/1109/364/01799376.thumb.jpg,,,"New York Botanical Garden (NY)","CC BY-NC (Attribution-Non-Commercial)",http://creativecommons.org/licenses/by-nc/3.0/,,,urn:uuid:0882d6c0-4dee-4eba-8511-4ae9cefeb61e,"2017-06-20 18:41:04",image/jpeg,http://sernecportal.org/portal/collections/individual/index.php?occid=14854340,StillImage,Photograph,en
14857286,http://sweetgum.nybg.org/images3/1735/869/02514771.jpg,http://sweetgum.nybg.org/images3/1735/869/02514771.jpg,http://sweetgum.nybg.org/images3/1735/869/02514771.thumb.jpg,,,"New York Botanical Garden (NY)","CC BY-NC (Attribution-Non-Commercial)",http://creativecommons.org/licenses/by-nc/3.0/,,,urn:uuid:7b89bc72-7cb6-40d5-8274-bb76753b1c45,"2017-06-20 18:41:04",image/jpeg,http://sernecportal.org/portal/collections/individual/index.php?occid=14857286,StillImage,Photograph,en
14864426,http://sweetgum.nybg.org/images3/1076/886/01799429.jpg,http://sweetgum.nybg.org/images3/1076/886/01799429.jpg,http://sweetgum.nybg.org/images3/1076/886/01799429.thumb.jpg,,,"New York Botanical Garden (NY)","CC BY-NC (Attribution-Non-Commercial)",http://creativecommons.org/licenses/by-nc/3.0/,,,urn:uuid:dea79220-c4e8-41a8-81ec-b1e68fc4c898,"2017-06-20 18:41:04",image/jpeg,http://sernecportal.org/portal/collections/individual/index.php?occid=14864426,StillImage,Photograph,en
14864955,http://sweetgum.nybg.org/images3/1076/890/01799433.jpg,http://sweetgum.nybg.org/images3/1076/890/01799433.jpg,http://sweetgum.nybg.org/images3/1076/890/01799433.thumb.jpg,,,"New York Botanical Garden (NY)","CC BY-NC (Attribution-Non-Commercial)",http://creativecommons.org/licenses/by-nc/3.0/,,,urn:uuid:4ecd5d39-f56a-4081-a685-c76260f700e1,"2017-06-20 18:41:04",image/jpeg,http://sernecportal.org/portal/collections/individual/index.php?occid=14864955,StillImage,Photograph,en
14881501,http://sweetgum.nybg.org/images3/1076/935/01799479.jpg,http://sweetgum.nybg.org/images3/1076/935/01799479.jpg,http://sweetgum.nybg.org/images3/1076/935/01799479.thumb.jpg,,,"New York Botanical Garden (NY)","CC BY-NC (Attribution-Non-Commercial)",http://creativecommons.org/licenses/by-nc/3.0/,,,urn:uuid:cb1be311-ba8a-496b-b0fd-1575ce221f51,"2017-06-20 18:41:04",image/jpeg,http://sernecportal.org/portal/collections/individual/index.php?occid=14881501,StillImage,Photograph,en
14910582,http://sweetgum.nybg.org/images3/1212/417/01799445.jpg,http://sweetgum.nybg.org/images3/1212/417/01799445.jpg,http://sweetgum.nybg.org/images3/1212/417/01799445.thumb.jpg,,,"New York Botanical Garden (NY)","CC BY-NC (Attribution-Non-Commercial)",http://creativecommons.org/licenses/by-nc/3.0/,,,urn:uuid:74d1dcad-fa3d-4986-928b-67af71da4379,"2017-06-20 18:41:04",image/jpeg,http://sernecportal.org/portal/collections/individual/index.php?occid=14910582,StillImage,Photograph,en
14922379,http://sweetgum.nybg.org/images3/1076/906/01799450.jpg,http://sweetgum.nybg.org/images3/1076/906/01799450.jpg,http://sweetgum.nybg.org/images3/1076/906/01799450.thumb.jpg,,,"New York Botanical Garden (NY)","CC BY-NC (Attribution-Non-Commercial)",http://creativecommons.org/licenses/by-nc/3.0/,,,urn:uuid:56b672a9-d18c-42b7-9286-b1a9e808909e,"2017-06-20 18:41:04",image/jpeg,http://sernecportal.org/portal/collections/individual/index.php?occid=14922379,StillImage,Photograph,en
14927785,http://sweetgum.nybg.org/images3/1109/341/01799353.jpg,http://sweetgum.nybg.org/images3/1109/341/01799353.jpg,http://sweetgum.nybg.org/images3/1109/341/01799353.thumb.jpg,,,"New York Botanical Garden (NY)","CC BY-NC (Attribution-Non-Commercial)",http://creativecommons.org/licenses/by-nc/3.0/,,,urn:uuid:877dc343-92d0-4a25-a4fc-dab552c80b5b,"2017-06-20 18:41:04",image/jpeg,http://sernecportal.org/portal/collections/individual/index.php?occid=14927785,StillImage,Photograph,en
14936411,http://sweetgum.nybg.org/images3/1076/884/01799427.jpg,http://sweetgum.nybg.org/images3/1076/884/01799427.jpg,http://sweetgum.nybg.org/images3/1076/884/01799427.thumb.jpg,,,"New York Botanical Garden (NY)","CC BY-NC (Attribution-Non-Commercial)",http://creativecommons.org/licenses/by-nc/3.0/,,,urn:uuid:72fef62a-fffa-4eba-8b92-010a24f7883a,"2017-06-20 18:41:04",image/jpeg,http://sernecportal.org/portal/collections/individual/index.php?occid=14936411,StillImage,Photograph,en
14959854,http://sweetgum.nybg.org/images3/1076/913/01799457.jpg,http://sweetgum.nybg.org/images3/1076/913/01799457.jpg,http://sweetgum.nybg.org/images3/1076/913/01799457.thumb.jpg,,,"New York Botanical Garden (NY)","CC BY-NC (Attribution-Non-Commercial)",http://creativecommons.org/licenses/by-nc/3.0/,,,urn:uuid:3438af9a-86d5-4c11-9e9a-dce900481bca,"2017-06-20 18:41:04",image/jpeg,http://sernecportal.org/portal/collections/individual/index.php?occid=14959854,StillImage,Photograph,en
14964942,http://sweetgum.nybg.org/images3/1109/334/01799346.jpg,http://sweetgum.nybg.org/images3/1109/334/01799346.jpg,http://sweetgum.nybg.org/images3/1109/334/01799346.thumb.jpg,,,"New York Botanical Garden (NY)","CC BY-NC (Attribution-Non-Commercial)",http://creativecommons.org/licenses/by-nc/3.0/,,,urn:uuid:164b4419-3ab1-418f-ac83-daf54bf3f51a,"2017-06-20 18:41:04",image/jpeg,http://sernecportal.org/portal/collections/individual/index.php?occid=14964942,StillImage,Photograph,en
14972878,http://sweetgum.nybg.org/images3/1076/881/01799424.jpg,http://sweetgum.nybg.org/images3/1076/881/01799424.jpg,http://sweetgum.nybg.org/images3/1076/881/01799424.thumb.jpg,,,"New York Botanical Garden (NY)","CC BY-NC (Attribution-Non-Commercial)",http://creativecommons.org/licenses/by-nc/3.0/,,,urn:uuid:348efa3c-3da9-4115-bde6-b1fc649d9323,"2017-06-20 18:41:04",image/jpeg,http://sernecportal.org/portal/collections/individual/index.php?occid=14972878,StillImage,Photograph,en
14986116,http://sweetgum.nybg.org/images3/1076/924/01799468.jpg,http://sweetgum.nybg.org/images3/1076/924/01799468.jpg,http://sweetgum.nybg.org/images3/1076/924/01799468.thumb.jpg,,,"New York Botanical Garden (NY)","CC BY-NC (Attribution-Non-Commercial)",http://creativecommons.org/licenses/by-nc/3.0/,,,urn:uuid:73eeabf6-1e3d-4a2b-9389-c355f8788b95,"2017-06-20 18:41:04",image/jpeg,http://sernecportal.org/portal/collections/individual/index.php?occid=14986116,StillImage,Photograph,en
14990641,http://sweetgum.nybg.org/images3/1109/357/01799369.jpg,http://sweetgum.nybg.org/images3/1109/357/01799369.jpg,http://sweetgum.nybg.org/images3/1109/357/01799369.thumb.jpg,,,"New York Botanical Garden (NY)","CC BY-NC (Attribution-Non-Commercial)",http://creativecommons.org/licenses/by-nc/3.0/,,,urn:uuid:13e8142b-286a-4384-a049-f2e51f2e663b,"2017-06-20 18:41:04",image/jpeg,http://sernecportal.org/portal/collections/individual/index.php?occid=14990641,StillImage,Photograph,en
15003940,http://sweetgum.nybg.org/images3/1109/389/01799401.jpg,http://sweetgum.nybg.org/images3/1109/389/01799401.jpg,http://sweetgum.nybg.org/images3/1109/389/01799401.thumb.jpg,,,"New York Botanical Garden (NY)","CC BY-NC (Attribution-Non-Commercial)",http://creativecommons.org/licenses/by-nc/3.0/,,,urn:uuid:f793262c-5fa1-46be-9b23-f24078a0a0b9,"2017-06-20 18:41:04",image/jpeg,http://sernecportal.org/portal/collections/individual/index.php?occid=15003940,StillImage,Photograph,en
15029270,http://sweetgum.nybg.org/images3/1109/349/01799361.jpg,http://sweetgum.nybg.org/images3/1109/349/01799361.jpg,http://sweetgum.nybg.org/images3/1109/349/01799361.thumb.jpg,,,"New York Botanical Garden (NY)","CC BY-NC (Attribution-Non-Commercial)",http://creativecommons.org/licenses/by-nc/3.0/,,,urn:uuid:5c9dbfa2-df98-4490-84a7-478952b51a27,"2017-06-20 18:41:04",image/jpeg,http://sernecportal.org/portal/collections/individual/index.php?occid=15029270,StillImage,Photograph,en
15058774,http://sweetgum.nybg.org/images3/1076/904/01799448.jpg,http://sweetgum.nybg.org/images3/1076/904/01799448.jpg,http://sweetgum.nybg.org/images3/1076/904/01799448.thumb.jpg,,,"New York Botanical Garden (NY)","CC BY-NC (Attribution-Non-Commercial)",http://creativecommons.org/licenses/by-nc/3.0/,,,urn:uuid:b615e194-5149-4610-bc86-9b5e64d3c646,"2017-06-20 18:41:04",image/jpeg,http://sernecportal.org/portal/collections/individual/index.php?occid=15058774,StillImage,Photograph,en
15071782,http://sweetgum.nybg.org/images3/1109/352/01799364.jpg,http://sweetgum.nybg.org/images3/1109/352/01799364.jpg,http://sweetgum.nybg.org/images3/1109/352/01799364.thumb.jpg,,,"New York Botanical Garden (NY)","CC BY-NC (Attribution-Non-Commercial)",http://creativecommons.org/licenses/by-nc/3.0/,,,urn:uuid:a4401c3a-0645-475f-bd44-dfd93f8a98e3,"2017-06-20 18:41:04",image/jpeg,http://sernecportal.org/portal/collections/individual/index.php?occid=15071782,StillImage,Photograph,en
15077171,http://sweetgum.nybg.org/images3/1109/369/01799381.jpg,http://sweetgum.nybg.org/images3/1109/369/01799381.jpg,http://sweetgum.nybg.org/images3/1109/369/01799381.thumb.jpg,,,"New York Botanical Garden (NY)","CC BY-NC (Attribution-Non-Commercial)",http://creativecommons.org/licenses/by-nc/3.0/,,,urn:uuid:c4959297-1f4c-428c-bef6-daf9dcc839c3,"2017-06-20 18:41:04",image/jpeg,http://sernecportal.org/portal/collections/individual/index.php?occid=15077171,StillImage,Photograph,en
15077777,http://sweetgum.nybg.org/images3/1109/356/01799368.jpg,http://sweetgum.nybg.org/images3/1109/356/01799368.jpg,http://sweetgum.nybg.org/images3/1109/356/01799368.thumb.jpg,,,"New York Botanical Garden (NY)","CC BY-NC (Attribution-Non-Commercial)",http://creativecommons.org/licenses/by-nc/3.0/,,,urn:uuid:d673fef7-3c34-44d7-9445-11c05d6fc924,"2017-06-20 18:41:04",image/jpeg,http://sernecportal.org/portal/collections/individual/index.php?occid=15077777,StillImage,Photograph,en
15083697,http://sweetgum.nybg.org/images3/1076/899/01799442.jpg,http://sweetgum.nybg.org/images3/1076/899/01799442.jpg,http://sweetgum.nybg.org/images3/1076/899/01799442.thumb.jpg,,,"New York Botanical Garden (NY)","CC BY-NC (Attribution-Non-Commercial)",http://creativecommons.org/licenses/by-nc/3.0/,,,urn:uuid:2f2f8d5c-5eed-48e5-bb56-0aa4ed38d5c6,"2017-06-20 18:41:04",image/jpeg,http://sernecportal.org/portal/collections/individual/index.php?occid=15083697,StillImage,Photograph,en
15113204,http://sweetgum.nybg.org/images3/1109/330/01799342.jpg,http://sweetgum.nybg.org/images3/1109/330/01799342.jpg,http://sweetgum.nybg.org/images3/1109/330/01799342.thumb.jpg,,,"New York Botanical Garden (NY)","CC BY-NC (Attribution-Non-Commercial)",http://creativecommons.org/licenses/by-nc/3.0/,,,urn:uuid:952b10dc-d46a-4af5-a0ab-b4362ae53ad4,"2017-06-20 18:41:04",image/jpeg,http://sernecportal.org/portal/collections/individual/index.php?occid=15113204,StillImage,Photograph,en
15116432,http://sweetgum.nybg.org/images3/1076/919/01799463.jpg,http://sweetgum.nybg.org/images3/1076/919/01799463.jpg,http://sweetgum.nybg.org/images3/1076/919/01799463.thumb.jpg,,,"New York Botanical Garden (NY)","CC BY-NC (Attribution-Non-Commercial)",http://creativecommons.org/licenses/by-nc/3.0/,,,urn:uuid:40279f74-fb93-427f-a07f-2f76f7303b59,"2017-06-20 18:41:04",image/jpeg,http://sernecportal.org/portal/collections/individual/index.php?occid=15116432,StillImage,Photograph,en
15125787,http://sweetgum.nybg.org/images3/1076/897/01799440.jpg,http://sweetgum.nybg.org/images3/1076/897/01799440.jpg,http://sweetgum.nybg.org/images3/1076/897/01799440.thumb.jpg,,,"New York Botanical Garden (NY)","CC BY-NC (Attribution-Non-Commercial)",http://creativecommons.org/licenses/by-nc/3.0/,,,urn:uuid:4c078221-0822-45cf-9cac-3366b73c6ccd,"2017-06-20 18:41:04",image/jpeg,http://sernecportal.org/portal/collections/individual/index.php?occid=15125787,StillImage,Photograph,en
15125896,http://sweetgum.nybg.org/images3/1109/331/01799343.jpg,http://sweetgum.nybg.org/images3/1109/331/01799343.jpg,http://sweetgum.nybg.org/images3/1109/331/01799343.thumb.jpg,,,"New York Botanical Garden (NY)","CC BY-NC (Attribution-Non-Commercial)",http://creativecommons.org/licenses/by-nc/3.0/,,,urn:uuid:4ed02775-eb4f-436f-8548-8cb041a4b7d7,"2017-06-20 18:41:04",image/jpeg,http://sernecportal.org/portal/collections/individual/index.php?occid=15125896,StillImage,Photograph,en
15128284,http://sweetgum.nybg.org/images3/1109/353/01799365.jpg,http://sweetgum.nybg.org/images3/1109/353/01799365.jpg,http://sweetgum.nybg.org/images3/1109/353/01799365.thumb.jpg,,,"New York Botanical Garden (NY)","CC BY-NC (Attribution-Non-Commercial)",http://creativecommons.org/licenses/by-nc/3.0/,,,urn:uuid:2b5ea728-3c53-43b9-8d54-683c827a584b,"2017-06-20 18:41:04",image/jpeg,http://sernecportal.org/portal/collections/individual/index.php?occid=15128284,StillImage,Photograph,en
15131361,http://sweetgum.nybg.org/images3/1109/361/01799373.jpg,http://sweetgum.nybg.org/images3/1109/361/01799373.jpg,http://sweetgum.nybg.org/images3/1109/361/01799373.thumb.jpg,,,"New York Botanical Garden (NY)","CC BY-NC (Attribution-Non-Commercial)",http://creativecommons.org/licenses/by-nc/3.0/,,,urn:uuid:ff6c8b1e-3d67-4295-9b1d-99704fff78c3,"2017-06-20 18:41:04",image/jpeg,http://sernecportal.org/portal/collections/individual/index.php?occid=15131361,StillImage,Photograph,en
15137498,http://sweetgum.nybg.org/images3/1109/403/01799415.jpg,http://sweetgum.nybg.org/images3/1109/403/01799415.jpg,http://sweetgum.nybg.org/images3/1109/403/01799415.thumb.jpg,,,"New York Botanical Garden (NY)","CC BY-NC (Attribution-Non-Commercial)",http://creativecommons.org/licenses/by-nc/3.0/,,,urn:uuid:93ed0ee4-e1c6-4450-9dc0-7ff11c903f80,"2017-06-20 18:41:04",image/jpeg,http://sernecportal.org/portal/collections/individual/index.php?occid=15137498,StillImage,Photograph,en
15137626,http://sweetgum.nybg.org/images3/1076/930/01799474.jpg,http://sweetgum.nybg.org/images3/1076/930/01799474.jpg,http://sweetgum.nybg.org/images3/1076/930/01799474.thumb.jpg,,,"New York Botanical Garden (NY)","CC BY-NC (Attribution-Non-Commercial)",http://creativecommons.org/licenses/by-nc/3.0/,,,urn:uuid:25e68709-4ddd-435d-ac05-a207c18b8644,"2017-06-20 18:41:04",image/jpeg,http://sernecportal.org/portal/collections/individual/index.php?occid=15137626,StillImage,Photograph,en
15140395,http://sweetgum.nybg.org/images3/1076/916/01799460.jpg,http://sweetgum.nybg.org/images3/1076/916/01799460.jpg,http://sweetgum.nybg.org/images3/1076/916/01799460.thumb.jpg,,,"New York Botanical Garden (NY)","CC BY-NC (Attribution-Non-Commercial)",http://creativecommons.org/licenses/by-nc/3.0/,,,urn:uuid:190322fd-f45d-45ab-bf3e-d76b0f741991,"2017-06-20 18:41:04",image/jpeg,http://sernecportal.org/portal/collections/individual/index.php?occid=15140395,StillImage,Photograph,en
15146361,http://sweetgum.nybg.org/images3/1109/392/01799404.jpg,http://sweetgum.nybg.org/images3/1109/392/01799404.jpg,http://sweetgum.nybg.org/images3/1109/392/01799404.thumb.jpg,,,"New York Botanical Garden (NY)","CC BY-NC (Attribution-Non-Commercial)",http://creativecommons.org/licenses/by-nc/3.0/,,,urn:uuid:e162f1d3-7912-4fac-a01d-cf3effc38e9e,"2017-06-20 18:41:04",image/jpeg,http://sernecportal.org/portal/collections/individual/index.php?occid=15146361,StillImage,Photograph,en
15162830,http://sweetgum.nybg.org/images3/1076/914/01799458.jpg,http://sweetgum.nybg.org/images3/1076/914/01799458.jpg,http://sweetgum.nybg.org/images3/1076/914/01799458.thumb.jpg,,,"New York Botanical Garden (NY)","CC BY-NC (Attribution-Non-Commercial)",http://creativecommons.org/licenses/by-nc/3.0/,,,urn:uuid:e27fde84-64cc-4cc4-b2a7-ce15511661dc,"2017-06-20 18:41:04",image/jpeg,http://sernecportal.org/portal/collections/individual/index.php?occid=15162830,StillImage,Photograph,en
15169211,http://sweetgum.nybg.org/images3/1109/405/01799417.jpg,http://sweetgum.nybg.org/images3/1109/405/01799417.jpg,http://sweetgum.nybg.org/images3/1109/405/01799417.thumb.jpg,,,"New York Botanical Garden (NY)","CC BY-NC (Attribution-Non-Commercial)",http://creativecommons.org/licenses/by-nc/3.0/,,,urn:uuid:9c8722e1-ec7d-4acb-af0b-becc236ff991,"2017-06-20 18:41:04",image/jpeg,http://sernecportal.org/portal/collections/individual/index.php?occid=15169211,StillImage,Photograph,en
15178436,http://sweetgum.nybg.org/images3/1076/908/01799452.jpg,http://sweetgum.nybg.org/images3/1076/908/01799452.jpg,http://sweetgum.nybg.org/images3/1076/908/01799452.thumb.jpg,,,"New York Botanical Garden (NY)","CC BY-NC (Attribution-Non-Commercial)",http://creativecommons.org/licenses/by-nc/3.0/,,,urn:uuid:2722d6ec-d533-4383-b523-42914816b6cb,"2017-06-20 18:41:04",image/jpeg,http://sernecportal.org/portal/collections/individual/index.php?occid=15178436,StillImage,Photograph,en
15181404,http://sweetgum.nybg.org/images3/1076/918/01799462.jpg,http://sweetgum.nybg.org/images3/1076/918/01799462.jpg,http://sweetgum.nybg.org/images3/1076/918/01799462.thumb.jpg,,,"New York Botanical Garden (NY)","CC BY-NC (Attribution-Non-Commercial)",http://creativecommons.org/licenses/by-nc/3.0/,,,urn:uuid:ae8fd67e-0693-4621-96c1-1d4a1d6bae52,"2017-06-20 18:41:04",image/jpeg,http://sernecportal.org/portal/collections/individual/index.php?occid=15181404,StillImage,Photograph,en
15184206,http://sweetgum.nybg.org/images3/1076/925/01799469.jpg,http://sweetgum.nybg.org/images3/1076/925/01799469.jpg,http://sweetgum.nybg.org/images3/1076/925/01799469.thumb.jpg,,,"New York Botanical Garden (NY)","CC BY-NC (Attribution-Non-Commercial)",http://creativecommons.org/licenses/by-nc/3.0/,,,urn:uuid:766836a5-cb9c-4b7d-9391-b70c8baac1d3,"2017-06-20 18:41:04",image/jpeg,http://sernecportal.org/portal/collections/individual/index.php?occid=15184206,StillImage,Photograph,en
15190368,http://sweetgum.nybg.org/images3/1076/922/01799466.jpg,http://sweetgum.nybg.org/images3/1076/922/01799466.jpg,http://sweetgum.nybg.org/images3/1076/922/01799466.thumb.jpg,,,"New York Botanical Garden (NY)","CC BY-NC (Attribution-Non-Commercial)",http://creativecommons.org/licenses/by-nc/3.0/,,,urn:uuid:daa63b46-21d8-46bb-a097-21eb4272f028,"2017-06-20 18:41:04",image/jpeg,http://sernecportal.org/portal/collections/individual/index.php?occid=15190368,StillImage,Photograph,en
15190966,http://sweetgum.nybg.org/images3/1076/923/01799467.jpg,http://sweetgum.nybg.org/images3/1076/923/01799467.jpg,http://sweetgum.nybg.org/images3/1076/923/01799467.thumb.jpg,,,"New York Botanical Garden (NY)","CC BY-NC (Attribution-Non-Commercial)",http://creativecommons.org/licenses/by-nc/3.0/,,,urn:uuid:49c42532-2adf-4d97-9858-2cb654e8ef73,"2017-06-20 18:41:04",image/jpeg,http://sernecportal.org/portal/collections/individual/index.php?occid=15190966,StillImage,Photograph,en
15191167,http://sweetgum.nybg.org/images3/1076/907/01799451.jpg,http://sweetgum.nybg.org/images3/1076/907/01799451.jpg,http://sweetgum.nybg.org/images3/1076/907/01799451.thumb.jpg,,,"New York Botanical Garden (NY)","CC BY-NC (Attribution-Non-Commercial)",http://creativecommons.org/licenses/by-nc/3.0/,,,urn:uuid:776ed9a6-e6d5-4819-89e0-4bbd7e36cbe7,"2017-06-20 18:41:04",image/jpeg,http://sernecportal.org/portal/collections/individual/index.php?occid=15191167,StillImage,Photograph,en
15199098,http://sweetgum.nybg.org/images3/1109/333/01799345.jpg,http://sweetgum.nybg.org/images3/1109/333/01799345.jpg,http://sweetgum.nybg.org/images3/1109/333/01799345.thumb.jpg,,,"New York Botanical Garden (NY)","CC BY-NC (Attribution-Non-Commercial)",http://creativecommons.org/licenses/by-nc/3.0/,,,urn:uuid:d9522e3d-7a23-46ea-a17d-71a1a03646d2,"2017-06-20 18:41:04",image/jpeg,http://sernecportal.org/portal/collections/individual/index.php?occid=15199098,StillImage,Photograph,en
15203385,http://sweetgum.nybg.org/images3/1076/934/01799478.jpg,http://sweetgum.nybg.org/images3/1076/934/01799478.jpg,http://sweetgum.nybg.org/images3/1076/934/01799478.thumb.jpg,,,"New York Botanical Garden (NY)","CC BY-NC (Attribution-Non-Commercial)",http://creativecommons.org/licenses/by-nc/3.0/,,,urn:uuid:73a5ad59-06f3-4e7a-b19c-7476c7ca2a71,"2017-06-20 18:41:04",image/jpeg,http://sernecportal.org/portal/collections/individual/index.php?occid=15203385,StillImage,Photograph,en
15211853,http://sweetgum.nybg.org/images3/1109/394/01799406.jpg,http://sweetgum.nybg.org/images3/1109/394/01799406.jpg,http://midwestherbaria.org/imglib/midwest/NY/01799/01799406_1499928239_tn.jpg,http://midwestherbaria.org/imglib/midwest/NY/01799/01799406_1499928239_web.jpg,,"New York Botanical Garden (NY)","CC BY-NC (Attribution-Non-Commercial)",http://creativecommons.org/licenses/by-nc/3.0/,,,urn:uuid:0e0d4ca6-a64e-427c-94ac-95d1a8eb7555,"2017-06-20 18:41:04",image/jpeg,http://sernecportal.org/portal/collections/individual/index.php?occid=15211853,StillImage,Photograph,en
15223404,http://sweetgum.nybg.org/images3/1109/351/01799363.jpg,http://sweetgum.nybg.org/images3/1109/351/01799363.jpg,http://sweetgum.nybg.org/images3/1109/351/01799363.thumb.jpg,,,"New York Botanical Garden (NY)","CC BY-NC (Attribution-Non-Commercial)",http://creativecommons.org/licenses/by-nc/3.0/,,,urn:uuid:6089d514-e4b3-4cb8-b6c6-8a6e4c1ddec5,"2017-06-20 18:41:04",image/jpeg,http://sernecportal.org/portal/collections/individual/index.php?occid=15223404,StillImage,Photograph,en
15227991,http://sweetgum.nybg.org/images3/1109/363/01799375.jpg,http://sweetgum.nybg.org/images3/1109/363/01799375.jpg,http://sweetgum.nybg.org/images3/1109/363/01799375.thumb.jpg,,,"New York Botanical Garden (NY)","CC BY-NC (Attribution-Non-Commercial)",http://creativecommons.org/licenses/by-nc/3.0/,,,urn:uuid:0aed64d0-413e-4ca5-ae55-7968ead96a5b,"2017-06-20 18:41:04",image/jpeg,http://sernecportal.org/portal/collections/individual/index.php?occid=15227991,StillImage,Photograph,en
15234784,http://sweetgum.nybg.org/images3/1076/920/01799464.jpg,http://sweetgum.nybg.org/images3/1076/920/01799464.jpg,http://sweetgum.nybg.org/images3/1076/920/01799464.thumb.jpg,,,"New York Botanical Garden (NY)","CC BY-NC (Attribution-Non-Commercial)",http://creativecommons.org/licenses/by-nc/3.0/,,,urn:uuid:c4434781-a531-46d8-8b92-0fb9a40ab4c2,"2017-06-20 18:41:04",image/jpeg,http://sernecportal.org/portal/collections/individual/index.php?occid=15234784,StillImage,Photograph,en
15239277,http://sweetgum.nybg.org/images3/1076/900/01799443.jpg,http://sweetgum.nybg.org/images3/1076/900/01799443.jpg,http://sweetgum.nybg.org/images3/1076/900/01799443.thumb.jpg,,,"New York Botanical Garden (NY)","CC BY-NC (Attribution-Non-Commercial)",http://creativecommons.org/licenses/by-nc/3.0/,,,urn:uuid:6f32d7ab-e9ec-4213-95ba-5db44fdb105f,"2017-06-20 18:41:04",image/jpeg,http://sernecportal.org/portal/collections/individual/index.php?occid=15239277,StillImage,Photograph,en
15242808,http://sweetgum.nybg.org/images3/1109/362/01799374.jpg,http://sweetgum.nybg.org/images3/1109/362/01799374.jpg,http://sweetgum.nybg.org/images3/1109/362/01799374.thumb.jpg,,,"New York Botanical Garden (NY)","CC BY-NC (Attribution-Non-Commercial)",http://creativecommons.org/licenses/by-nc/3.0/,,,urn:uuid:aae5e196-9268-4e9c-a8d2-51ca16b1d852,"2017-06-20 18:41:04",image/jpeg,http://sernecportal.org/portal/collections/individual/index.php?occid=15242808,StillImage,Photograph,en
15248775,http://sweetgum.nybg.org/images3/1109/344/01799356.jpg,http://sweetgum.nybg.org/images3/1109/344/01799356.jpg,http://sweetgum.nybg.org/images3/1109/344/01799356.thumb.jpg,,,"New York Botanical Garden (NY)","CC BY-NC (Attribution-Non-Commercial)",http://creativecommons.org/licenses/by-nc/3.0/,,,urn:uuid:16412dcb-78c5-4329-81ce-b5db611feb25,"2017-06-20 18:41:04",image/jpeg,http://sernecportal.org/portal/collections/individual/index.php?occid=15248775,StillImage,Photograph,en
15249941,http://sweetgum.nybg.org/images3/1076/903/01799447.jpg,http://sweetgum.nybg.org/images3/1076/903/01799447.jpg,http://sweetgum.nybg.org/images3/1076/903/01799447.thumb.jpg,,,"New York Botanical Garden (NY)","CC BY-NC (Attribution-Non-Commercial)",http://creativecommons.org/licenses/by-nc/3.0/,,,urn:uuid:ea590127-276e-4163-9a73-dfca6d2e6f3b,"2017-06-20 18:41:04",image/jpeg,http://sernecportal.org/portal/collections/individual/index.php?occid=15249941,StillImage,Photograph,en
15255929,http://sweetgum.nybg.org/images3/1655/420/02480624.jpg,http://sweetgum.nybg.org/images3/1655/420/02480624.jpg,http://sweetgum.nybg.org/images3/1655/420/02480624.thumb.jpg,,,"New York Botanical Garden (NY)","CC BY-NC (Attribution-Non-Commercial)",http://creativecommons.org/licenses/by-nc/3.0/,,,urn:uuid:7a2b89d1-9998-46f2-aec5-621d59247684,"2017-06-20 18:41:04",image/jpeg,http://sernecportal.org/portal/collections/individual/index.php?occid=15255929,StillImage,Photograph,en
15259583,http://sweetgum.nybg.org/images3/1076/887/01799430.jpg,http://sweetgum.nybg.org/images3/1076/887/01799430.jpg,http://sweetgum.nybg.org/images3/1076/887/01799430.thumb.jpg,,,"New York Botanical Garden (NY)","CC BY-NC (Attribution-Non-Commercial)",http://creativecommons.org/licenses/by-nc/3.0/,,,urn:uuid:7bf37e35-03c9-4720-85d3-22938eafe789,"2017-06-20 18:41:04",image/jpeg,http://sernecportal.org/portal/collections/individual/index.php?occid=15259583,StillImage,Photograph,en
15265188,http://sweetgum.nybg.org/images3/1109/338/01799350.jpg,http://sweetgum.nybg.org/images3/1109/338/01799350.jpg,http://sweetgum.nybg.org/images3/1109/338/01799350.thumb.jpg,,,"New York Botanical Garden (NY)","CC BY-NC (Attribution-Non-Commercial)",http://creativecommons.org/licenses/by-nc/3.0/,,,urn:uuid:f7d23938-2bae-4e63-b7fb-528894adeb4b,"2017-06-20 18:41:04",image/jpeg,http://sernecportal.org/portal/collections/individual/index.php?occid=15265188,StillImage,Photograph,en
15269503,http://sweetgum.nybg.org/images3/1109/359/01799371.jpg,http://sweetgum.nybg.org/images3/1109/359/01799371.jpg,http://sweetgum.nybg.org/images3/1109/359/01799371.thumb.jpg,,,"New York Botanical Garden (NY)","CC BY-NC (Attribution-Non-Commercial)",http://creativecommons.org/licenses/by-nc/3.0/,,,urn:uuid:409055f0-9500-4cf6-8a2d-c58839dd0caf,"2017-06-20 18:41:04",image/jpeg,http://sernecportal.org/portal/collections/individual/index.php?occid=15269503,StillImage,Photograph,en
15657306,https://bisque.cyverse.org/image_service/image/00-zG92tQg2pB8cZcZXNtYFhk?resize=4000&format=jpeg,https://bisque.cyverse.org/image_service/image/00-zG92tQg2pB8cZcZXNtYFhk?resize=4000&format=jpeg,"https://bisque.cyverse.org/image_service/image/00-zG92tQg2pB8cZcZXNtYFhk?thumbnail=200,200",https://bisque.cyverse.org/image_service/image/00-zG92tQg2pB8cZcZXNtYFhk?resize=1250&format=jpeg,,"University of Georgia Herbarium (GA)","CC BY-NC (Attribution-Non-Commercial)",http://creativecommons.org/licenses/by-nc/3.0/,,,urn:uuid:816bd289-085c-4792-9e37-c281eb3193a0,"2017-07-27 15:36:33",image/jpeg,http://sernecportal.org/portal/collections/individual/index.php?occid=15657306,StillImage,Photograph,en
15658619,https://bisque.cyverse.org/image_service/image/00-3padQEkrmF7cxHgEzGYvFb?resize=4000&format=jpeg,https://bisque.cyverse.org/image_service/image/00-3padQEkrmF7cxHgEzGYvFb?resize=4000&format=jpeg,"https://bisque.cyverse.org/image_service/image/00-3padQEkrmF7cxHgEzGYvFb?thumbnail=200,200",https://bisque.cyverse.org/image_service/image/00-3padQEkrmF7cxHgEzGYvFb?resize=1250&format=jpeg,,"University of Georgia Herbarium (GA)","CC BY-NC (Attribution-Non-Commercial)",http://creativecommons.org/licenses/by-nc/3.0/,,,urn:uuid:cc6491a5-3409-40b1-b267-feb04017dc2b,"2017-07-27 15:36:33",image/jpeg,http://sernecportal.org/portal/collections/individual/index.php?occid=15658619,StillImage,Photograph,en
15873636,http://ngpherbaria.org/imglib/ngreatplains/HPC/HPC00025/IMG_1226_1503944033_lg.jpg,http://ngpherbaria.org/imglib/ngreatplains/HPC/HPC00025/IMG_1226_1503944033_lg.jpg,http://ngpherbaria.org/imglib/ngreatplains/HPC/HPC00025/IMG_1226_1503944033_tn.jpg,http://ngpherbaria.org/imglib/ngreatplains/HPC/HPC00025/IMG_1226_1503944033.jpg,,"Howard Payne University","CC BY (Attribution)",http://creativecommons.org/licenses/by/3.0/,,,urn:uuid:5084d656-5f5e-4574-aaad-607c3f32f0c4,"2017-08-28 14:13:53",image/jpeg,http://sernecportal.org/portal/collections/individual/index.php?occid=15873636,StillImage,Photograph,en
16041958,http://cdn.flmnh.ufl.edu/Herbarium/jpg/184/184421a1.jpg,http://cdn.flmnh.ufl.edu/Herbarium/jpg/184/184421a1.jpg,http://sernecportal.org/imglib/sernec/FLAS/00184/184421a1_1522617688_tn.jpg,http://sernecportal.org/imglib/sernec/FLAS/00184/184421a1_1522617688_web.jpg,,"University of Florida","CC BY-NC (Attribution-Non-Commercial)",http://creativecommons.org/licenses/by-nc/3.0/,,,urn:uuid:d39ab11a-1f0f-423f-9496-d1f3f47dcfff,"2018-03-18 15:05:44",image/jpeg,http://sernecportal.org/portal/collections/individual/index.php?occid=16041958,StillImage,Photograph,en
17603203,http://mam.ansp.org/image/MARY/Fullsize/1034/MARY1034097.jpg,http://mam.ansp.org/image/MARY/Fullsize/1034/MARY1034097.jpg,http://sernecportal.org/imglib/mam/MARY/MARY1034/MARY1034097_1518633428_tn.jpg,http://sernecportal.org/imglib/mam/MARY/MARY1034/MARY1034097_1518633428_web.jpg,,"University of Maryland, Norton-Brown Herbarium (MARY)","CC0 1.0 (Public-domain)",http://creativecommons.org/publicdomain/zero/1.0/,,,urn:uuid:607f8efa-3a5f-47ac-a8c1-1e932c64ad75,"2018-02-14 12:33:30",image/jpeg,http://sernecportal.org/portal/collections/individual/index.php?occid=17603203,StillImage,Photograph,en
17603204,http://mam.ansp.org/image/MARY/Fullsize/1034/MARY1034098.jpg,http://mam.ansp.org/image/MARY/Fullsize/1034/MARY1034098.jpg,http://sernecportal.org/imglib/mam/MARY/MARY1034/MARY1034098_1518632750_tn.jpg,http://sernecportal.org/imglib/mam/MARY/MARY1034/MARY1034098_1518632750_web.jpg,,"University of Maryland, Norton-Brown Herbarium (MARY)","CC0 1.0 (Public-domain)",http://creativecommons.org/publicdomain/zero/1.0/,,,urn:uuid:9b51a883-17ef-44f5-affb-71d91fb024cb,"2018-02-14 12:33:30",image/jpeg,http://sernecportal.org/portal/collections/individual/index.php?occid=17603204,StillImage,Photograph,en
19370485,https://cdn.plantatlas.org/img/specimens/USF/25228.jpg,https://cdn.plantatlas.org/img/specimens/USF/25228.jpg,https://cdn.plantatlas.org/img/specimens/USF/thumbs/25228.jpg,,,"University of South Florida Herbarium (USF)","CC BY (Attribution)",http://creativecommons.org/licenses/by/3.0/,,,urn:uuid:82cb1560-de34-47ee-8098-e2eb5389506a,"2018-03-29 10:29:17",image/jpeg,http://sernecportal.org/portal/collections/individual/index.php?occid=19370485,StillImage,Photograph,en
19370486,https://cdn.plantatlas.org/img/specimens/USF/192937.jpg,https://cdn.plantatlas.org/img/specimens/USF/192937.jpg,https://cdn.plantatlas.org/img/specimens/USF/thumbs/192937.jpg,,,"University of South Florida Herbarium (USF)","CC BY (Attribution)",http://creativecommons.org/licenses/by/3.0/,,,urn:uuid:335d92a7-e780-4c09-adfc-86059b20a838,"2018-03-29 10:29:17",image/jpeg,http://sernecportal.org/portal/collections/individual/index.php?occid=19370486,StillImage,Photograph,en
19370487,https://cdn.plantatlas.org/img/specimens/USF/63504.jpg,https://cdn.plantatlas.org/img/specimens/USF/63504.jpg,https://cdn.plantatlas.org/img/specimens/USF/thumbs/63504.jpg,http://sernecportal.org/imglib/sernec/USF/00063/63504_1522433569_web.jpg,,"University of South Florida Herbarium (USF)","CC BY (Attribution)",http://creativecommons.org/licenses/by/3.0/,,,urn:uuid:6839c9cd-938b-4ce4-b0a6-4cab7991fef6,"2018-03-29 10:29:17",image/jpeg,http://sernecportal.org/portal/collections/individual/index.php?occid=19370487,StillImage,Photograph,en
19370488,https://cdn.plantatlas.org/img/specimens/USF/102909.jpg,https://cdn.plantatlas.org/img/specimens/USF/102909.jpg,https://cdn.plantatlas.org/img/specimens/USF/thumbs/102909.jpg,,,"University of South Florida Herbarium (USF)","CC BY (Attribution)",http://creativecommons.org/licenses/by/3.0/,,,urn:uuid:c2d76de8-d535-4761-bd6c-cd266566f4a6,"2018-03-29 10:29:17",image/jpeg,http://sernecportal.org/portal/collections/individual/index.php?occid=19370488,StillImage,Photograph,en
19416094,https://cdn.plantatlas.org/img/specimens/USF/112060.jpg,https://cdn.plantatlas.org/img/specimens/USF/112060.jpg,https://cdn.plantatlas.org/img/specimens/USF/thumbs/112060.jpg,,,"University of South Florida Herbarium (USF)","CC BY (Attribution)",http://creativecommons.org/licenses/by/3.0/,,,urn:uuid:1c9c0f03-4f2c-4188-8121-7365b8a63ec0,"2018-03-29 10:29:17",image/jpeg,http://sernecportal.org/portal/collections/individual/index.php?occid=19416094,StillImage,Photograph,en
19493071,http://storage.idigbio.org/vt/vplants/UVMVT286/UVMVT286902_lg.jpg,http://storage.idigbio.org/vt/vplants/UVMVT286/UVMVT286902_lg.jpg,http://storage.idigbio.org/vt/vplants/UVMVT286/UVMVT286902_tn.jpg,http://storage.idigbio.org/vt/vplants/UVMVT286/UVMVT286902.jpg,,"University of Vermont","CC BY-NC (Attribution-Non-Commercial)",http://creativecommons.org/licenses/by-nc/3.0/,,,urn:uuid:46ed3eba-2a37-4a5e-9800-3f4febdfbca2,"2018-04-16 14:07:09",image/jpeg,http://sernecportal.org/portal/collections/individual/index.php?occid=19493071,StillImage,Photograph,en
19493952,http://storage.idigbio.org/vt/vplants/UVMVT286/UVMVT286397_lg.jpg,http://storage.idigbio.org/vt/vplants/UVMVT286/UVMVT286397_lg.jpg,http://storage.idigbio.org/vt/vplants/UVMVT286/UVMVT286397_tn.jpg,http://storage.idigbio.org/vt/vplants/UVMVT286/UVMVT286397.jpg,,"University of Vermont","CC BY-NC (Attribution-Non-Commercial)",http://creativecommons.org/licenses/by-nc/3.0/,,,urn:uuid:004809ec-6a96-4a8e-861d-63ebc8d0ca96,"2018-04-16 14:13:29",image/jpeg,http://sernecportal.org/portal/collections/individual/index.php?occid=19493952,StillImage,Photograph,en
19494591,http://storage.idigbio.org/vt/vplants/UVMVT285/UVMVT285699_lg.jpg,http://storage.idigbio.org/vt/vplants/UVMVT285/UVMVT285699_lg.jpg,http://storage.idigbio.org/vt/vplants/UVMVT285/UVMVT285699_tn.jpg,http://storage.idigbio.org/vt/vplants/UVMVT285/UVMVT285699.jpg,,"University of Vermont","CC BY-NC (Attribution-Non-Commercial)",http://creativecommons.org/licenses/by-nc/3.0/,,,urn:uuid:c006558d-4c21-4276-a793-4572c18f6fe6,"2018-04-16 14:03:58",image/jpeg,http://sernecportal.org/portal/collections/individual/index.php?occid=19494591,StillImage,Photograph,en
20320911,http://mam.ansp.org/image/SIM/Fullsize/0023/SIM0023438.jpg,http://mam.ansp.org/image/SIM/Fullsize/0023/SIM0023438.jpg,http://sernecportal.org/imglib/mam/SIM/SIM0023/SIM0023438_1532365443_tn.jpg,http://sernecportal.org/imglib/mam/SIM/SIM0023/SIM0023438_1532365443_web.jpg,,"Staten Island Museum (SIM)","CC BY-NC-SA (Attribution-NonCommercial-ShareAlike)",http://creativecommons.org/licenses/by-nc/4.0/,,,urn:uuid:8a95c549-cc2c-4379-b991-f6d6a0d46508,"2018-07-23 12:51:53",image/jpeg,http://sernecportal.org/portal/collections/individual/index.php?occid=20320911,StillImage,Photograph,en
20321212,http://mam.ansp.org/image/SIM/Fullsize/0023/SIM0023558.jpg,http://mam.ansp.org/image/SIM/Fullsize/0023/SIM0023558.jpg,http://sernecportal.org/imglib/mam/SIM/SIM0023/SIM0023558_1532371989_tn.jpg,http://sernecportal.org/imglib/mam/SIM/SIM0023/SIM0023558_1532371989_web.jpg,,"Staten Island Museum (SIM)","CC BY-NC-SA (Attribution-NonCommercial-ShareAlike)",http://creativecommons.org/licenses/by-nc/4.0/,,,urn:uuid:7d1d1b33-b3c0-4748-95ca-9faddd595666,"2018-07-23 14:25:05",image/jpeg,http://sernecportal.org/portal/collections/individual/index.php?occid=20321212,StillImage,Photograph,en
20321703,http://mam.ansp.org/image/SIM/Fullsize/0023/SIM0023824.jpg,http://mam.ansp.org/image/SIM/Fullsize/0023/SIM0023824.jpg,http://sernecportal.org/imglib/mam/SIM/SIM0023/SIM0023824_1532371977_tn.jpg,http://sernecportal.org/imglib/mam/SIM/SIM0023/SIM0023824_1532371977_web.jpg,,"Staten Island Museum (SIM)","CC BY-NC-SA (Attribution-NonCommercial-ShareAlike)",http://creativecommons.org/licenses/by-nc/4.0/,,,urn:uuid:bc602a56-b6fe-4c9e-9c20-8873316a16d6,"2018-07-23 14:31:49",image/jpeg,http://sernecportal.org/portal/collections/individual/index.php?occid=20321703,StillImage,Photograph,en
20366586,http://mam.ansp.org/image/SIM/Fullsize/0024/SIM0024333.jpg,http://mam.ansp.org/image/SIM/Fullsize/0024/SIM0024333.jpg,http://sernecportal.org/imglib/mam/SIM/SIM0024/SIM0024333_1533575771_tn.jpg,http://sernecportal.org/imglib/mam/SIM/SIM0024/SIM0024333_1533575771_web.jpg,,"Staten Island Museum (SIM)","CC BY-NC-SA (Attribution-NonCommercial-ShareAlike)",http://creativecommons.org/licenses/by-nc/4.0/,,,urn:uuid:045cf9ae-7a5e-4198-8fd4-5b49cf763bf2,"2018-08-06 12:58:29",image/jpeg,http://sernecportal.org/portal/collections/individual/index.php?occid=20366586,StillImage,Photograph,en
20366589,http://mam.ansp.org/image/SIM/Fullsize/0024/SIM0024336.jpg,http://mam.ansp.org/image/SIM/Fullsize/0024/SIM0024336.jpg,http://sernecportal.org/imglib/mam/SIM/SIM0024/SIM0024336_1533575752_tn.jpg,http://sernecportal.org/imglib/mam/SIM/SIM0024/SIM0024336_1533575752_web.jpg,,"Staten Island Museum (SIM)","CC BY-NC-SA (Attribution-NonCommercial-ShareAlike)",http://creativecommons.org/licenses/by-nc/4.0/,,,urn:uuid:afe0b85c-04e7-4833-b186-fc48e3dd185e,"2018-08-06 12:58:29",image/jpeg,http://sernecportal.org/portal/collections/individual/index.php?occid=20366589,StillImage,Photograph,en
20366695,http://mam.ansp.org/image/SIM/Fullsize/0024/SIM0024442.jpg,http://mam.ansp.org/image/SIM/Fullsize/0024/SIM0024442.jpg,http://sernecportal.org/imglib/mam/SIM/SIM0024/SIM0024442_1533575787_tn.jpg,http://sernecportal.org/imglib/mam/SIM/SIM0024/SIM0024442_1533575787_web.jpg,,"Staten Island Museum (SIM)","CC BY-NC-SA (Attribution-NonCommercial-ShareAlike)",http://creativecommons.org/licenses/by-nc/4.0/,,,urn:uuid:0800eb8c-66a6-46a8-bb16-7ebc21e76349,"2018-08-06 12:58:29",image/jpeg,http://sernecportal.org/portal/collections/individual/index.php?occid=20366695,StillImage,Photograph,en
3874620,http://hasbrouck.asu.edu/imglib/intermt/BRY_V/BRYV0076/BRYV0076971_sm.jpg,http://hasbrouck.asu.edu/imglib/intermt/BRY_V/BRYV0076/BRYV0076971_sm.jpg,http://sernecportal.org/imglib/sernec/misc/201510/BRYV0076971_sm_1445949543_tn.jpg,http://hasbrouck.asu.edu/imglib/intermt/BRY_V/BRYV0076/BRYV0076971_sm.jpg,,"Brigham Young University","CC BY-NC (Attribution-Non-Commercial)",http://creativecommons.org/licenses/by-nc/3.0/,,,urn:uuid:f6f289b2-a3b5-4e0c-8b0b-dfc11c82d502,"2015-03-03 19:32:15",image/jpeg,http://sernecportal.org/portal/collections/individual/index.php?occid=3874620,StillImage,Photograph,en
6011123,http://www.mississippiplants.org/images/specimens/IBE028973/IBE028973.JPG,http://www.mississippiplants.org/images/specimens/IBE028973/IBE028973.JPG,http://hasbrouck.asu.edu/imglib/seinet/misc/201502/IBE028973_l_1423565579_tn.jpg,http://www.mississippiplants.org/images/specimens/IBE028973/IBE028973_l.JPG,,"Institute for Botanical Exploration (IBE)","CC BY-NC (Attribution-Non-Commercial)",http://creativecommons.org/licenses/by-nc/3.0/,,,urn:uuid:92ff5a5a-a803-4cbc-b7af-b6bad2550f53,"2015-02-04 00:26:52",image/jpeg,http://sernecportal.org/portal/collections/individual/index.php?occid=6011123,StillImage,Photograph,en
6833501,https://bisque.cyverse.org/image_service/image/00-ssJ2uM9m42UMNYPstak6qd?resize=4000&format=jpeg,https://bisque.cyverse.org/image_service/image/00-ssJ2uM9m42UMNYPstak6qd?resize=4000&format=jpeg,"https://bisque.cyverse.org/image_service/image/00-ssJ2uM9m42UMNYPstak6qd?thumbnail=200,200",https://bisque.cyverse.org/image_service/image/00-ssJ2uM9m42UMNYPstak6qd?resize=1250&format=jpeg,,"Furman University, Ives Herbarium (FUGR)","CC BY-NC (Attribution-Non-Commercial)",http://creativecommons.org/licenses/by-nc/3.0/,,,urn:uuid:9611a531-600c-46b5-9ae6-d77fe1f5b8c8,"2017-03-04 17:46:31",image/jpeg,http://sernecportal.org/portal/collections/individual/index.php?occid=6833501,StillImage,Photograph,en
8566135,https://bisque.cyverse.org/image_service/image/00-XJzuhdzUgPhXrukny86WAi?resize=4000&format=jpeg,https://bisque.cyverse.org/image_service/image/00-XJzuhdzUgPhXrukny86WAi?resize=4000&format=jpeg,"https://bisque.cyverse.org/image_service/image/00-XJzuhdzUgPhXrukny86WAi?thumbnail=200,200",https://bisque.cyverse.org/image_service/image/00-XJzuhdzUgPhXrukny86WAi?resize=1250&format=jpeg,,"University of Richmond Herbarium (URV)","CC BY-NC (Attribution-Non-Commercial)",http://creativecommons.org/licenses/by-nc/3.0/,,,urn:uuid:f885fcfe-eca5-4f13-932b-527242e08d5e,"2017-08-22 13:07:03",image/jpeg,http://sernecportal.org/portal/collections/individual/index.php?occid=8566135,StillImage,Photograph,en
8566136,https://bisque.cyverse.org/image_service/image/00-EjyVPW9qzBHRGqNJkB9pWS?resize=4000&format=jpeg,https://bisque.cyverse.org/image_service/image/00-EjyVPW9qzBHRGqNJkB9pWS?resize=4000&format=jpeg,"https://bisque.cyverse.org/image_service/image/00-EjyVPW9qzBHRGqNJkB9pWS?thumbnail=200,200",https://bisque.cyverse.org/image_service/image/00-EjyVPW9qzBHRGqNJkB9pWS?resize=1250&format=jpeg,,"University of Richmond Herbarium (URV)","CC BY-NC (Attribution-Non-Commercial)",http://creativecommons.org/licenses/by-nc/3.0/,,,urn:uuid:05996d6a-c17e-466f-8b99-e650fb1781b6,"2017-08-22 13:07:03",image/jpeg,http://sernecportal.org/portal/collections/individual/index.php?occid=8566136,StillImage,Photograph,en
8713951,https://bisque.cyverse.org/image_service/image/00-evjHWmWkh8xH8vGWokkoQb?resize=4000&format=jpeg,https://bisque.cyverse.org/image_service/image/00-evjHWmWkh8xH8vGWokkoQb?resize=4000&format=jpeg,"https://bisque.cyverse.org/image_service/image/00-evjHWmWkh8xH8vGWokkoQb?thumbnail=200,200",https://bisque.cyverse.org/image_service/image/00-evjHWmWkh8xH8vGWokkoQb?resize=1250&format=jpeg,,"North Carolina State University Vascular Plant Herbarium (NCSC)","CC BY-NC (Attribution-Non-Commercial)",http://creativecommons.org/licenses/by-nc/3.0/,,,urn:uuid:ea3fd981-1f7f-429d-a400-cb0664e6581c,"2016-03-29 12:54:47",image/jpeg,http://sernecportal.org/portal/collections/individual/index.php?occid=8713951,StillImage,Photograph,en
9274325,https://bisque.cyverse.org/image_service/image/00-s5Hh2FZo9pLYgAYo3FjFCM?resize=4000&format=jpeg,https://bisque.cyverse.org/image_service/image/00-s5Hh2FZo9pLYgAYo3FjFCM?resize=4000&format=jpeg,"https://bisque.cyverse.org/image_service/image/00-s5Hh2FZo9pLYgAYo3FjFCM?thumbnail=200,200",https://bisque.cyverse.org/image_service/image/00-s5Hh2FZo9pLYgAYo3FjFCM?resize=1250&format=jpeg,,"University of Tennessee (TENN)","CC0 1.0 (Public-domain)",http://creativecommons.org/publicdomain/zero/1.0/,,,urn:uuid:ca0cf958-b40a-4b16-ab7b-50763ddc1405,"2017-01-05 22:03:39",image/jpeg,http://sernecportal.org/portal/collections/individual/index.php?occid=9274325,StillImage,Photograph,en
9274346,https://bisque.cyverse.org/image_service/image/00-7vjik2gKaVFG8DXdrCQKjX?resize=4000&format=jpeg,https://bisque.cyverse.org/image_service/image/00-7vjik2gKaVFG8DXdrCQKjX?resize=4000&format=jpeg,"https://bisque.cyverse.org/image_service/image/00-7vjik2gKaVFG8DXdrCQKjX?thumbnail=200,200",https://bisque.cyverse.org/image_service/image/00-7vjik2gKaVFG8DXdrCQKjX?resize=1250&format=jpeg,,"University of Tennessee (TENN)","CC0 1.0 (Public-domain)",http://creativecommons.org/publicdomain/zero/1.0/,,,urn:uuid:4c857055-a95f-4b6b-a7d2-503f08d29b59,"2017-01-05 22:03:31",image/jpeg,http://sernecportal.org/portal/collections/individual/index.php?occid=9274346,StillImage,Photograph,en
9274392,https://bisque.cyverse.org/image_service/image/00-yLVPZKdeiArEvTZbc83CGW?resize=4000&format=jpeg,https://bisque.cyverse.org/image_service/image/00-yLVPZKdeiArEvTZbc83CGW?resize=4000&format=jpeg,"https://bisque.cyverse.org/image_service/image/00-yLVPZKdeiArEvTZbc83CGW?thumbnail=200,200",https://bisque.cyverse.org/image_service/image/00-yLVPZKdeiArEvTZbc83CGW?resize=1250&format=jpeg,,"University of Tennessee (TENN)","CC0 1.0 (Public-domain)",http://creativecommons.org/publicdomain/zero/1.0/,,,urn:uuid:c0ce3bd9-d2e6-4d4c-912e-373ad46fbc8a,"2017-01-05 22:04:03",image/jpeg,http://sernecportal.org/portal/collections/individual/index.php?occid=9274392,StillImage,Photograph,en
9274406,https://bisque.cyverse.org/image_service/image/00-XmiFRriHcn3nkF478hzi9D?resize=4000&format=jpeg,https://bisque.cyverse.org/image_service/image/00-XmiFRriHcn3nkF478hzi9D?resize=4000&format=jpeg,"https://bisque.cyverse.org/image_service/image/00-XmiFRriHcn3nkF478hzi9D?thumbnail=200,200",https://bisque.cyverse.org/image_service/image/00-XmiFRriHcn3nkF478hzi9D?resize=1250&format=jpeg,,"University of Tennessee (TENN)","CC0 1.0 (Public-domain)",http://creativecommons.org/publicdomain/zero/1.0/,,,urn:uuid:c639e583-0baf-40c0-8b98-3e12c6363a1e,"2017-01-05 22:04:09",image/jpeg,http://sernecportal.org/portal/collections/individual/index.php?occid=9274406,StillImage,Photograph,en
9274429,https://bisque.cyverse.org/image_service/image/00-pJ2wK7Buw8zcGYefmo5GrZ?resize=4000&format=jpeg,https://bisque.cyverse.org/image_service/image/00-pJ2wK7Buw8zcGYefmo5GrZ?resize=4000&format=jpeg,"https://bisque.cyverse.org/image_service/image/00-pJ2wK7Buw8zcGYefmo5GrZ?thumbnail=200,200",https://bisque.cyverse.org/image_service/image/00-pJ2wK7Buw8zcGYefmo5GrZ?resize=1250&format=jpeg,,"University of Tennessee (TENN)","CC0 1.0 (Public-domain)",http://creativecommons.org/publicdomain/zero/1.0/,,,urn:uuid:83f394ef-0ae9-4898-b240-f2d6159cc1c7,"2017-01-05 22:04:15",image/jpeg,http://sernecportal.org/portal/collections/individual/index.php?occid=9274429,StillImage,Photograph,en
15360928,https://bisque.cyverse.org/image_service/image/00-i9FWcVBaMV5xaGRrnEYsCG?resize=4000&format=jpeg,https://bisque.cyverse.org/image_service/image/00-i9FWcVBaMV5xaGRrnEYsCG?resize=4000&format=jpeg,"https://bisque.cyverse.org/image_service/image/00-i9FWcVBaMV5xaGRrnEYsCG?thumbnail=200,200",https://bisque.cyverse.org/image_service/image/00-i9FWcVBaMV5xaGRrnEYsCG?resize=1250&format=jpeg,,"Georgia Southwestern State University Herbarium (GSW)","CC BY-NC (Attribution-Non-Commercial)",http://creativecommons.org/licenses/by-nc/3.0/,,,urn:uuid:e173ae5b-edfc-4cf4-8983-9dca27711ee2,"2017-06-26 09:05:59",image/jpeg,http://sernecportal.org/portal/collections/individual/index.php?occid=15360928,StillImage,Photograph,en
19494592,http://storage.idigbio.org/vt/vplants/UVMVT285/UVMVT285700_lg.jpg,http://storage.idigbio.org/vt/vplants/UVMVT285/UVMVT285700_lg.jpg,http://storage.idigbio.org/vt/vplants/UVMVT285/UVMVT285700_tn.jpg,http://storage.idigbio.org/vt/vplants/UVMVT285/UVMVT285700.jpg,,"University of Vermont","CC BY-NC (Attribution-Non-Commercial)",http://creativecommons.org/licenses/by-nc/3.0/,,,urn:uuid:62fc81e6-b2c6-4e49-8b60-6483dafca0a0,"2018-04-16 14:08:07",image/jpeg,http://sernecportal.org/portal/collections/individual/index.php?occid=19494592,StillImage,Photograph,en
19494593,http://storage.idigbio.org/vt/vplants/UVMVT285/UVMVT285701_lg.jpg,http://storage.idigbio.org/vt/vplants/UVMVT285/UVMVT285701_lg.jpg,http://storage.idigbio.org/vt/vplants/UVMVT285/UVMVT285701_tn.jpg,http://storage.idigbio.org/vt/vplants/UVMVT285/UVMVT285701.jpg,,"University of Vermont","CC BY-NC (Attribution-Non-Commercial)",http://creativecommons.org/licenses/by-nc/3.0/,,,urn:uuid:bbd1e363-6289-44e7-9a07-13bcf992f6b4,"2018-04-16 14:01:27",image/jpeg,http://sernecportal.org/portal/collections/individual/index.php?occid=19494593,StillImage,Photograph,en
