<?xml version="1.0" encoding="ISO-8859-1"?>
<eml:eml xmlns:eml="eml://ecoinformatics.org/eml-2.1.1" xmlns:dc="http://purl.org/dc/terms/" xmlns:xsi="http://www.w3.org/2001/XMLSchema-instance" xsi:schemaLocation="eml://ecoinformatics.org/eml-2.1.1 http://rs.gbif.org/schema/eml-gbif-profile/1.0.1/eml.xsd" packageId="3b88b035-d583-45ac-afe8-ded2e5bef586" system="http://symbiota.org" scope="system" xml:lang="eng"><dataset><title xml:lang="eng">SERNEC general data extract</title><creator id="17dd4489-ee9c-414a-b99b-871873f3d335"><organizationName>SERNEC</organizationName><electronicMailAddress>herrick.brown@gmail.com</electronicMailAddress><onlineUrl>http://sernecportal.org/portal/index.php</onlineUrl></creator><metadataProvider><organizationName>SERNEC</organizationName><electronicMailAddress>herrick.brown@gmail.com</electronicMailAddress><onlineUrl>http://sernecportal.org/portal/index.php</onlineUrl></metadataProvider><pubDate>2018-10-11</pubDate><language>eng</language></dataset><additionalMetadata><metadata><symbiota><dateStamp>2018-10-11T13:08:34-07:00</dateStamp><citation identifier="0959e633-b659-4979-a1ef-e7b8d91562b7">SERNEC - 0959e633-b659-4979-a1ef-e7b8d91562b7</citation><physical><characterEncoding>ISO-8859-1</characterEncoding><dataFormat><externallyDefinedFormat><formatName>Darwin Core Archive</formatName></externallyDefinedFormat></dataFormat></physical><collection identifier="b39167b5-1732-4bbf-aeda-9b8ede470fbd" id="40"><alternateIdentifier>http://sernecportal.org/portal/collections/misc/collprofiles.php?collid=40</alternateIdentifier><parentCollectionIdentifier>NY</parentCollectionIdentifier><collectionIdentifier></collectionIdentifier><collectionName>New York Botanical Garden</collectionName><resourceLogoUrl>http://swbiodiversity.org/seinet/content/collicon/ny.jpg</resourceLogoUrl><onlineUrl>http://sciweb.nybg.org/science2/SteereHerbarium.asp</onlineUrl><intellectualRights>http://creativecommons.org/licenses/by-nc/3.0/</intellectualRights><associatedParty><userId>1305</userId><individualName>barbara Thiers</individualName><surname>Thiers</surname><givenname>barbara</givenname><electronicMailAddress>bthiers@nybg.org</electronicMailAddress><positionName>Director of the Herbarium</positionName></associatedParty><abstract><para>With more than 7.8 million preserved specimens, the William and Lynda Steere Herbarium is the largest herbarium in the Western Hemisphere.</para></abstract></collection><collection identifier="6c244ca0-69a1-46f9-b16d-5303db8fd0f1" id="106"><alternateIdentifier>http://sernecportal.org/portal/collections/misc/collprofiles.php?collid=106</alternateIdentifier><parentCollectionIdentifier>BRY</parentCollectionIdentifier><collectionIdentifier>V</collectionIdentifier><collectionName>Brigham Young University, S. L. Welsh Herbarium</collectionName><resourceLogoUrl>http://swbiodiversity.org/seinet/content/collicon/bry.gif</resourceLogoUrl><onlineUrl>http://mlbean.byu.edu/ResearchCollections/Collections/VascularPlants.aspx</onlineUrl><intellectualRights>http://creativecommons.org/licenses/by-nc/3.0/</intellectualRights><additionalInfo>Brigham Young University</additionalInfo><associatedParty><individualName>Robert Johnson / Leigh Johnson</individualName><electronicMailAddress>bry.db@byu.edu</electronicMailAddress></associatedParty><abstract><para>&lt;b&gt;Note: We reorganized our image file structure on our server out of necessity; most specimen images will not be viewable until a solution for remapping images is developed.&lt;/b&gt;&lt;br&gt;&lt;br&gt; &lt;b&gt;Vascular Plants. &lt;/b&gt;The herbarium has completed databasing the non-seed vascular plants, gymnosperms, and most monocots (still working on the grasses). Dicots are an ongoing effort; they are only complete for select groups and recently cataloged material. Some records that are incomplete, duplicate sheets, or that otherwise need additional attention may not be uploaded for searching here.&lt;br&gt;&lt;br&gt;The herbarium at BYU is recognized by the Index Herbariorum acronym 'BRY'. 'V' indicates the vascular plant portion of BRY housed in the S.L. Welsh Herbarium. The S.L. Welsh herbarium also houses a smaller collection gifted to Brigham Young University from the Ogden Forest Service, which maintains its Index Herbariorum acronym 'OGDF'. BRY also encompasses the Herbarium of Non-Vascular Cryptogams (including lichenized fungi), which is administered independently and curated by Steven Leavitt and emeritus curator Larry L. St.Clair. &lt;br&gt;&lt;br&gt;Information made available here electronically, including specimen data and images, has been produced by support from Brigham Young University, NSF grant DBI&#8211;1203616, the Grand Canyon Trust, and a Utah-BLM Challenge Cost-Share agreement. Any opinions, findings, and conclusions or recommendations expressed in this material are those of our herbarium and do not necessarily reflect the views of the National Science Foundation or other supporting agencies. &lt;br&gt;&lt;br&gt; &lt;b&gt;Please acknowledge the use of BRY/OGDF specimens in publications or products that have benefitted from the use of these data.&lt;/b&gt;&lt;br&gt;&lt;hr&gt;</para></abstract></collection><collection identifier="5082277f-dd49-4b22-9e2d-746d2fb233b4" id="151"><alternateIdentifier>http://sernecportal.org/portal/collections/misc/collprofiles.php?collid=151</alternateIdentifier><parentCollectionIdentifier>FSU</parentCollectionIdentifier><collectionIdentifier></collectionIdentifier><collectionName>Florida State University's Robert K. Godfrey Herbarium</collectionName><resourceLogoUrl>http://sernecportal.org/portal/content/collicon/fsu.png</resourceLogoUrl><onlineUrl>http://herbarium.bio.fsu.edu/</onlineUrl><intellectualRights>http://creativecommons.org/licenses/by-nc/3.0/</intellectualRights><additionalInfo>The Florida State University</additionalInfo><associatedParty><userId>5081</userId><individualName>Austin Mast</individualName><surname>Mast</surname><givenname>Austin</givenname><electronicMailAddress>amast@bio.fsu.edu</electronicMailAddress></associatedParty><abstract><para>The collection contains &gt;220,000 specimens that document the distribution and natural variation of plants and algae worldwide, with a special focus on the 2,400 species of plants found in N FL--one of North America's biodiversity hotspots--and the microalgae of Florida's Gulf and Atlantic coasts.</para></abstract></collection><collection identifier="81b5c57b-5f26-423f-93b6-d4dc434fe707" id="155"><alternateIdentifier>http://sernecportal.org/portal/collections/misc/collprofiles.php?collid=155</alternateIdentifier><parentCollectionIdentifier>CLEMS</parentCollectionIdentifier><collectionIdentifier></collectionIdentifier><collectionName>Clemson University Herbarium</collectionName><resourceLogoUrl>http://sernecportal.org/portal/content/collicon/clems.gif</resourceLogoUrl><onlineUrl>http://www.clemson.edu/cafls/herbarium/</onlineUrl><intellectualRights>http://creativecommons.org/licenses/by-nc/3.0/</intellectualRights><abstract></abstract><associatedParty><userId>830</userId><individualName>Dixie Damrel</individualName><surname>Damrel</surname><givenname>Dixie</givenname><electronicMailAddress>ddamrel@clemson.edu</electronicMailAddress><positionName>Curator, Clemson Herbarium</positionName></associatedParty></collection><collection identifier="120a109a-fef1-4ea6-b7d7-6a5f8f0e5c18" id="157"><alternateIdentifier>http://sernecportal.org/portal/collections/misc/collprofiles.php?collid=157</alternateIdentifier><parentCollectionIdentifier>MO</parentCollectionIdentifier><collectionIdentifier></collectionIdentifier><collectionName>Missouri Botanical Garden</collectionName><resourceLogoUrl>http://swbiodiversity.org/seinet/content/collicon/mo.jpg</resourceLogoUrl><onlineUrl>http://www.mobot.org</onlineUrl><intellectualRights>http://creativecommons.org/licenses/by/3.0/</intellectualRights><additionalInfo>Missouri Botanical Garden</additionalInfo><associatedParty><individualName>Jim Solomon</individualName><electronicMailAddress>jim.solomon@mobot.org</electronicMailAddress></associatedParty><abstract><para>Plants are essential to sustaining the stability and quality of human life on this planet. At the Missouri Botanical Garden, we have dedicated ourselves to helping conserve biological diversity while there is still something left to protect. Our research provides scientific information essential to decision makers, from conservation and land use to social and environmental policy. We have taken the lead in making information widely accessible via the Internet, maintaining the world's largest botanical database and the premier botanical website, TROPICOS. Garden scientists conduct the most productive and geographically widespread botanical research program in the world. A tiny sample of its herbarium records are presented here; providing more will require funding.</para></abstract></collection><collection identifier="0fdd3b88-7ca2-48ad-92e0-23e26acec000" id="193"><alternateIdentifier>http://sernecportal.org/portal/collections/misc/collprofiles.php?collid=193</alternateIdentifier><parentCollectionIdentifier>EKY</parentCollectionIdentifier><collectionIdentifier></collectionIdentifier><collectionName>Eastern Kentucky University, Ronald L. Jones Herbarium</collectionName><resourceLogoUrl>http://sernecportal.org/portal/content/collicon/eky2.jpg</resourceLogoUrl><onlineUrl>http://herbarium.eku.edu/</onlineUrl><intellectualRights>http://creativecommons.org/licenses/by-nc/3.0/</intellectualRights><associatedParty><userId>4774</userId><individualName>Brad Ruhfel</individualName><surname>Ruhfel</surname><givenname>Brad</givenname><electronicMailAddress>brad.ruhfel@eku.edu</electronicMailAddress><positionName>Associate Professor &amp; Curator</positionName></associatedParty><abstract><para>The EKU Herbarium (EKY) contains ~77,000 specimens and is the largest collection in Kentucky, and the second largest in the Kentucky-Tennessee region (surpassed only by the University of Tennessee). Most specimens are from central and eastern Kentucky, but also there is a good representation of western Kentucky and of the southeastern United States. There is also a set of woody plant specimens recently collected in Costa Rica. Nearly all specimens are of vascular plants. A number of important sets of specimens are housed at EKY, including sets from Lilley Cornett Woods, Maywoods Environmental and Educational Laboratory, Pine Mountain, Breaks Interstate Park, Brodhead Swamp, the headwater regions of the Green River, collections from the Kentucky State Nature Preserves Commission, collections of Mary Wharton, E.T. Browne, Raymond Athey, and county collections from Madison, Estill, Jackson, and Garrard Counties.</para></abstract></collection><collection identifier="afa92649-e7ab-404c-8650-5a31604ff168" id="249"><alternateIdentifier>http://sernecportal.org/portal/collections/misc/collprofiles.php?collid=249</alternateIdentifier><parentCollectionIdentifier>FLAS</parentCollectionIdentifier><collectionIdentifier></collectionIdentifier><collectionName>University of Florida Herbarium</collectionName><resourceLogoUrl>http://sernecportal.org/portal/content/collicon/FLAS-.jpg</resourceLogoUrl><onlineUrl>http://www.floridamuseum.ufl.edu/herbarium</onlineUrl><intellectualRights>http://creativecommons.org/licenses/by-nc/3.0/</intellectualRights><additionalInfo>University of Florida</additionalInfo><abstract></abstract><associatedParty><userId>5047</userId><individualName>Kent Perkins</individualName><surname>Perkins</surname><givenname>Kent</givenname><electronicMailAddress>kperkins@flmnh.ufl.edu</electronicMailAddress><positionName>Collection Manager</positionName></associatedParty></collection><collection identifier="a31f5623-cb82-4dc3-93bb-79d834381394" id="268"><alternateIdentifier>http://sernecportal.org/portal/collections/misc/collprofiles.php?collid=268</alternateIdentifier><parentCollectionIdentifier>FTU</parentCollectionIdentifier><collectionIdentifier></collectionIdentifier><collectionName>University of Central Florida Herbarium</collectionName><resourceLogoUrl>http://sernecportal.org/portal/content/collicon/ftu.png</resourceLogoUrl><onlineUrl></onlineUrl><intellectualRights>http://creativecommons.org/licenses/by-nc/3.0/</intellectualRights><abstract></abstract><associatedParty><individualName>Elizabeth Harris</individualName><electronicMailAddress>elizabeth.harris@ucf.edu</electronicMailAddress></associatedParty></collection><collection identifier="28be2df2-5062-4277-a5d8-fdd890b9b10b" id="278"><alternateIdentifier>http://sernecportal.org/portal/collections/misc/collprofiles.php?collid=278</alternateIdentifier><parentCollectionIdentifier>IND</parentCollectionIdentifier><collectionIdentifier></collectionIdentifier><collectionName>Indiana University Herbarium (Deam Herbarium)</collectionName><resourceLogoUrl>http://swbiodiversity.org/seinet/content/collicon/ind.png</resourceLogoUrl><onlineUrl>https://biology.indiana.edu/research/facilities-resources/herbarium.html</onlineUrl><intellectualRights>http://creativecommons.org/licenses/by-nc/3.0/</intellectualRights><additionalInfo>The Trustees of Indiana University</additionalInfo><associatedParty><userId>5333</userId><individualName>Eric Knox</individualName><surname>Knox</surname><givenname>Eric</givenname><electronicMailAddress>eknox@indiana.edu</electronicMailAddress><positionName>Director</positionName></associatedParty><abstract><para>The Department of Biology administers the Indiana University Herbarium (IND). Founded in 1885, the herbarium houses over 152,000 specimens of vascular plants, including the collections of Charles C. Deam on which the Flora of Indiana is based.</para></abstract></collection><collection identifier="47f1e55d-9d74-4348-8f0d-c3b10a3b2e37" id="289"><alternateIdentifier>http://sernecportal.org/portal/collections/misc/collprofiles.php?collid=289</alternateIdentifier><parentCollectionIdentifier>URV</parentCollectionIdentifier><collectionIdentifier></collectionIdentifier><collectionName>University of Richmond Herbarium</collectionName><onlineUrl>https://facultystaff.richmond.edu/~jhayden/herbarium_page/herbarium.html</onlineUrl><intellectualRights>http://creativecommons.org/licenses/by-nc/3.0/</intellectualRights><abstract></abstract><associatedParty><userId>5810</userId><individualName>W. John Hayden</individualName><surname>Hayden</surname><givenname>W. John</givenname><electronicMailAddress>jhayden@richmond.edu</electronicMailAddress><positionName>Professor of Biology</positionName></associatedParty></collection><collection identifier="a3883acd-bc7d-40f2-a6e4-372a3435e5d1" id="328"><alternateIdentifier>http://sernecportal.org/portal/collections/misc/collprofiles.php?collid=328</alternateIdentifier><parentCollectionIdentifier>CM</parentCollectionIdentifier><collectionIdentifier></collectionIdentifier><collectionName>Carnegie Museum of Natural History Herbarium</collectionName><resourceLogoUrl>http://intermountainbiota.org/portal/content/collicon/cm.jpg</resourceLogoUrl><onlineUrl>http://www.carnegiemnh.org/botany/collection.html</onlineUrl><intellectualRights>http://creativecommons.org/publicdomain/zero/1.0/</intellectualRights><additionalInfo>Carnegie Museum of Natural History</additionalInfo><associatedParty><userId>6197</userId><individualName>Bonnie Isaac</individualName><surname>Isaac</surname><givenname>Bonnie</givenname><electronicMailAddress>IsaacB@CarnegieMNH.org</electronicMailAddress></associatedParty><abstract><para>The Carnegie Museum herbarium (CM) has over 530,000 worldwide vascular plant specimens as well as the best representation in any herbarium of specimens from western Pennsylvania and the Upper Ohio Basin. CM holds the private herbarium of Hannibal and Tyrecca Davis containing 20,000 specimens with a concentration on Rubus (Rosaceae).</para></abstract></collection><collection identifier="63614ce9-dd60-4a9f-8226-3dfbd5cb5420" id="359"><alternateIdentifier>http://sernecportal.org/portal/collections/misc/collprofiles.php?collid=359</alternateIdentifier><parentCollectionIdentifier>GAS</parentCollectionIdentifier><collectionIdentifier></collectionIdentifier><collectionName>Georgia Southern University Herbarium</collectionName><resourceLogoUrl>http://sernecportal.org/portal/content/collicon/gas-gas.jpg</resourceLogoUrl><onlineUrl>https://sites.google.com/a/georgiasouthern.edu/gasherbarium/home</onlineUrl><intellectualRights>http://creativecommons.org/publicdomain/zero/1.0/</intellectualRights><abstract></abstract><associatedParty><individualName>John  Schenk</individualName><electronicMailAddress>jschenk@georgiasouthern.edu</electronicMailAddress></associatedParty></collection><collection identifier="25c29c49-4316-469f-837a-6e22437e0f8f" id="377"><alternateIdentifier>http://sernecportal.org/portal/collections/misc/collprofiles.php?collid=377</alternateIdentifier><parentCollectionIdentifier>KE</parentCollectionIdentifier><collectionIdentifier></collectionIdentifier><collectionName>Kent State University Herbarium</collectionName><resourceLogoUrl>http://midwestherbaria.org/portal/content/collicon/ke.png</resourceLogoUrl><onlineUrl>https://www.kent.edu/biology/herbarium</onlineUrl><intellectualRights>http://creativecommons.org/publicdomain/zero/1.0/</intellectualRights><associatedParty><userId>6815</userId><individualName>Dylan Stover</individualName><surname>Stover</surname><givenname>Dylan</givenname><electronicMailAddress>dstover@kent.edu</electronicMailAddress><positionName>Collections Manager</positionName></associatedParty><abstract><para>Founded in 1921, the Tom S. &amp; Miwako K. Cooperrider Herbarium at Kent State University (KE) currently houses approximately 81,000 specimens of vascular plants, bryophytes, algae, and lichens. The collection primarily focuses on the flora of northeastern Ohio.</para></abstract></collection><collection identifier="eefc8d2f-42bb-4ba2-92d7-52a4290a6fac" id="382"><alternateIdentifier>http://sernecportal.org/portal/collections/misc/collprofiles.php?collid=382</alternateIdentifier><parentCollectionIdentifier>USF</parentCollectionIdentifier><collectionIdentifier></collectionIdentifier><collectionName>University of South Florida Herbarium</collectionName><resourceLogoUrl>http://sernecportal.org/portal/content/collicon/usf.jpg</resourceLogoUrl><onlineUrl>http://biology.usf.edu/cmmb/research/herbarium.aspx</onlineUrl><intellectualRights>http://creativecommons.org/licenses/by/3.0/</intellectualRights><associatedParty><userId>5308</userId><individualName>Alan Franck</individualName><surname>Franck</surname><givenname>Alan</givenname><electronicMailAddress>afranck@mail.usf.edu</electronicMailAddress><positionName>Herbarium Curator</positionName></associatedParty><abstract><para>The USF Herbarium was established as a research and teaching collection in 1958 by George R. Cooley, two years after the founding of the University of South Florida. The USF Herbarium is the second largest collection in Florida, the seventh largest in the southeastern United States, and ranks in the upper third of the world's herbaria in size. The herbarium contains approximately 280,000 specimens, consisting of about 260,000 specimens of vascular plants, 14,000 algae, 2,800 bryophytes, 1,300 lichens, and 300 macrofungi. The collection contains approximately 400 type specimens. The herbarium is richest in specimens from Florida (~40%), with additional holdings from North America north of Mexico (~35%), Latin America and the West Indies (~15%), and the Eastern Hemisphere (~10%). Specific groups well represented in the herbarium include Acanthaceae, Apocynaceae, Begoniaceae, Bromeliaceae, Fabaceae, Orchidaceae, and pteridophytes (ferns).</para></abstract></collection><collection identifier="9302afb3-55ff-4bc3-8c5b-e1357fa9b9b2" id="432"><alternateIdentifier>http://sernecportal.org/portal/collections/misc/collprofiles.php?collid=432</alternateIdentifier><parentCollectionIdentifier>LOB</parentCollectionIdentifier><collectionIdentifier></collectionIdentifier><collectionName>California State University, Long Beach Herbarium</collectionName><resourceLogoUrl>http://swbiodiversity.org/seinet/content/collicon/lob.jpg</resourceLogoUrl><onlineUrl>http://web.csulb.edu/colleges/cnsm/collections/plants/</onlineUrl><intellectualRights>http://creativecommons.org/licenses/by-nc/3.0/</intellectualRights><abstract><para>The herbarium has approximately 18,000 specimens preserved as dried, pressed specimens.</para></abstract></collection></symbiota></metadata></additionalMetadata></eml:eml>
