coreid,identifier,accessURI,thumbnailAccessURI,goodQualityAccessURI,rights,Owner,UsageTerms,WebStatement,caption,comments,providerManagedID,MetadataDate,format,associatedSpecimenReference,type,subtype,metadataLanguage
7269933,https://bisque.cyverse.org/image_service/image/00-FG5t2yFNYNDWf7MeFwDxmg?resize=4000&format=jpeg,https://bisque.cyverse.org/image_service/image/00-FG5t2yFNYNDWf7MeFwDxmg?resize=4000&format=jpeg,"https://bisque.cyverse.org/image_service/image/00-FG5t2yFNYNDWf7MeFwDxmg?thumbnail=200,200",https://bisque.cyverse.org/image_service/image/00-FG5t2yFNYNDWf7MeFwDxmg?resize=1250&format=jpeg,,"University of Central Florida Herbarium (FTU)","CC BY-NC (Attribution-Non-Commercial)",http://creativecommons.org/licenses/by-nc/3.0/,,,urn:uuid:91971dbf-5200-41c8-afde-6443c2a3a95b,"2016-05-17 08:19:48",image/jpeg,http://sernecportal.org/portal/collections/individual/index.php?occid=7269933,StillImage,Photograph,en
9064442,https://bisque.cyverse.org/image_service/image/00-Njc3ihSmat9tq5AGcWLtdW/resize:4000/format:jpeg,https://bisque.cyverse.org/image_service/image/00-Njc3ihSmat9tq5AGcWLtdW/resize:4000/format:jpeg,"https://bisque.cyverse.org/image_service/image/00-Njc3ihSmat9tq5AGcWLtdW/thumbnail:200,200",https://bisque.cyverse.org/image_service/image/00-Njc3ihSmat9tq5AGcWLtdW/resize:1250/format:jpeg,,"University of Richmond Herbarium (URV)","CC BY-NC (Attribution-Non-Commercial)",http://creativecommons.org/licenses/by-nc/3.0/,,,urn:uuid:a89ced0b-eb2d-458f-83d4-64fbc29aa027,"2017-10-02 17:08:02",image/jpeg,http://sernecportal.org/portal/collections/individual/index.php?occid=9064442,StillImage,Photograph,en
12639331,https://bisque.cyverse.org/image_service/image/00-StxaGqTRbckrSPJrKFMX76?resize=4000&format=jpeg,https://bisque.cyverse.org/image_service/image/00-StxaGqTRbckrSPJrKFMX76?resize=4000&format=jpeg,"https://bisque.cyverse.org/image_service/image/00-StxaGqTRbckrSPJrKFMX76?thumbnail=200,200",https://bisque.cyverse.org/image_service/image/00-StxaGqTRbckrSPJrKFMX76?resize=1250&format=jpeg,,"Clemson University Herbarium (CLEMS)","CC BY-NC (Attribution-Non-Commercial)",http://creativecommons.org/licenses/by-nc/3.0/,,,urn:uuid:9e86d50a-09e9-4d58-ba4b-0cb7cea277b9,"2017-01-13 23:44:43",image/jpeg,http://sernecportal.org/portal/collections/individual/index.php?occid=12639331,StillImage,Photograph,en
12639333,https://bisque.cyverse.org/image_service/image/00-6yBUM8vSq5Hj7iVv6jJMYg?resize=4000&format=jpeg,https://bisque.cyverse.org/image_service/image/00-6yBUM8vSq5Hj7iVv6jJMYg?resize=4000&format=jpeg,"https://bisque.cyverse.org/image_service/image/00-6yBUM8vSq5Hj7iVv6jJMYg?thumbnail=200,200",https://bisque.cyverse.org/image_service/image/00-6yBUM8vSq5Hj7iVv6jJMYg?resize=1250&format=jpeg,,"Clemson University Herbarium (CLEMS)","CC BY-NC (Attribution-Non-Commercial)",http://creativecommons.org/licenses/by-nc/3.0/,,,urn:uuid:c0691414-03af-4928-8b0b-461b9d96705b,"2017-01-13 23:44:38",image/jpeg,http://sernecportal.org/portal/collections/individual/index.php?occid=12639333,StillImage,Photograph,en
13688278,https://bisque.cyverse.org/image_service/image/00-fH7GFyxxHHFHUVsDsm8qch?resize=4000&format=jpeg,https://bisque.cyverse.org/image_service/image/00-fH7GFyxxHHFHUVsDsm8qch?resize=4000&format=jpeg,"https://bisque.cyverse.org/image_service/image/00-fH7GFyxxHHFHUVsDsm8qch?thumbnail=200,200",https://bisque.cyverse.org/image_service/image/00-fH7GFyxxHHFHUVsDsm8qch?resize=1250&format=jpeg,,"Eastern Kentucky University, Ronald L. Jones Herbarium (EKY)","CC BY-NC (Attribution-Non-Commercial)",http://creativecommons.org/licenses/by-nc/3.0/,,,urn:uuid:14806bd1-c7d6-40ed-a0ad-6ddef5676c2d,"2017-03-24 12:28:09",image/jpeg,http://sernecportal.org/portal/collections/individual/index.php?occid=13688278,StillImage,Photograph,en
14754729,http://sweetgum.nybg.org/images3/388/698/v-297-01333084.jpg,http://sweetgum.nybg.org/images3/388/698/v-297-01333084.jpg,http://sweetgum.nybg.org/images3/388/698/v-297-01333084.thumb.jpg,,,"New York Botanical Garden (NY)","CC BY-NC (Attribution-Non-Commercial)",http://creativecommons.org/licenses/by-nc/3.0/,,,urn:uuid:fa1be433-c29e-4a60-96f2-01e7147c7be2,"2017-06-20 18:41:04",image/jpeg,http://sernecportal.org/portal/collections/individual/index.php?occid=14754729,StillImage,Photograph,en
14779656,http://sweetgum.nybg.org/images3/388/687/v-297-01333073.jpg,http://sweetgum.nybg.org/images3/388/687/v-297-01333073.jpg,http://sweetgum.nybg.org/images3/388/687/v-297-01333073.thumb.jpg,,,"New York Botanical Garden (NY)","CC BY-NC (Attribution-Non-Commercial)",http://creativecommons.org/licenses/by-nc/3.0/,,,urn:uuid:ce924607-c75a-47f6-93a8-e8c467a88674,"2017-06-20 18:41:04",image/jpeg,http://sernecportal.org/portal/collections/individual/index.php?occid=14779656,StillImage,Photograph,en
14784126,http://sweetgum.nybg.org/images3/388/684/v-297-01333070.jpg,http://sweetgum.nybg.org/images3/388/684/v-297-01333070.jpg,http://sweetgum.nybg.org/images3/388/684/v-297-01333070.thumb.jpg,,,"New York Botanical Garden (NY)","CC BY-NC (Attribution-Non-Commercial)",http://creativecommons.org/licenses/by-nc/3.0/,,,urn:uuid:ddf77117-0693-4baf-b955-0e69b26a3add,"2017-06-20 18:41:04",image/jpeg,http://sernecportal.org/portal/collections/individual/index.php?occid=14784126,StillImage,Photograph,en
14817551,http://sweetgum.nybg.org/images3/388/688/v-297-01333074.jpg,http://sweetgum.nybg.org/images3/388/688/v-297-01333074.jpg,http://sweetgum.nybg.org/images3/388/688/v-297-01333074.thumb.jpg,,,"New York Botanical Garden (NY)","CC BY-NC (Attribution-Non-Commercial)",http://creativecommons.org/licenses/by-nc/3.0/,,,urn:uuid:bc26cedb-2757-4ed2-86ee-14760284d404,"2017-06-20 18:41:04",image/jpeg,http://sernecportal.org/portal/collections/individual/index.php?occid=14817551,StillImage,Photograph,en
15012343,http://sweetgum.nybg.org/images3/388/699/v-297-01333085.jpg,http://sweetgum.nybg.org/images3/388/699/v-297-01333085.jpg,http://sweetgum.nybg.org/images3/388/699/v-297-01333085.thumb.jpg,,,"New York Botanical Garden (NY)","CC BY-NC (Attribution-Non-Commercial)",http://creativecommons.org/licenses/by-nc/3.0/,,,urn:uuid:6bad98da-3758-4bae-86a5-dac084bf6688,"2017-06-20 18:41:04",image/jpeg,http://sernecportal.org/portal/collections/individual/index.php?occid=15012343,StillImage,Photograph,en
15044507,http://sweetgum.nybg.org/images3/388/693/v-297-01333079.jpg,http://sweetgum.nybg.org/images3/388/693/v-297-01333079.jpg,http://sweetgum.nybg.org/images3/388/693/v-297-01333079.thumb.jpg,,,"New York Botanical Garden (NY)","CC BY-NC (Attribution-Non-Commercial)",http://creativecommons.org/licenses/by-nc/3.0/,,,urn:uuid:29317871-c928-4cf0-9638-12693aed1617,"2017-06-20 18:41:04",image/jpeg,http://sernecportal.org/portal/collections/individual/index.php?occid=15044507,StillImage,Photograph,en
15065327,http://sweetgum.nybg.org/images3/388/694/v-297-01333080.jpg,http://sweetgum.nybg.org/images3/388/694/v-297-01333080.jpg,http://sweetgum.nybg.org/images3/388/694/v-297-01333080.thumb.jpg,,,"New York Botanical Garden (NY)","CC BY-NC (Attribution-Non-Commercial)",http://creativecommons.org/licenses/by-nc/3.0/,,,urn:uuid:dea6a565-a816-4e27-b4d5-1acbb529c5df,"2017-06-20 18:41:04",image/jpeg,http://sernecportal.org/portal/collections/individual/index.php?occid=15065327,StillImage,Photograph,en
15082176,http://sweetgum.nybg.org/images3/388/703/v-297-01333089.jpg,http://sweetgum.nybg.org/images3/388/703/v-297-01333089.jpg,http://sweetgum.nybg.org/images3/388/703/v-297-01333089.thumb.jpg,,,"New York Botanical Garden (NY)","CC BY-NC (Attribution-Non-Commercial)",http://creativecommons.org/licenses/by-nc/3.0/,,,urn:uuid:1cd380b7-bf6b-4e33-ac30-e96ac0a8f7fb,"2017-06-20 18:41:04",image/jpeg,http://sernecportal.org/portal/collections/individual/index.php?occid=15082176,StillImage,Photograph,en
15252265,http://sweetgum.nybg.org/images3/163/819/v-297-00875948.jpg,http://sweetgum.nybg.org/images3/163/819/v-297-00875948.jpg,http://sweetgum.nybg.org/images3/163/819/v-297-00875948.thumb.jpg,,,"New York Botanical Garden (NY)","CC BY-NC (Attribution-Non-Commercial)",http://creativecommons.org/licenses/by-nc/3.0/,,,urn:uuid:e455b51a-71e5-41bc-b196-dfbd4bd5dbc6,"2017-06-20 18:41:04",image/jpeg,http://sernecportal.org/portal/collections/individual/index.php?occid=15252265,StillImage,Photograph,en
15329629,http://cdn.flmnh.ufl.edu/Herbarium/jpg/022/22243s1.jpg,http://cdn.flmnh.ufl.edu/Herbarium/jpg/022/22243s1.jpg,http://sernecportal.org/imglib/sernec/FLAS/00022/22243s1_1498163384_tn.jpg,http://sernecportal.org/imglib/sernec/FLAS/00022/22243s1_1498163384_web.jpg,,"University of Florida","CC BY-NC (Attribution-Non-Commercial)",http://creativecommons.org/licenses/by-nc/3.0/,,,urn:uuid:0dbf06d8-8a52-4aea-8861-82e5514575e2,"2017-06-22 12:40:38",image/jpeg,http://sernecportal.org/portal/collections/individual/index.php?occid=15329629,StillImage,Photograph,en
15332047,http://cdn.flmnh.ufl.edu/Herbarium/jpg/049/49963s1.jpg,http://cdn.flmnh.ufl.edu/Herbarium/jpg/049/49963s1.jpg,http://sernecportal.org/imglib/sernec/FLAS/00049/49963s1_1498165826_tn.jpg,http://sernecportal.org/imglib/sernec/FLAS/00049/49963s1_1498165826_web.jpg,,"University of Florida","CC BY-NC (Attribution-Non-Commercial)",http://creativecommons.org/licenses/by-nc/3.0/,,,urn:uuid:a7f57d3c-eb84-4317-bd71-f80e04ddd1ec,"2017-06-22 12:40:38",image/jpeg,http://sernecportal.org/portal/collections/individual/index.php?occid=15332047,StillImage,Photograph,en
15332048,http://cdn.flmnh.ufl.edu/Herbarium/jpg/049/49964s1.jpg,http://cdn.flmnh.ufl.edu/Herbarium/jpg/049/49964s1.jpg,http://sernecportal.org/imglib/sernec/FLAS/00049/49964s1_1498157914_tn.jpg,http://sernecportal.org/imglib/sernec/FLAS/00049/49964s1_1498157914_web.jpg,,"University of Florida","CC BY-NC (Attribution-Non-Commercial)",http://creativecommons.org/licenses/by-nc/3.0/,,,urn:uuid:13afbb89-8223-41b2-8549-9db80a98d458,"2017-06-22 12:40:38",image/jpeg,http://sernecportal.org/portal/collections/individual/index.php?occid=15332048,StillImage,Photograph,en
15338149,http://cdn.flmnh.ufl.edu/Herbarium/jpg/144/144109s1.jpg,http://cdn.flmnh.ufl.edu/Herbarium/jpg/144/144109s1.jpg,http://sernecportal.org/imglib/sernec/FLAS/00144/144109s1_1498159307_tn.jpg,http://sernecportal.org/imglib/sernec/FLAS/00144/144109s1_1498159307_web.jpg,,"University of Florida","CC BY-NC (Attribution-Non-Commercial)",http://creativecommons.org/licenses/by-nc/3.0/,,,urn:uuid:d0666492-5a34-4f96-b4bd-f88fc2a15ae1,"2017-06-22 12:40:38",image/jpeg,http://sernecportal.org/portal/collections/individual/index.php?occid=15338149,StillImage,Photograph,en
15339066,http://cdn.flmnh.ufl.edu/Herbarium/jpg/162/162028s1.jpg,http://cdn.flmnh.ufl.edu/Herbarium/jpg/162/162028s1.jpg,http://sernecportal.org/imglib/sernec/FLAS/00162/162028s1_1500331937_tn.jpg,http://sernecportal.org/imglib/sernec/FLAS/00162/162028s1_1500331937_web.jpg,,"University of Florida","CC BY-NC (Attribution-Non-Commercial)",http://creativecommons.org/licenses/by-nc/3.0/,,,urn:uuid:469aa10f-3a24-4535-80cb-2e2f1d16f310,"2017-06-22 12:40:38",image/jpeg,http://sernecportal.org/portal/collections/individual/index.php?occid=15339066,StillImage,Photograph,en
15339073,http://cdn.flmnh.ufl.edu/Herbarium/jpg/162/162254s1.jpg,http://cdn.flmnh.ufl.edu/Herbarium/jpg/162/162254s1.jpg,http://sernecportal.org/imglib/sernec/FLAS/00162/162254s1_1498152066_tn.jpg,http://sernecportal.org/imglib/sernec/FLAS/00162/162254s1_1498152066_web.jpg,,"University of Florida","CC BY-NC (Attribution-Non-Commercial)",http://creativecommons.org/licenses/by-nc/3.0/,,,urn:uuid:c5b49203-b768-4ea5-b52b-b7e4c58b4dfa,"2017-06-22 12:40:38",image/jpeg,http://sernecportal.org/portal/collections/individual/index.php?occid=15339073,StillImage,Photograph,en
15876542,http://purl.dlib.indiana.edu/iudl/herbarium/full/IND-0118091,http://purl.dlib.indiana.edu/iudl/herbarium/full/IND-0118091,http://midwestherbaria.org/imglib/midwest/IND/IND-0118/IND-0118091_1505152668_tn.jpg,http://midwestherbaria.org/imglib/midwest/IND/IND-0118/IND-0118091_1505152668_web.jpg,,"The Trustees of Indiana University","CC BY-NC (Attribution-Non-Commercial)",http://creativecommons.org/licenses/by-nc/3.0/,,,urn:uuid:90750673-3e6f-4b6e-83ee-d56d0db4e677,"2017-09-11 10:55:21",image/jpeg,http://sernecportal.org/portal/collections/individual/index.php?occid=15876542,StillImage,Photograph,en
16042252,http://cdn.flmnh.ufl.edu/Herbarium/jpg/184/184715a1.jpg,http://cdn.flmnh.ufl.edu/Herbarium/jpg/184/184715a1.jpg,http://sernecportal.org/imglib/sernec/FLAS/00184/184715a1_1506893149_tn.jpg,http://sernecportal.org/imglib/sernec/FLAS/00184/184715a1_1506893149_web.jpg,,"University of Florida","CC BY-NC (Attribution-Non-Commercial)",http://creativecommons.org/licenses/by-nc/3.0/,,,urn:uuid:881997c3-c9ea-4d40-a588-e3c55f25ac51,"2017-09-28 10:02:05",image/jpeg,http://sernecportal.org/portal/collections/individual/index.php?occid=16042252,StillImage,Photograph,en
16049482,http://cdn.flmnh.ufl.edu/Herbarium/jpg/198/198723a1.jpg,http://cdn.flmnh.ufl.edu/Herbarium/jpg/198/198723a1.jpg,http://sernecportal.org/imglib/sernec/FLAS/00198/198723a1_1506886710_tn.jpg,http://sernecportal.org/imglib/sernec/FLAS/00198/198723a1_1506886710_web.jpg,,"University of Florida","CC BY-NC (Attribution-Non-Commercial)",http://creativecommons.org/licenses/by-nc/3.0/,,,urn:uuid:89859b74-bcaa-438e-8a80-38ebeaf759d4,"2017-09-28 10:02:05",image/jpeg,http://sernecportal.org/portal/collections/individual/index.php?occid=16049482,StillImage,Photograph,en
16052417,http://cdn.flmnh.ufl.edu/Herbarium/jpg/205/205921a1.jpg,http://cdn.flmnh.ufl.edu/Herbarium/jpg/205/205921a1.jpg,http://sernecportal.org/imglib/sernec/FLAS/00205/205921a1_1506910311_tn.jpg,http://sernecportal.org/imglib/sernec/FLAS/00205/205921a1_1506910311_web.jpg,,"University of Florida","CC BY-NC (Attribution-Non-Commercial)",http://creativecommons.org/licenses/by-nc/3.0/,,,urn:uuid:5de22203-ddff-4071-8a62-bdf0c0982dd1,"2017-09-28 10:02:05",image/jpeg,http://sernecportal.org/portal/collections/individual/index.php?occid=16052417,StillImage,Photograph,en
16053864,http://cdn.flmnh.ufl.edu/Herbarium/jpg/207/207835a1.jpg,http://cdn.flmnh.ufl.edu/Herbarium/jpg/207/207835a1.jpg,http://sernecportal.org/imglib/sernec/FLAS/00207/207835a1_1506882541_tn.jpg,http://sernecportal.org/imglib/sernec/FLAS/00207/207835a1_1506882541_web.jpg,,"University of Florida","CC BY-NC (Attribution-Non-Commercial)",http://creativecommons.org/licenses/by-nc/3.0/,,,urn:uuid:9365e118-86b6-4d63-884e-78addecb91bc,"2017-09-28 10:02:05",image/jpeg,http://sernecportal.org/portal/collections/individual/index.php?occid=16053864,StillImage,Photograph,en
16058954,http://cdn.flmnh.ufl.edu/Herbarium/jpg/214/214763a1.jpg,http://cdn.flmnh.ufl.edu/Herbarium/jpg/214/214763a1.jpg,http://sernecportal.org/imglib/sernec/FLAS/00214/214763a1_1506957319_tn.jpg,http://sernecportal.org/imglib/sernec/FLAS/00214/214763a1_1506957319_web.jpg,,"University of Florida","CC BY-NC (Attribution-Non-Commercial)",http://creativecommons.org/licenses/by-nc/3.0/,,,urn:uuid:8af5b2c9-2359-4a85-83df-0d0a4ad2e884,"2017-09-28 10:02:05",image/jpeg,http://sernecportal.org/portal/collections/individual/index.php?occid=16058954,StillImage,Photograph,en
16058954,http://cdn.flmnh.ufl.edu/Herbarium/jpg/214/214763j1.jpg,http://cdn.flmnh.ufl.edu/Herbarium/jpg/214/214763j1.jpg,http://sernecportal.org/imglib/sernec/FLAS/00214/214763j1_1506957694_tn.jpg,http://sernecportal.org/imglib/sernec/FLAS/00214/214763j1_1506957694_web.jpg,,"University of Florida","CC BY-NC (Attribution-Non-Commercial)",http://creativecommons.org/licenses/by-nc/3.0/,,,urn:uuid:701aca29-9af8-4b51-bd18-8d6f1bd54a79,"2017-09-28 10:02:05",image/jpeg,http://sernecportal.org/portal/collections/individual/index.php?occid=16058954,StillImage,Photograph,en
16060293,http://cdn.flmnh.ufl.edu/Herbarium/jpg/217/217535a1.jpg,http://cdn.flmnh.ufl.edu/Herbarium/jpg/217/217535a1.jpg,http://sernecportal.org/imglib/sernec/FLAS/00217/217535a1_1506911724_tn.jpg,http://sernecportal.org/imglib/sernec/FLAS/00217/217535a1_1506911724_web.jpg,,"University of Florida","CC BY-NC (Attribution-Non-Commercial)",http://creativecommons.org/licenses/by-nc/3.0/,,,urn:uuid:ef9a7f2b-6203-4016-bcb1-ca8503bc70c2,"2017-09-28 10:02:05",image/jpeg,http://sernecportal.org/portal/collections/individual/index.php?occid=16060293,StillImage,Photograph,en
17059636,https://bisque.cyverse.org/image_service/image/00-WEdPTquMdJbokctWBba2ZV/resize:4000/format:jpeg,https://bisque.cyverse.org/image_service/image/00-WEdPTquMdJbokctWBba2ZV/resize:4000/format:jpeg,"https://bisque.cyverse.org/image_service/image/00-WEdPTquMdJbokctWBba2ZV/thumbnail:200,200",https://bisque.cyverse.org/image_service/image/00-WEdPTquMdJbokctWBba2ZV/resize:1250/format:jpeg,,"The Florida State University","CC BY-NC (Attribution-Non-Commercial)",http://creativecommons.org/licenses/by-nc/3.0/,,,urn:uuid:842f97bb-da9a-4128-88b4-ab3cef9c58a9,"2018-05-15 09:42:47",image/jpeg,http://sernecportal.org/portal/collections/individual/index.php?occid=17059636,StillImage,Photograph,en
17059639,https://bisque.cyverse.org/image_service/image/00-tcSKU3hyEHDSYQAAmGZKcU/resize:4000/format:jpeg,https://bisque.cyverse.org/image_service/image/00-tcSKU3hyEHDSYQAAmGZKcU/resize:4000/format:jpeg,"https://bisque.cyverse.org/image_service/image/00-tcSKU3hyEHDSYQAAmGZKcU/thumbnail:200,200",https://bisque.cyverse.org/image_service/image/00-tcSKU3hyEHDSYQAAmGZKcU/resize:1250/format:jpeg,,"The Florida State University","CC BY-NC (Attribution-Non-Commercial)",http://creativecommons.org/licenses/by-nc/3.0/,,,urn:uuid:1375b66c-2a3f-4b8b-9fc0-9bee64f02953,"2018-05-15 09:42:47",image/jpeg,http://sernecportal.org/portal/collections/individual/index.php?occid=17059639,StillImage,Photograph,en
18881913,http://cdn.flmnh.ufl.edu/Herbarium/jpg/263/263667a1.jpg,http://cdn.flmnh.ufl.edu/Herbarium/jpg/263/263667a1.jpg,http://sernecportal.org/imglib/sernec/FLAS/00263/263667a1_1522429518_tn.jpg,http://sernecportal.org/imglib/sernec/FLAS/00263/263667a1_1522429518_web.jpg,,"University of Florida","CC BY-NC (Attribution-Non-Commercial)",http://creativecommons.org/licenses/by-nc/3.0/,,,urn:uuid:e411e492-f3ea-48fb-868a-cb5ee78a975b,"2018-03-18 15:05:44",image/jpeg,http://sernecportal.org/portal/collections/individual/index.php?occid=18881913,StillImage,Photograph,en
18881914,http://cdn.flmnh.ufl.edu/Herbarium/jpg/263/263668a1.jpg,http://cdn.flmnh.ufl.edu/Herbarium/jpg/263/263668a1.jpg,http://sernecportal.org/imglib/sernec/FLAS/00263/263668a1_1522428707_tn.jpg,http://sernecportal.org/imglib/sernec/FLAS/00263/263668a1_1522428707_web.jpg,,"University of Florida","CC BY-NC (Attribution-Non-Commercial)",http://creativecommons.org/licenses/by-nc/3.0/,,,urn:uuid:6471755a-4cd0-4f2c-b197-d0c1f296dbfe,"2018-03-18 15:05:44",image/jpeg,http://sernecportal.org/portal/collections/individual/index.php?occid=18881914,StillImage,Photograph,en
19369245,https://cdn.plantatlas.org/img/specimens/USF/79812.jpg,https://cdn.plantatlas.org/img/specimens/USF/79812.jpg,https://cdn.plantatlas.org/img/specimens/USF/thumbs/79812.jpg,,,"University of South Florida Herbarium (USF)","CC BY (Attribution)",http://creativecommons.org/licenses/by/3.0/,,,urn:uuid:8c71a71a-402c-42b4-bbd2-6db2a2ae0fde,"2018-03-29 10:29:17",image/jpeg,http://sernecportal.org/portal/collections/individual/index.php?occid=19369245,StillImage,Photograph,en
19369246,https://cdn.plantatlas.org/img/specimens/USF/98354.jpg,https://cdn.plantatlas.org/img/specimens/USF/98354.jpg,https://cdn.plantatlas.org/img/specimens/USF/thumbs/98354.jpg,http://sernecportal.org/imglib/sernec/USF/00098/98354_1530571897_web.jpg,,"University of South Florida Herbarium (USF)","CC BY (Attribution)",http://creativecommons.org/licenses/by/3.0/,,,urn:uuid:2a17d4db-d3cb-440b-9dcb-e031ec18d8a3,"2018-03-29 10:29:17",image/jpeg,http://sernecportal.org/portal/collections/individual/index.php?occid=19369246,StillImage,Photograph,en
19369247,https://cdn.plantatlas.org/img/specimens/USF/98355.jpg,https://cdn.plantatlas.org/img/specimens/USF/98355.jpg,https://cdn.plantatlas.org/img/specimens/USF/thumbs/98355.jpg,http://sernecportal.org/imglib/sernec/USF/00098/98355_1523488941_web.jpg,,"University of South Florida Herbarium (USF)","CC BY (Attribution)",http://creativecommons.org/licenses/by/3.0/,,,urn:uuid:4c4fa921-8c80-4976-bf5d-2db238387a8c,"2018-03-29 10:29:17",image/jpeg,http://sernecportal.org/portal/collections/individual/index.php?occid=19369247,StillImage,Photograph,en
19369248,https://cdn.plantatlas.org/img/specimens/USF/96634.jpg,https://cdn.plantatlas.org/img/specimens/USF/96634.jpg,https://cdn.plantatlas.org/img/specimens/USF/thumbs/96634.jpg,,,"University of South Florida Herbarium (USF)","CC BY (Attribution)",http://creativecommons.org/licenses/by/3.0/,,,urn:uuid:3ddba58a-8943-4095-96e4-ff47a863f72e,"2018-03-29 10:29:17",image/jpeg,http://sernecportal.org/portal/collections/individual/index.php?occid=19369248,StillImage,Photograph,en
19369249,https://cdn.plantatlas.org/img/specimens/USF/95466.jpg,https://cdn.plantatlas.org/img/specimens/USF/95466.jpg,https://cdn.plantatlas.org/img/specimens/USF/thumbs/95466.jpg,,,"University of South Florida Herbarium (USF)","CC BY (Attribution)",http://creativecommons.org/licenses/by/3.0/,,,urn:uuid:12a57972-10f7-465c-b1b3-37ac5c16cf5e,"2018-03-29 10:29:17",image/jpeg,http://sernecportal.org/portal/collections/individual/index.php?occid=19369249,StillImage,Photograph,en
19369250,https://cdn.plantatlas.org/img/specimens/USF/96457.jpg,https://cdn.plantatlas.org/img/specimens/USF/96457.jpg,https://cdn.plantatlas.org/img/specimens/USF/thumbs/96457.jpg,http://sernecportal.org/imglib/sernec/USF/00096/96457_1530650711_web.jpg,,"University of South Florida Herbarium (USF)","CC BY (Attribution)",http://creativecommons.org/licenses/by/3.0/,,,urn:uuid:0a420ae4-b851-484e-8388-911c8f8fcf22,"2018-03-29 10:29:17",image/jpeg,http://sernecportal.org/portal/collections/individual/index.php?occid=19369250,StillImage,Photograph,en
19369251,https://cdn.plantatlas.org/img/specimens/USF/208156.jpg,https://cdn.plantatlas.org/img/specimens/USF/208156.jpg,https://cdn.plantatlas.org/img/specimens/USF/thumbs/208156.jpg,,,"University of South Florida Herbarium (USF)","CC BY (Attribution)",http://creativecommons.org/licenses/by/3.0/,,,urn:uuid:90e35bd1-4bde-41a0-9533-0725bcf82393,"2018-03-29 10:29:17",image/jpeg,http://sernecportal.org/portal/collections/individual/index.php?occid=19369251,StillImage,Photograph,en
19369252,https://cdn.plantatlas.org/img/specimens/USF/96448.jpg,https://cdn.plantatlas.org/img/specimens/USF/96448.jpg,https://cdn.plantatlas.org/img/specimens/USF/thumbs/96448.jpg,http://sernecportal.org/imglib/sernec/USF/00096/96448_1523479162_web.jpg,,"University of South Florida Herbarium (USF)","CC BY (Attribution)",http://creativecommons.org/licenses/by/3.0/,,,urn:uuid:5f7a60b2-2192-4cd7-b732-b3083be79db5,"2018-03-29 10:29:17",image/jpeg,http://sernecportal.org/portal/collections/individual/index.php?occid=19369252,StillImage,Photograph,en
19369253,https://cdn.plantatlas.org/img/specimens/USF/96458.jpg,https://cdn.plantatlas.org/img/specimens/USF/96458.jpg,https://cdn.plantatlas.org/img/specimens/USF/thumbs/96458.jpg,http://sernecportal.org/imglib/sernec/USF/00096/96458_1531124176_web.jpg,,"University of South Florida Herbarium (USF)","CC BY (Attribution)",http://creativecommons.org/licenses/by/3.0/,,,urn:uuid:d860585b-4a5c-4a56-89fc-d76c49cf9bd4,"2018-03-29 10:29:17",image/jpeg,http://sernecportal.org/portal/collections/individual/index.php?occid=19369253,StillImage,Photograph,en
19369254,https://cdn.plantatlas.org/img/specimens/USF/96319.jpg,https://cdn.plantatlas.org/img/specimens/USF/96319.jpg,https://cdn.plantatlas.org/img/specimens/USF/thumbs/96319.jpg,,,"University of South Florida Herbarium (USF)","CC BY (Attribution)",http://creativecommons.org/licenses/by/3.0/,,,urn:uuid:ac5227b1-c159-40f2-8478-104b0b52d6be,"2018-03-29 10:29:17",image/jpeg,http://sernecportal.org/portal/collections/individual/index.php?occid=19369254,StillImage,Photograph,en
19369255,https://cdn.plantatlas.org/img/specimens/USF/211641.jpg,https://cdn.plantatlas.org/img/specimens/USF/211641.jpg,https://cdn.plantatlas.org/img/specimens/USF/thumbs/211641.jpg,http://sernecportal.org/imglib/sernec/USF/00211/211641_1530807369_web.jpg,,"University of South Florida Herbarium (USF)","CC BY (Attribution)",http://creativecommons.org/licenses/by/3.0/,,,urn:uuid:918f4da6-ff2a-40f1-b4ff-9d67b4954587,"2018-03-29 10:29:17",image/jpeg,http://sernecportal.org/portal/collections/individual/index.php?occid=19369255,StillImage,Photograph,en
