<?xml version="1.0" encoding="ISO-8859-1"?>
<eml:eml xmlns:eml="eml://ecoinformatics.org/eml-2.1.1" xmlns:dc="http://purl.org/dc/terms/" xmlns:xsi="http://www.w3.org/2001/XMLSchema-instance" xsi:schemaLocation="eml://ecoinformatics.org/eml-2.1.1 http://rs.gbif.org/schema/eml-gbif-profile/1.0.1/eml.xsd" packageId="6edd40fa-7dd5-40c3-8692-74e14ef7429b" system="http://symbiota.org" scope="system" xml:lang="eng"><dataset><title xml:lang="eng">SERNEC general data extract</title><creator id="17dd4489-ee9c-414a-b99b-871873f3d335"><organizationName>SERNEC</organizationName><electronicMailAddress>herrick.brown@gmail.com</electronicMailAddress><onlineUrl>http://sernecportal.org/portal/index.php</onlineUrl></creator><metadataProvider><organizationName>SERNEC</organizationName><electronicMailAddress>herrick.brown@gmail.com</electronicMailAddress><onlineUrl>http://sernecportal.org/portal/index.php</onlineUrl></metadataProvider><pubDate>2018-10-11</pubDate><language>eng</language></dataset><additionalMetadata><metadata><symbiota><dateStamp>2018-10-11T12:12:02-07:00</dateStamp><citation identifier="eb42c186-0c6d-4060-9275-33ae5cf5c401">SERNEC - eb42c186-0c6d-4060-9275-33ae5cf5c401</citation><physical><characterEncoding>ISO-8859-1</characterEncoding><dataFormat><externallyDefinedFormat><formatName>Darwin Core Archive</formatName></externallyDefinedFormat></dataFormat></physical><collection identifier="5991f10e-a5e6-47d7-acfe-e26e6686d02a" id="2"><alternateIdentifier>http://sernecportal.org/portal/collections/misc/collprofiles.php?collid=2</alternateIdentifier><parentCollectionIdentifier>ARIZ</parentCollectionIdentifier><collectionIdentifier></collectionIdentifier><collectionName>University of Arizona Herbarium</collectionName><resourceLogoUrl>http://db.herbarium.arizona.edu/images/collicons/ariz_icon.jpg</resourceLogoUrl><onlineUrl>http://ag.arizona.edu/herbarium/</onlineUrl><intellectualRights>http://creativecommons.org/licenses/by-nc/3.0/</intellectualRights><abstract></abstract><associatedParty><userId>1123</userId><individualName>ARIZ:  University of Arizona</individualName><surname>University of Arizona</surname><givenname>ARIZ: </givenname><electronicMailAddress>herbarium@ag.arizona.edu</electronicMailAddress></associatedParty></collection><collection identifier="343cbd43-46a3-4534-9465-ffb0b1132d62" id="9"><alternateIdentifier>http://sernecportal.org/portal/collections/misc/collprofiles.php?collid=9</alternateIdentifier><parentCollectionIdentifier>UCR</parentCollectionIdentifier><collectionIdentifier></collectionIdentifier><collectionName>University of California, Riverside Plant Herbarium</collectionName><resourceLogoUrl>http://swbiodiversity.org/seinet/content/collicon/ucr.jpg</resourceLogoUrl><onlineUrl>http://herbarium.ucr.edu/Herbarium.html</onlineUrl><intellectualRights>http://creativecommons.org/licenses/by-nc/3.0/</intellectualRights><abstract></abstract><associatedParty><userId>1752</userId><individualName>Andrew Sanders</individualName><surname>Sanders</surname><givenname>Andrew</givenname><electronicMailAddress>andrew.sanders@ucr.edu</electronicMailAddress><positionName>Sr. Museum Scientist/Herbarium Curator</positionName></associatedParty></collection><collection identifier="b39167b5-1732-4bbf-aeda-9b8ede470fbd" id="40"><alternateIdentifier>http://sernecportal.org/portal/collections/misc/collprofiles.php?collid=40</alternateIdentifier><parentCollectionIdentifier>NY</parentCollectionIdentifier><collectionIdentifier></collectionIdentifier><collectionName>New York Botanical Garden</collectionName><resourceLogoUrl>http://swbiodiversity.org/seinet/content/collicon/ny.jpg</resourceLogoUrl><onlineUrl>http://sciweb.nybg.org/science2/SteereHerbarium.asp</onlineUrl><intellectualRights>http://creativecommons.org/licenses/by-nc/3.0/</intellectualRights><associatedParty><userId>1305</userId><individualName>barbara Thiers</individualName><surname>Thiers</surname><givenname>barbara</givenname><electronicMailAddress>bthiers@nybg.org</electronicMailAddress><positionName>Director of the Herbarium</positionName></associatedParty><abstract><para>With more than 7.8 million preserved specimens, the William and Lynda Steere Herbarium is the largest herbarium in the Western Hemisphere.</para></abstract></collection><collection identifier="a13355a1-1ccc-46d9-9672-521d8d668804" id="147"><alternateIdentifier>http://sernecportal.org/portal/collections/misc/collprofiles.php?collid=147</alternateIdentifier><parentCollectionIdentifier>USCH</parentCollectionIdentifier><collectionIdentifier></collectionIdentifier><collectionName>University of South Carolina, A. C. Moore Herbarium</collectionName><resourceLogoUrl>http://sernecportal.org/portal/content/collicon/usch.jpg</resourceLogoUrl><onlineUrl>http://www.herbarium.org</onlineUrl><intellectualRights>http://creativecommons.org/licenses/by-nc/3.0/</intellectualRights><associatedParty><individualName>Dr. John B. Nelson</individualName><electronicMailAddress>nelson@sc.edu</electronicMailAddress></associatedParty><abstract><para>The A. C. Moore Herbarium is an important part of the Department of Biological Sciences at the University of South Carolina (Columbia Campus). Founded in 1907 by Dr. Andrew Charles Moore, the original collection of dried plant specimens is now part of an ever growing collection. Total holdings are just over 120,000 specimens, making the A. C. Moore Herbarium the largest in the state of South Carolina. Researchers and visitors will find a diverse collection of vascular and nonvascular plant material primarily from the Southeastern United States and more specifically from South Carolina. Now over 100 years old, the A. C. Moore Herbarium continues to be an indispensable resource for botanical knowledge.</para></abstract></collection><collection identifier="81b5c57b-5f26-423f-93b6-d4dc434fe707" id="155"><alternateIdentifier>http://sernecportal.org/portal/collections/misc/collprofiles.php?collid=155</alternateIdentifier><parentCollectionIdentifier>CLEMS</parentCollectionIdentifier><collectionIdentifier></collectionIdentifier><collectionName>Clemson University Herbarium</collectionName><resourceLogoUrl>http://sernecportal.org/portal/content/collicon/clems.gif</resourceLogoUrl><onlineUrl>http://www.clemson.edu/cafls/herbarium/</onlineUrl><intellectualRights>http://creativecommons.org/licenses/by-nc/3.0/</intellectualRights><abstract></abstract><associatedParty><userId>830</userId><individualName>Dixie Damrel</individualName><surname>Damrel</surname><givenname>Dixie</givenname><electronicMailAddress>ddamrel@clemson.edu</electronicMailAddress><positionName>Curator, Clemson Herbarium</positionName></associatedParty></collection><collection identifier="120a109a-fef1-4ea6-b7d7-6a5f8f0e5c18" id="157"><alternateIdentifier>http://sernecportal.org/portal/collections/misc/collprofiles.php?collid=157</alternateIdentifier><parentCollectionIdentifier>MO</parentCollectionIdentifier><collectionIdentifier></collectionIdentifier><collectionName>Missouri Botanical Garden</collectionName><resourceLogoUrl>http://swbiodiversity.org/seinet/content/collicon/mo.jpg</resourceLogoUrl><onlineUrl>http://www.mobot.org</onlineUrl><intellectualRights>http://creativecommons.org/licenses/by/3.0/</intellectualRights><additionalInfo>Missouri Botanical Garden</additionalInfo><associatedParty><individualName>Jim Solomon</individualName><electronicMailAddress>jim.solomon@mobot.org</electronicMailAddress></associatedParty><abstract><para>Plants are essential to sustaining the stability and quality of human life on this planet. At the Missouri Botanical Garden, we have dedicated ourselves to helping conserve biological diversity while there is still something left to protect. Our research provides scientific information essential to decision makers, from conservation and land use to social and environmental policy. We have taken the lead in making information widely accessible via the Internet, maintaining the world's largest botanical database and the premier botanical website, TROPICOS. Garden scientists conduct the most productive and geographically widespread botanical research program in the world. A tiny sample of its herbarium records are presented here; providing more will require funding.</para></abstract></collection><collection identifier="8219517e-d317-49d2-9c1f-b44df96d6cec" id="181"><alternateIdentifier>http://sernecportal.org/portal/collections/misc/collprofiles.php?collid=181</alternateIdentifier><parentCollectionIdentifier>F</parentCollectionIdentifier><collectionIdentifier>Botany</collectionIdentifier><collectionName>Field Museum of Natural History</collectionName><resourceLogoUrl>http://sernecportal.org/portal/content/collicon/f.jpg</resourceLogoUrl><onlineUrl>http://fieldmuseum.org/explore/department/botany/collections</onlineUrl><intellectualRights>http://creativecommons.org/licenses/by-nc/3.0/</intellectualRights><associatedParty><userId>5997</userId><individualName>Christine Niezgoda</individualName><surname>Niezgoda</surname><givenname>Christine</givenname><electronicMailAddress>cniezgoda@fieldmuseum.org</electronicMailAddress><positionName>Collections Manager</positionName></associatedParty><abstract><para>Phanerogams worldwide with emphasis on tropical and North America, especially rich in collections from Mexico, Guatemala, Costa Rica, Colombia, Venezuela, Ecuador, and Peru; pteridophytes worldwide with emphasis on Guatemala, Costa Rica, Ecuador, and Peru; bryophytes worldwide; mosses of North America, Central America, Andean South America, and Australasia; hepatics of north temperate, South America, and south temperate; all groups of fungi, especially basidiomycetes with emphasis on New World and lichenized fungi of north temperate and Central America; algae worldwide, especially Cyanobacteria; economic botany.</para></abstract></collection><collection identifier="b01784c6-c5d7-11e4-b6af-00163e00498d" id="234"><alternateIdentifier>http://sernecportal.org/portal/collections/misc/collprofiles.php?collid=234</alternateIdentifier><parentCollectionIdentifier>ILLS</parentCollectionIdentifier><collectionIdentifier></collectionIdentifier><collectionName>Illinois Natural History Survey</collectionName><resourceLogoUrl>http://sernecportal.org/portal/content/collicon/ill.jpg</resourceLogoUrl><onlineUrl>http://wwx.inhs.illinois.edu/collections</onlineUrl><intellectualRights>http://creativecommons.org/licenses/by-nc/3.0/</intellectualRights><associatedParty><individualName>Andrew Miller, Ph.D.</individualName><electronicMailAddress>amiller7@illinois.edu</electronicMailAddress><positionName>Mycologist and Director</positionName></associatedParty><abstract><para>The herbarium contains 250,000 plant specimens and the fungarium contains 75,000 fungal specimens. &lt;br/&gt;&lt;b&gt;Specialty:&lt;/b&gt; Vascular plants and fungi of Illinois, southeastern and midwestern U.S., Great Smoky Mountains National Park; limited neotropical; recent Kyrgyzstan; Rosaceae subfamily Maloideae.&lt;br/&gt;&lt;b&gt;Date Founded:&lt;/b&gt; 1858.</para></abstract></collection><collection identifier="afa92649-e7ab-404c-8650-5a31604ff168" id="249"><alternateIdentifier>http://sernecportal.org/portal/collections/misc/collprofiles.php?collid=249</alternateIdentifier><parentCollectionIdentifier>FLAS</parentCollectionIdentifier><collectionIdentifier></collectionIdentifier><collectionName>University of Florida Herbarium</collectionName><resourceLogoUrl>http://sernecportal.org/portal/content/collicon/FLAS-.jpg</resourceLogoUrl><onlineUrl>http://www.floridamuseum.ufl.edu/herbarium</onlineUrl><intellectualRights>http://creativecommons.org/licenses/by-nc/3.0/</intellectualRights><additionalInfo>University of Florida</additionalInfo><abstract></abstract><associatedParty><userId>5047</userId><individualName>Kent Perkins</individualName><surname>Perkins</surname><givenname>Kent</givenname><electronicMailAddress>kperkins@flmnh.ufl.edu</electronicMailAddress><positionName>Collection Manager</positionName></associatedParty></collection><collection identifier="58ab88f3-0034-461c-9c44-9e525c4d360f" id="253"><alternateIdentifier>http://sernecportal.org/portal/collections/misc/collprofiles.php?collid=253</alternateIdentifier><parentCollectionIdentifier>VT</parentCollectionIdentifier><collectionIdentifier></collectionIdentifier><collectionName>University of Vermont, Pringle Herbarium, vascular plants excluding those from New England</collectionName><resourceLogoUrl>http://swbiodiversity.org/seinet/content/collicon/vt.gif</resourceLogoUrl><onlineUrl>http://www.uvm.edu/~plantbio/pringle/</onlineUrl><intellectualRights>http://creativecommons.org/licenses/by-nc/3.0/</intellectualRights><additionalInfo>University of Vermont</additionalInfo><associatedParty><userId>4888</userId><individualName>Dorothy Allard</individualName><surname>Allard</surname><givenname>Dorothy</givenname><electronicMailAddress>Djallard@uvm.edu</electronicMailAddress><positionName>Research Faculty, Plant Biology Dept.</positionName></associatedParty><abstract><para>The Pringle Herbarium (VT) contains 300,000 specimens, including vascular plants, bryophytes, lichens, algae and fungi. Of these, this portal will contain about 180,000 vascular plant specimens, including all vascular plant specimens except for those from New England. Other digitization projects cover type specimens, vascular plant specimens from New England, North American bryophytes and lichens, macroalgae and macrofungi. These images and data are available through various other portals. The herbarium does not maintain its own online database.</para></abstract></collection><collection identifier="8583263d-cb31-45a3-80ec-406d3c1dec61" id="260"><alternateIdentifier>http://sernecportal.org/portal/collections/misc/collprofiles.php?collid=260</alternateIdentifier><parentCollectionIdentifier>UWFP</parentCollectionIdentifier><collectionIdentifier></collectionIdentifier><collectionName>University of West Florida</collectionName><resourceLogoUrl>http://swbiodiversity.org/seinet/content/collicon/uwf.png</resourceLogoUrl><onlineUrl>http://uwf.edu/cse/departments/cedb/resources/michael-cousens-herbarium/</onlineUrl><intellectualRights>http://creativecommons.org/publicdomain/zero/1.0/</intellectualRights><associatedParty><individualName>Philip Darby</individualName><electronicMailAddress>pdarby@uwf.edu</electronicMailAddress></associatedParty><abstract><para>The Michael I. Cousens Herbarium of the University of West Florida (UWFP) was established 30 October 1974 (as the Herbarium of the University of West Florida) for the purpose of documenting the Flora of the Florida panhandle and neighboring states. Currently, its holdings include approximately 22,000 vascular plant specimens of 3500 species and smaller collections of bryophytes and macroalgae. &lt;br/&gt;&lt;br/&gt; Important collectors represented are R. K. Godfrey, L. C. Anderson, J. B. Nelson, B. F. Hansen, J. R. Abbott, J. R. Burkhalter, and O. Degener. The core of the permanent exsiccatae collection consists of approximately 10,500 specimens from over 600 locations in Escambia County, FL, representing 1,600 species, making it one of the most biodiverse county floras in the United States. &lt;br/&gt;&lt;br/&gt;</para></abstract></collection><collection identifier="f91c3fd0-a151-4591-aad5-a7b1f6232a8b" id="267"><alternateIdentifier>http://sernecportal.org/portal/collections/misc/collprofiles.php?collid=267</alternateIdentifier><parentCollectionIdentifier>SEL</parentCollectionIdentifier><collectionIdentifier></collectionIdentifier><collectionName>Marie Selby Botanical Gardens Herbarium</collectionName><resourceLogoUrl>http://sernecportal.org/portal/content/collicon/sel.jpg</resourceLogoUrl><onlineUrl>http://selby.org/</onlineUrl><intellectualRights>http://creativecommons.org/licenses/by-nc/3.0/</intellectualRights><abstract></abstract><associatedParty><userId>6347</userId><individualName>Bruce Holst</individualName><surname>Holst</surname><givenname>Bruce</givenname><electronicMailAddress>bholst@selby.org</electronicMailAddress><positionName>Director of Botany</positionName></associatedParty></collection><collection identifier="28be2df2-5062-4277-a5d8-fdd890b9b10b" id="278"><alternateIdentifier>http://sernecportal.org/portal/collections/misc/collprofiles.php?collid=278</alternateIdentifier><parentCollectionIdentifier>IND</parentCollectionIdentifier><collectionIdentifier></collectionIdentifier><collectionName>Indiana University Herbarium (Deam Herbarium)</collectionName><resourceLogoUrl>http://swbiodiversity.org/seinet/content/collicon/ind.png</resourceLogoUrl><onlineUrl>https://biology.indiana.edu/research/facilities-resources/herbarium.html</onlineUrl><intellectualRights>http://creativecommons.org/licenses/by-nc/3.0/</intellectualRights><additionalInfo>The Trustees of Indiana University</additionalInfo><associatedParty><userId>5333</userId><individualName>Eric Knox</individualName><surname>Knox</surname><givenname>Eric</givenname><electronicMailAddress>eknox@indiana.edu</electronicMailAddress><positionName>Director</positionName></associatedParty><abstract><para>The Department of Biology administers the Indiana University Herbarium (IND). Founded in 1885, the herbarium houses over 152,000 specimens of vascular plants, including the collections of Charles C. Deam on which the Flora of Indiana is based.</para></abstract></collection><collection identifier="565b6f19-288f-4614-a4c9-b09448e96547" id="312"><alternateIdentifier>http://sernecportal.org/portal/collections/misc/collprofiles.php?collid=312</alternateIdentifier><parentCollectionIdentifier>TENN</parentCollectionIdentifier><collectionIdentifier></collectionIdentifier><collectionName>University of Tennessee</collectionName><resourceLogoUrl>http://swbiodiversity.org/seinet/content/collicon/tenn.png</resourceLogoUrl><onlineUrl>http://tenn.bio.utk.edu/vascular/vascular.shtml</onlineUrl><intellectualRights>http://creativecommons.org/publicdomain/zero/1.0/</intellectualRights><abstract></abstract><associatedParty><individualName>B. Wofford</individualName><electronicMailAddress>bewofford@utk.edu</electronicMailAddress></associatedParty></collection><collection identifier="a3883acd-bc7d-40f2-a6e4-372a3435e5d1" id="328"><alternateIdentifier>http://sernecportal.org/portal/collections/misc/collprofiles.php?collid=328</alternateIdentifier><parentCollectionIdentifier>CM</parentCollectionIdentifier><collectionIdentifier></collectionIdentifier><collectionName>Carnegie Museum of Natural History Herbarium</collectionName><resourceLogoUrl>http://intermountainbiota.org/portal/content/collicon/cm.jpg</resourceLogoUrl><onlineUrl>http://www.carnegiemnh.org/botany/collection.html</onlineUrl><intellectualRights>http://creativecommons.org/publicdomain/zero/1.0/</intellectualRights><additionalInfo>Carnegie Museum of Natural History</additionalInfo><associatedParty><userId>6197</userId><individualName>Bonnie Isaac</individualName><surname>Isaac</surname><givenname>Bonnie</givenname><electronicMailAddress>IsaacB@CarnegieMNH.org</electronicMailAddress></associatedParty><abstract><para>The Carnegie Museum herbarium (CM) has over 530,000 worldwide vascular plant specimens as well as the best representation in any herbarium of specimens from western Pennsylvania and the Upper Ohio Basin. CM holds the private herbarium of Hannibal and Tyrecca Davis containing 20,000 specimens with a concentration on Rubus (Rosaceae).</para></abstract></collection><collection identifier="e7d46432-f08c-413d-8294-704fc99302d3" id="354"><alternateIdentifier>http://sernecportal.org/portal/collections/misc/collprofiles.php?collid=354</alternateIdentifier><parentCollectionIdentifier>UTEP</parentCollectionIdentifier><collectionIdentifier>Herb</collectionIdentifier><collectionName>University of Texas at El Paso Biodiversity Collections Herbarium</collectionName><resourceLogoUrl>http://swbiodiversity.org/seinet/content/collicon/utep-herb.jpg</resourceLogoUrl><onlineUrl>https://www.utep.edu/biodiversity/collections/herbarium.html</onlineUrl><intellectualRights>http://creativecommons.org/publicdomain/zero/1.0/</intellectualRights><additionalInfo>University of Texas at El Paso</additionalInfo><associatedParty><userId>6405</userId><individualName>Teresa Mayfield</individualName><surname>Mayfield</surname><givenname>Teresa</givenname><electronicMailAddress>tmayfield@utep.edu</electronicMailAddress><positionName>Collection Manager</positionName></associatedParty><abstract><para>The Herbarium contains well over 85,000 catalogued plant specimens. Overall geographic content of the Herbarium is approximately as follows: Texas, 24%; New Mexico, 22%; other USA, 32%; Mexico, 7%; other world, 15%. Herbarium materials at UTEP that are of special interest include an extensive representation of the floras of the desert mountain ranges of southern New Mexico and western Texas.</para></abstract></collection><collection identifier="eefc8d2f-42bb-4ba2-92d7-52a4290a6fac" id="382"><alternateIdentifier>http://sernecportal.org/portal/collections/misc/collprofiles.php?collid=382</alternateIdentifier><parentCollectionIdentifier>USF</parentCollectionIdentifier><collectionIdentifier></collectionIdentifier><collectionName>University of South Florida Herbarium</collectionName><resourceLogoUrl>http://sernecportal.org/portal/content/collicon/usf.jpg</resourceLogoUrl><onlineUrl>http://biology.usf.edu/cmmb/research/herbarium.aspx</onlineUrl><intellectualRights>http://creativecommons.org/licenses/by/3.0/</intellectualRights><associatedParty><userId>5308</userId><individualName>Alan Franck</individualName><surname>Franck</surname><givenname>Alan</givenname><electronicMailAddress>afranck@mail.usf.edu</electronicMailAddress><positionName>Herbarium Curator</positionName></associatedParty><abstract><para>The USF Herbarium was established as a research and teaching collection in 1958 by George R. Cooley, two years after the founding of the University of South Florida. The USF Herbarium is the second largest collection in Florida, the seventh largest in the southeastern United States, and ranks in the upper third of the world's herbaria in size. The herbarium contains approximately 280,000 specimens, consisting of about 260,000 specimens of vascular plants, 14,000 algae, 2,800 bryophytes, 1,300 lichens, and 300 macrofungi. The collection contains approximately 400 type specimens. The herbarium is richest in specimens from Florida (~40%), with additional holdings from North America north of Mexico (~35%), Latin America and the West Indies (~15%), and the Eastern Hemisphere (~10%). Specific groups well represented in the herbarium include Acanthaceae, Apocynaceae, Begoniaceae, Bromeliaceae, Fabaceae, Orchidaceae, and pteridophytes (ferns).</para></abstract></collection></symbiota></metadata></additionalMetadata></eml:eml>
