coreid,identifier,accessURI,thumbnailAccessURI,goodQualityAccessURI,rights,Owner,UsageTerms,WebStatement,caption,comments,providerManagedID,MetadataDate,format,associatedSpecimenReference,type,subtype,metadataLanguage
4426632,http://fm-digital-assets.fieldmuseum.org/234/147/V0084470F.jpg,http://fm-digital-assets.fieldmuseum.org/234/147/V0084470F.jpg,http://midwestherbaria.org/imglib/midwest/F_Botany/201704/V0084470F_1492035896_tn.jpg,http://midwestherbaria.org/imglib/midwest/F_Botany/201704/V0084470F_1492035896_web.jpg,,"Field Museum of Natural History (F-Botany)","CC BY-NC (Attribution-Non-Commercial)",http://creativecommons.org/licenses/by-nc/3.0/,,,urn:uuid:4c27dcdb-8fcf-44a3-9e7c-acbc28448dd1,"2017-01-24 11:00:45",image/jpeg,http://sernecportal.org/portal/collections/individual/index.php?occid=4426632,StillImage,Photograph,en
6753753,https://bisque.cyverse.org/image_service/image/00-iyghyW778SrYmL3iX2KCpC?resize=4000&format=jpeg,https://bisque.cyverse.org/image_service/image/00-iyghyW778SrYmL3iX2KCpC?resize=4000&format=jpeg,"https://bisque.cyverse.org/image_service/image/00-iyghyW778SrYmL3iX2KCpC?thumbnail=200,200",https://bisque.cyverse.org/image_service/image/00-iyghyW778SrYmL3iX2KCpC?resize=1250&format=jpeg,,"University of West Florida (UWFP)","CC0 1.0 (Public-domain)",http://creativecommons.org/publicdomain/zero/1.0/,,,urn:uuid:567f0d2a-a74e-40ad-a540-92ca31160102,"2016-05-17 10:01:51",image/jpeg,http://sernecportal.org/portal/collections/individual/index.php?occid=6753753,StillImage,Photograph,en
6825869,https://bisque.cyverse.org/image_service/image/00-h4iHNgkPmEUKmoMGzAWE9c?resize=4000&format=jpeg,https://bisque.cyverse.org/image_service/image/00-h4iHNgkPmEUKmoMGzAWE9c?resize=4000&format=jpeg,"https://bisque.cyverse.org/image_service/image/00-h4iHNgkPmEUKmoMGzAWE9c?thumbnail=200,200",https://bisque.cyverse.org/image_service/image/00-h4iHNgkPmEUKmoMGzAWE9c?resize=1250&format=jpeg,,"Marie Selby Botanical Gardens Herbarium (SEL)","CC BY-NC (Attribution-Non-Commercial)",http://creativecommons.org/licenses/by-nc/3.0/,,,urn:uuid:0a8b5de6-c5df-4d53-8de0-a38b51e98505,"2016-05-17 09:49:56",image/jpeg,http://sernecportal.org/portal/collections/individual/index.php?occid=6825869,StillImage,Photograph,en
6825875,https://bisque.cyverse.org/image_service/image/00-zLgnWrmKRtBQEU6WbMsakX?resize=4000&format=jpeg,https://bisque.cyverse.org/image_service/image/00-zLgnWrmKRtBQEU6WbMsakX?resize=4000&format=jpeg,"https://bisque.cyverse.org/image_service/image/00-zLgnWrmKRtBQEU6WbMsakX?thumbnail=200,200",https://bisque.cyverse.org/image_service/image/00-zLgnWrmKRtBQEU6WbMsakX?resize=1250&format=jpeg,,"Marie Selby Botanical Gardens Herbarium (SEL)","CC BY-NC (Attribution-Non-Commercial)",http://creativecommons.org/licenses/by-nc/3.0/,,,urn:uuid:c09d19d4-7a52-4c16-9bbc-c7f1914a90f9,"2016-05-17 09:49:56",image/jpeg,http://sernecportal.org/portal/collections/individual/index.php?occid=6825875,StillImage,Photograph,en
6825876,https://bisque.cyverse.org/image_service/image/00-3V9xHo3nm28YVRZhXPBPmb?resize=4000&format=jpeg,https://bisque.cyverse.org/image_service/image/00-3V9xHo3nm28YVRZhXPBPmb?resize=4000&format=jpeg,"https://bisque.cyverse.org/image_service/image/00-3V9xHo3nm28YVRZhXPBPmb?thumbnail=200,200",https://bisque.cyverse.org/image_service/image/00-3V9xHo3nm28YVRZhXPBPmb?resize=1250&format=jpeg,,"Marie Selby Botanical Gardens Herbarium (SEL)","CC BY-NC (Attribution-Non-Commercial)",http://creativecommons.org/licenses/by-nc/3.0/,,,urn:uuid:e22131c4-13c3-4b12-adff-fe075b9b1b70,"2016-05-17 09:49:56",image/jpeg,http://sernecportal.org/portal/collections/individual/index.php?occid=6825876,StillImage,Photograph,en
9305339,https://bisque.cyverse.org/image_service/image/00-2SzbwLrepC7nX5TJG7NRTC/resize:4000/format:jpeg,https://bisque.cyverse.org/image_service/image/00-2SzbwLrepC7nX5TJG7NRTC/resize:4000/format:jpeg,"https://bisque.cyverse.org/image_service/image/00-2SzbwLrepC7nX5TJG7NRTC/thumbnail:200,200",https://bisque.cyverse.org/image_service/image/00-2SzbwLrepC7nX5TJG7NRTC/resize:1250/format:jpeg,,"University of South Carolina, A. C. Moore Herbarium (USCH)","CC BY-NC (Attribution-Non-Commercial)",http://creativecommons.org/licenses/by-nc/3.0/,,,urn:uuid:ac4aa867-d6df-4b2b-b5dd-88044e3a89c4,"2018-02-15 10:35:16",image/jpeg,http://sernecportal.org/portal/collections/individual/index.php?occid=9305339,StillImage,Photograph,en
10913744,http://www.tropicos.org/ImageDownload.aspx?imageid=100402001,http://www.tropicos.org/ImageDownload.aspx?imageid=100402001,,,,"Missouri Botanical Garden","CC BY (Attribution)",http://creativecommons.org/licenses/by/3.0/,,,urn:uuid:a12c9d8f-0029-4ee3-8af0-23f265f1427c,"2016-08-04 06:48:05",image/jpeg,http://sernecportal.org/portal/collections/individual/index.php?occid=10913744,StillImage,Photograph,en
12504830,http://purl.dlib.indiana.edu/iudl/herbarium/full/IND-0066897,http://purl.dlib.indiana.edu/iudl/herbarium/full/IND-0066897,http://swbiodiversity.org/imglib/arizona/IND/IND-0066/IND-0066897_1491419281_tn.jpg,http://swbiodiversity.org/imglib/arizona/IND/IND-0066/IND-0066897_1491419281_web.jpg,,"The Trustees of Indiana University","CC BY-NC (Attribution-Non-Commercial)",http://creativecommons.org/licenses/by-nc/3.0/,,,urn:uuid:03b98646-9727-47f4-ae80-7e7febccb755,"2017-03-27 16:31:59",image/jpeg,http://sernecportal.org/portal/collections/individual/index.php?occid=12504830,StillImage,Photograph,en
13679740,https://bisque.cyverse.org/image_service/image/00-tUji4gv7Pe5Ny84DxrtTxE?resize=4000&format=jpeg,https://bisque.cyverse.org/image_service/image/00-tUji4gv7Pe5Ny84DxrtTxE?resize=4000&format=jpeg,"https://bisque.cyverse.org/image_service/image/00-tUji4gv7Pe5Ny84DxrtTxE?thumbnail=200,200",https://bisque.cyverse.org/image_service/image/00-tUji4gv7Pe5Ny84DxrtTxE?resize=1250&format=jpeg,,"University of Tennessee (TENN)","CC0 1.0 (Public-domain)",http://creativecommons.org/publicdomain/zero/1.0/,,,urn:uuid:16917b9a-d5f5-42d1-95d3-319fb9df2ff3,"2017-04-11 16:33:54",image/jpeg,http://sernecportal.org/portal/collections/individual/index.php?occid=13679740,StillImage,Photograph,en
15523802,http://storage.idigbio.org/vt/vplants/UVMVT220/UVMVT220015_lg.jpg,http://storage.idigbio.org/vt/vplants/UVMVT220/UVMVT220015_lg.jpg,http://storage.idigbio.org/vt/vplants/UVMVT220/UVMVT220015_tn.jpg,http://storage.idigbio.org/vt/vplants/UVMVT220/UVMVT220015.jpg,,"University of Vermont","CC BY-NC (Attribution-Non-Commercial)",http://creativecommons.org/licenses/by-nc/3.0/,,,urn:uuid:383c92ea-8aaf-4289-a64b-65aecefc601a,"2017-07-08 06:31:53",image/jpeg,http://sernecportal.org/portal/collections/individual/index.php?occid=15523802,StillImage,Photograph,en
15680825,http://cdn.flmnh.ufl.edu/Herbarium/jpg/175/175232s1.jpg,http://cdn.flmnh.ufl.edu/Herbarium/jpg/175/175232s1.jpg,http://sernecportal.org/imglib/sernec/FLAS/00175/175232s1_1501121013_tn.jpg,http://sernecportal.org/imglib/sernec/FLAS/00175/175232s1_1501121013_web.jpg,,"University of Florida","CC BY-NC (Attribution-Non-Commercial)",http://creativecommons.org/licenses/by-nc/3.0/,,,urn:uuid:fc502e39-aa7a-4aa9-98f2-5925d9bec4ba,"2017-07-26 16:57:47",image/jpeg,http://sernecportal.org/portal/collections/individual/index.php?occid=15680825,StillImage,Photograph,en
16054879,http://cdn.flmnh.ufl.edu/Herbarium/jpg/209/209357a1.jpg,http://cdn.flmnh.ufl.edu/Herbarium/jpg/209/209357a1.jpg,http://sernecportal.org/imglib/sernec/FLAS/00209/209357a1_1522617338_tn.jpg,http://sernecportal.org/imglib/sernec/FLAS/00209/209357a1_1522617338_web.jpg,,"University of Florida","CC BY-NC (Attribution-Non-Commercial)",http://creativecommons.org/licenses/by-nc/3.0/,,,urn:uuid:baeb57e4-8174-454d-b8fd-064b55606d28,"2018-03-18 15:05:44",image/jpeg,http://sernecportal.org/portal/collections/individual/index.php?occid=16054879,StillImage,Photograph,en
16062025,http://cdn.flmnh.ufl.edu/Herbarium/jpg/220/220408a1.jpg,http://cdn.flmnh.ufl.edu/Herbarium/jpg/220/220408a1.jpg,http://sernecportal.org/imglib/sernec/FLAS/00220/220408a1_1522356974_tn.jpg,http://sernecportal.org/imglib/sernec/FLAS/00220/220408a1_1522356974_web.jpg,,"University of Florida","CC BY-NC (Attribution-Non-Commercial)",http://creativecommons.org/licenses/by-nc/3.0/,,,urn:uuid:3390a510-41db-42d9-b2bb-67a14844900b,"2018-03-18 15:05:44",image/jpeg,http://sernecportal.org/portal/collections/individual/index.php?occid=16062025,StillImage,Photograph,en
16062620,http://cdn.flmnh.ufl.edu/Herbarium/jpg/221/221501a1.jpg,http://cdn.flmnh.ufl.edu/Herbarium/jpg/221/221501a1.jpg,http://sernecportal.org/imglib/sernec/FLAS/00221/221501a1_1522292300_tn.jpg,http://sernecportal.org/imglib/sernec/FLAS/00221/221501a1_1522292300_web.jpg,,"University of Florida","CC BY-NC (Attribution-Non-Commercial)",http://creativecommons.org/licenses/by-nc/3.0/,,,urn:uuid:caf576db-d158-4fd5-b121-2e5a00948c46,"2018-03-18 15:05:44",image/jpeg,http://sernecportal.org/portal/collections/individual/index.php?occid=16062620,StillImage,Photograph,en
16062954,http://cdn.flmnh.ufl.edu/Herbarium/jpg/221/221863a1.jpg,http://cdn.flmnh.ufl.edu/Herbarium/jpg/221/221863a1.jpg,http://sernecportal.org/imglib/sernec/FLAS/00221/221863a1_1522615691_tn.jpg,http://sernecportal.org/imglib/sernec/FLAS/00221/221863a1_1522615691_web.jpg,,"University of Florida","CC BY-NC (Attribution-Non-Commercial)",http://creativecommons.org/licenses/by-nc/3.0/,,,urn:uuid:746c2f69-7093-4c05-8a2b-3b2037a0322f,"2018-03-18 15:05:44",image/jpeg,http://sernecportal.org/portal/collections/individual/index.php?occid=16062954,StillImage,Photograph,en
16066160,http://cdn.flmnh.ufl.edu/Herbarium/jpg/226/226529a1.jpg,http://cdn.flmnh.ufl.edu/Herbarium/jpg/226/226529a1.jpg,http://sernecportal.org/imglib/sernec/FLAS/00226/226529a1_1506886716_tn.jpg,http://sernecportal.org/imglib/sernec/FLAS/00226/226529a1_1506886716_web.jpg,,"University of Florida","CC BY-NC (Attribution-Non-Commercial)",http://creativecommons.org/licenses/by-nc/3.0/,,,urn:uuid:bcd84913-4c75-420d-9505-16551c47e86b,"2017-09-28 10:02:05",image/jpeg,http://sernecportal.org/portal/collections/individual/index.php?occid=16066160,StillImage,Photograph,en
16071731,http://cdn.flmnh.ufl.edu/Herbarium/jpg/232/232517a1.jpg,http://cdn.flmnh.ufl.edu/Herbarium/jpg/232/232517a1.jpg,http://sernecportal.org/imglib/sernec/FLAS/00232/232517a1_1506887372_tn.jpg,http://sernecportal.org/imglib/sernec/FLAS/00232/232517a1_1506887372_web.jpg,,"University of Florida","CC BY-NC (Attribution-Non-Commercial)",http://creativecommons.org/licenses/by-nc/3.0/,,,urn:uuid:afba20f5-2600-4eb2-8f07-6012f17c2077,"2017-09-28 10:02:05",image/jpeg,http://sernecportal.org/portal/collections/individual/index.php?occid=16071731,StillImage,Photograph,en
16072772,http://cdn.flmnh.ufl.edu/Herbarium/jpg/233/233689a1.jpg,http://cdn.flmnh.ufl.edu/Herbarium/jpg/233/233689a1.jpg,http://sernecportal.org/imglib/sernec/FLAS/00233/233689a1_1506697829_tn.jpg,http://sernecportal.org/imglib/sernec/FLAS/00233/233689a1_1506697829_web.jpg,,"University of Florida","CC BY-NC (Attribution-Non-Commercial)",http://creativecommons.org/licenses/by-nc/3.0/,,,urn:uuid:57f89715-e21e-4292-81ae-2c95b82dcb28,"2017-09-28 10:02:05",image/jpeg,http://sernecportal.org/portal/collections/individual/index.php?occid=16072772,StillImage,Photograph,en
16076254,http://cdn.flmnh.ufl.edu/Herbarium/jpg/237/237997a1.jpg,http://cdn.flmnh.ufl.edu/Herbarium/jpg/237/237997a1.jpg,http://sernecportal.org/imglib/sernec/FLAS/00237/237997a1_1506887328_tn.jpg,http://sernecportal.org/imglib/sernec/FLAS/00237/237997a1_1506887328_web.jpg,,"University of Florida","CC BY-NC (Attribution-Non-Commercial)",http://creativecommons.org/licenses/by-nc/3.0/,,,urn:uuid:f2fa2954-adbd-461b-8f15-d972c31dedff,"2017-09-28 10:02:05",image/jpeg,http://sernecportal.org/portal/collections/individual/index.php?occid=16076254,StillImage,Photograph,en
16078932,http://cdn.flmnh.ufl.edu/Herbarium/jpg/241/241717a1.jpg,http://cdn.flmnh.ufl.edu/Herbarium/jpg/241/241717a1.jpg,http://sernecportal.org/imglib/sernec/FLAS/00241/241717a1_1506892686_tn.jpg,http://sernecportal.org/imglib/sernec/FLAS/00241/241717a1_1506892686_web.jpg,,"University of Florida","CC BY-NC (Attribution-Non-Commercial)",http://creativecommons.org/licenses/by-nc/3.0/,,,urn:uuid:767380e3-6b69-4a2c-8c10-83bfcb403396,"2017-09-28 10:02:05",image/jpeg,http://sernecportal.org/portal/collections/individual/index.php?occid=16078932,StillImage,Photograph,en
16081064,http://cdn.flmnh.ufl.edu/Herbarium/jpg/260/260609a1.jpg,http://cdn.flmnh.ufl.edu/Herbarium/jpg/260/260609a1.jpg,http://sernecportal.org/imglib/sernec/FLAS/00260/260609a1_1506697231_tn.jpg,http://sernecportal.org/imglib/sernec/FLAS/00260/260609a1_1506697231_web.jpg,,"University of Florida","CC BY-NC (Attribution-Non-Commercial)",http://creativecommons.org/licenses/by-nc/3.0/,,,urn:uuid:8f11685c-d992-404f-88fd-4c43bc0da8ac,"2017-09-28 10:02:05",image/jpeg,http://sernecportal.org/portal/collections/individual/index.php?occid=16081064,StillImage,Photograph,en
18881852,http://cdn.flmnh.ufl.edu/Herbarium/jpg/263/263602a1.jpg,http://cdn.flmnh.ufl.edu/Herbarium/jpg/263/263602a1.jpg,http://sernecportal.org/imglib/sernec/FLAS/00263/263602a1_1522430131_tn.jpg,http://sernecportal.org/imglib/sernec/FLAS/00263/263602a1_1522430131_web.jpg,,"University of Florida","CC BY-NC (Attribution-Non-Commercial)",http://creativecommons.org/licenses/by-nc/3.0/,,,urn:uuid:d4cf16da-38ac-48ee-9c92-f6b6aa193904,"2018-03-18 15:05:44",image/jpeg,http://sernecportal.org/portal/collections/individual/index.php?occid=18881852,StillImage,Photograph,en
19296828,https://cdn.plantatlas.org/img/specimens/USF/243493.jpg,https://cdn.plantatlas.org/img/specimens/USF/243493.jpg,https://cdn.plantatlas.org/img/specimens/USF/thumbs/243493.jpg,,,"University of South Florida Herbarium (USF)","CC BY (Attribution)",http://creativecommons.org/licenses/by/3.0/,,,urn:uuid:7024bbb8-b405-40bf-aa53-a1605733fb48,"2018-03-29 10:29:17",image/jpeg,http://sernecportal.org/portal/collections/individual/index.php?occid=19296828,StillImage,Photograph,en
19296829,https://cdn.plantatlas.org/img/specimens/USF/241724.jpg,https://cdn.plantatlas.org/img/specimens/USF/241724.jpg,https://cdn.plantatlas.org/img/specimens/USF/thumbs/241724.jpg,http://sernecportal.org/imglib/sernec/USF/00241/241724_1523542952_web.jpg,,"University of South Florida Herbarium (USF)","CC BY (Attribution)",http://creativecommons.org/licenses/by/3.0/,,,urn:uuid:e3a3cdc2-6f05-4647-8a1c-71b699bfc18e,"2018-03-29 10:29:17",image/jpeg,http://sernecportal.org/portal/collections/individual/index.php?occid=19296829,StillImage,Photograph,en
19296830,https://cdn.plantatlas.org/img/specimens/USF/202946.jpg,https://cdn.plantatlas.org/img/specimens/USF/202946.jpg,https://cdn.plantatlas.org/img/specimens/USF/thumbs/202946.jpg,,,"University of South Florida Herbarium (USF)","CC BY (Attribution)",http://creativecommons.org/licenses/by/3.0/,,,urn:uuid:e2e21c63-efc6-4db1-92b4-5ccc4c6d0e71,"2018-03-29 10:29:17",image/jpeg,http://sernecportal.org/portal/collections/individual/index.php?occid=19296830,StillImage,Photograph,en
19296831,https://cdn.plantatlas.org/img/specimens/USF/229398.jpg,https://cdn.plantatlas.org/img/specimens/USF/229398.jpg,https://cdn.plantatlas.org/img/specimens/USF/thumbs/229398.jpg,,,"University of South Florida Herbarium (USF)","CC BY (Attribution)",http://creativecommons.org/licenses/by/3.0/,,,urn:uuid:1f145006-bcbe-444d-8a5a-234478731a7a,"2018-03-29 10:29:17",image/jpeg,http://sernecportal.org/portal/collections/individual/index.php?occid=19296831,StillImage,Photograph,en
19296832,https://cdn.plantatlas.org/img/specimens/USF/244413.jpg,https://cdn.plantatlas.org/img/specimens/USF/244413.jpg,https://cdn.plantatlas.org/img/specimens/USF/thumbs/244413.jpg,,,"University of South Florida Herbarium (USF)","CC BY (Attribution)",http://creativecommons.org/licenses/by/3.0/,,,urn:uuid:47c4ef4d-4b96-42d8-9a43-3779ce65fe04,"2018-03-29 10:29:17",image/jpeg,http://sernecportal.org/portal/collections/individual/index.php?occid=19296832,StillImage,Photograph,en
19296834,https://cdn.plantatlas.org/img/specimens/USF/226780.jpg,https://cdn.plantatlas.org/img/specimens/USF/226780.jpg,https://cdn.plantatlas.org/img/specimens/USF/thumbs/226780.jpg,http://sernecportal.org/imglib/sernec/USF/00226/226780_1523480962_web.jpg,,"University of South Florida Herbarium (USF)","CC BY (Attribution)",http://creativecommons.org/licenses/by/3.0/,,,urn:uuid:6043094c-b714-461b-8ade-bfd49cf11ab2,"2018-03-29 10:29:17",image/jpeg,http://sernecportal.org/portal/collections/individual/index.php?occid=19296834,StillImage,Photograph,en
19332966,https://cdn.plantatlas.org/img/specimens/USF/269712.jpg,https://cdn.plantatlas.org/img/specimens/USF/269712.jpg,https://cdn.plantatlas.org/img/specimens/USF/thumbs/269712.jpg,http://sernecportal.org/imglib/sernec/USF/00269/269712_1522433466_web.jpg,,"University of South Florida Herbarium (USF)","CC BY (Attribution)",http://creativecommons.org/licenses/by/3.0/,,,urn:uuid:68b8a682-599e-4e6b-b66f-423e2d6f6c85,"2018-03-29 10:29:17",image/jpeg,http://sernecportal.org/portal/collections/individual/index.php?occid=19332966,StillImage,Photograph,en
19338079,https://cdn.plantatlas.org/img/specimens/USF/272194.jpg,https://cdn.plantatlas.org/img/specimens/USF/272194.jpg,https://cdn.plantatlas.org/img/specimens/USF/thumbs/272194.jpg,http://sernecportal.org/imglib/sernec/USF/00272/272194_1531104385_web.jpg,,"University of South Florida Herbarium (USF)","CC BY (Attribution)",http://creativecommons.org/licenses/by/3.0/,,,urn:uuid:b03a12a6-6ca6-4dcf-b029-fd7f128b07df,"2018-03-29 10:29:17",image/jpeg,http://sernecportal.org/portal/collections/individual/index.php?occid=19338079,StillImage,Photograph,en
19349560,https://cdn.plantatlas.org/img/specimens/USF/279472.jpg,https://cdn.plantatlas.org/img/specimens/USF/279472.jpg,https://cdn.plantatlas.org/img/specimens/USF/thumbs/279472.jpg,,,"University of South Florida Herbarium (USF)","CC BY (Attribution)",http://creativecommons.org/licenses/by/3.0/,,,urn:uuid:adda5ecc-2b52-4cc7-af37-4006b99b0fc6,"2018-03-29 10:29:17",image/jpeg,http://sernecportal.org/portal/collections/individual/index.php?occid=19349560,StillImage,Photograph,en
19407676,https://cdn.plantatlas.org/img/specimens/USF/295813.jpg,https://cdn.plantatlas.org/img/specimens/USF/295813.jpg,https://cdn.plantatlas.org/img/specimens/USF/thumbs/295813.jpg,,,"University of South Florida Herbarium (USF)","CC BY (Attribution)",http://creativecommons.org/licenses/by/3.0/,,,urn:uuid:71ad01f0-4047-401d-81bf-0fa0f3c87f29,"2018-03-29 10:29:17",image/jpeg,http://sernecportal.org/portal/collections/individual/index.php?occid=19407676,StillImage,Photograph,en
14734795,http://sweetgum.nybg.org/images3/447/614/v-173-01383310.jpg,http://sweetgum.nybg.org/images3/447/614/v-173-01383310.jpg,http://sweetgum.nybg.org/images3/447/614/v-173-01383310.thumb.jpg,,,"New York Botanical Garden (NY)","CC BY-NC (Attribution-Non-Commercial)",http://creativecommons.org/licenses/by-nc/3.0/,,,urn:uuid:8be41c31-e6ac-498a-b463-8ac929cb5039,"2017-06-20 18:41:04",image/jpeg,http://sernecportal.org/portal/collections/individual/index.php?occid=14734795,StillImage,Photograph,en
15202252,http://sweetgum.nybg.org/images3/447/613/v-173-01383309.jpg,http://sweetgum.nybg.org/images3/447/613/v-173-01383309.jpg,http://sweetgum.nybg.org/images3/447/613/v-173-01383309.thumb.jpg,,,"New York Botanical Garden (NY)","CC BY-NC (Attribution-Non-Commercial)",http://creativecommons.org/licenses/by-nc/3.0/,,,urn:uuid:af805bd4-6cc5-4e7c-83ef-8679a271d0ef,"2017-06-20 18:41:04",image/jpeg,http://sernecportal.org/portal/collections/individual/index.php?occid=15202252,StillImage,Photograph,en
