<?xml version="1.0" encoding="ISO-8859-1"?>
<eml:eml xmlns:eml="eml://ecoinformatics.org/eml-2.1.1" xmlns:dc="http://purl.org/dc/terms/" xmlns:xsi="http://www.w3.org/2001/XMLSchema-instance" xsi:schemaLocation="eml://ecoinformatics.org/eml-2.1.1 http://rs.gbif.org/schema/eml-gbif-profile/1.0.1/eml.xsd" packageId="9e65ac27-b70f-4625-aff0-cf7e9fe92056" system="http://symbiota.org" scope="system" xml:lang="eng"><dataset><title xml:lang="eng">SERNEC general data extract</title><creator id="17dd4489-ee9c-414a-b99b-871873f3d335"><organizationName>SERNEC</organizationName><electronicMailAddress>herrick.brown@gmail.com</electronicMailAddress><onlineUrl>http://sernecportal.org/portal/index.php</onlineUrl></creator><metadataProvider><organizationName>SERNEC</organizationName><electronicMailAddress>herrick.brown@gmail.com</electronicMailAddress><onlineUrl>http://sernecportal.org/portal/index.php</onlineUrl></metadataProvider><pubDate>2018-10-11</pubDate><language>eng</language></dataset><additionalMetadata><metadata><symbiota><dateStamp>2018-10-11T12:45:29-07:00</dateStamp><citation identifier="a807aa79-e96d-4706-be42-2bba622a8c8c">SERNEC - a807aa79-e96d-4706-be42-2bba622a8c8c</citation><physical><characterEncoding>ISO-8859-1</characterEncoding><dataFormat><externallyDefinedFormat><formatName>Darwin Core Archive</formatName></externallyDefinedFormat></dataFormat></physical><collection identifier="b39167b5-1732-4bbf-aeda-9b8ede470fbd" id="40"><alternateIdentifier>http://sernecportal.org/portal/collections/misc/collprofiles.php?collid=40</alternateIdentifier><parentCollectionIdentifier>NY</parentCollectionIdentifier><collectionIdentifier></collectionIdentifier><collectionName>New York Botanical Garden</collectionName><resourceLogoUrl>http://swbiodiversity.org/seinet/content/collicon/ny.jpg</resourceLogoUrl><onlineUrl>http://sciweb.nybg.org/science2/SteereHerbarium.asp</onlineUrl><intellectualRights>http://creativecommons.org/licenses/by-nc/3.0/</intellectualRights><associatedParty><userId>1305</userId><individualName>barbara Thiers</individualName><surname>Thiers</surname><givenname>barbara</givenname><electronicMailAddress>bthiers@nybg.org</electronicMailAddress><positionName>Director of the Herbarium</positionName></associatedParty><abstract><para>With more than 7.8 million preserved specimens, the William and Lynda Steere Herbarium is the largest herbarium in the Western Hemisphere.</para></abstract></collection><collection identifier="5082277f-dd49-4b22-9e2d-746d2fb233b4" id="151"><alternateIdentifier>http://sernecportal.org/portal/collections/misc/collprofiles.php?collid=151</alternateIdentifier><parentCollectionIdentifier>FSU</parentCollectionIdentifier><collectionIdentifier></collectionIdentifier><collectionName>Florida State University's Robert K. Godfrey Herbarium</collectionName><resourceLogoUrl>http://sernecportal.org/portal/content/collicon/fsu.png</resourceLogoUrl><onlineUrl>http://herbarium.bio.fsu.edu/</onlineUrl><intellectualRights>http://creativecommons.org/licenses/by-nc/3.0/</intellectualRights><additionalInfo>The Florida State University</additionalInfo><associatedParty><userId>5081</userId><individualName>Austin Mast</individualName><surname>Mast</surname><givenname>Austin</givenname><electronicMailAddress>amast@bio.fsu.edu</electronicMailAddress></associatedParty><abstract><para>The collection contains &gt;220,000 specimens that document the distribution and natural variation of plants and algae worldwide, with a special focus on the 2,400 species of plants found in N FL--one of North America's biodiversity hotspots--and the microalgae of Florida's Gulf and Atlantic coasts.</para></abstract></collection><collection identifier="7a265b8e-90e3-42e9-9a7d-f86f6e810fba" id="160"><alternateIdentifier>http://sernecportal.org/portal/collections/misc/collprofiles.php?collid=160</alternateIdentifier><parentCollectionIdentifier>ARCH</parentCollectionIdentifier><collectionIdentifier>herbarium</collectionIdentifier><collectionName>Archbold Biological Station</collectionName><resourceLogoUrl>http://nansh.org/portal/content/collicon/arch-herbarium.jpg</resourceLogoUrl><onlineUrl>http://www.archbold-station.org/</onlineUrl><intellectualRights>http://creativecommons.org/licenses/by-nc/3.0/</intellectualRights><associatedParty><userId>2127</userId><individualName>Eric Menges</individualName><surname>Menges</surname><givenname>Eric</givenname><electronicMailAddress>emenges@archbold-station.org</electronicMailAddress></associatedParty><abstract><para>The Archbold Biological Station herbarium has over 4200 vascular plant specimens and is located in the laboratory of the Plant Ecology Program in the Richard Archbold Research Center at Archbold Biological Station in Lake Placid, FL. The collection consists predominately of plants collected from central and south Florida, with a strong emphasis on the southern Lake Wales Ridge near and on the property of Archbold Biological Station. Additional collections include bryophytes and lichens. The Archbold Biological Station is also known as the Leonard J. Brass Herbarium, named in honor of worldwide plant collector, palm expert, explorer, conservationist, and botanist, L.J. Brass (1900-1971). Dr. Brass founded this herbarium and collected the majority of its specimens. In February 2010, we also dedicated this collection to Dorothy Mundell, in appreciation of her long-time service to the herbarium. Carl Weekley and Rebecca Yahr also made significant contributions to the ABS herbarium. Eric Menges is currently the curator. Nomenclature used as determined by Wunderlin (http://florida.plantatlas.usf.edu/) or (http://plants.usda.gov)</para></abstract></collection><collection identifier="274b5332-1247-4374-b124-c819b814cd6e" id="192"><alternateIdentifier>http://sernecportal.org/portal/collections/misc/collprofiles.php?collid=192</alternateIdentifier><parentCollectionIdentifier>DUKE</parentCollectionIdentifier><collectionIdentifier></collectionIdentifier><collectionName>Duke University</collectionName><resourceLogoUrl>http://sernecportal.org/portal/content/collicon/duke.png</resourceLogoUrl><onlineUrl></onlineUrl><intellectualRights>http://creativecommons.org/licenses/by-nc/3.0/</intellectualRights><abstract></abstract><associatedParty><userId>1989</userId><individualName>Michael Windham</individualName><surname>Windham</surname><givenname>Michael</givenname><electronicMailAddress>mdw26@duke.edu</electronicMailAddress><positionName>Senior Research Scientist</positionName></associatedParty><associatedParty><userId>4780</userId><individualName>Layne Huiet</individualName><surname>Huiet</surname><givenname>Layne</givenname><electronicMailAddress>rlh22@duke.edu</electronicMailAddress><positionName>Collection Manager</positionName></associatedParty></collection><collection identifier="17f2d0fa-39a6-4465-8055-1d6fc12eeda2" id="206"><alternateIdentifier>http://sernecportal.org/portal/collections/misc/collprofiles.php?collid=206</alternateIdentifier><parentCollectionIdentifier>NCU</parentCollectionIdentifier><collectionIdentifier></collectionIdentifier><collectionName>University of North Carolina Chapel Hill Herbarium</collectionName><resourceLogoUrl>http://sernecportal.org/portal/content/collicon/ncu.jpg</resourceLogoUrl><onlineUrl>http://www.herbarium.unc.edu/</onlineUrl><intellectualRights>http://creativecommons.org/licenses/by-nc/3.0/</intellectualRights><associatedParty><userId>4937</userId><individualName>Carol Ann McCormick</individualName><surname>McCormick</surname><givenname>Carol Ann</givenname><electronicMailAddress>mccormick@unc.edu</electronicMailAddress><positionName>Curator</positionName></associatedParty><abstract><para>The University of North Carolina Chapel Hill Herbarium (NCU) is a Department of the North Carolina Botanical Garden of the University of North Carolina at Chapel Hill. The vascular plant collection is world-wide in scope, and focuses on the native flora of the Southeastern United States. Approximately 450,000 of our ca. 600,000 specimens will be imaged &amp; databased for THE KEY TO THE CABINETS: BUILDING &amp; SUSTAINING A RESEARCH DATABASE FOR A GLOBAL BIODIVERSITY HOTSPOT. NCU also curates plant fossils (esp. Devonian and collections of Patricia Gensel), fungi (esp. collections of W.C. Coker, J.N. Couch, A. B. Seymour), lichens (esp. collections of Gary Perlmutter), bryophytes, and algae (esp. red marine algae of temperate zones and collections of Max Hommersand &amp; Paul Gabrielson). NCU is open to the public &amp; welcomes researchers; contact Curator to reserve on-campus parking permit.</para></abstract></collection><collection identifier="a252df7c-54e5-4067-b8ad-fb3be53cb0f8" id="221"><alternateIdentifier>http://sernecportal.org/portal/collections/misc/collprofiles.php?collid=221</alternateIdentifier><parentCollectionIdentifier>USMS</parentCollectionIdentifier><collectionIdentifier></collectionIdentifier><collectionName>University of Southern Mississippi Herbarium</collectionName><resourceLogoUrl>http://sernecportal.org/portal/content/collicon/usms.jpg</resourceLogoUrl><onlineUrl>https://www.usm.edu/biological-sciences/herbarium</onlineUrl><intellectualRights>http://creativecommons.org/licenses/by-nc/3.0/</intellectualRights><associatedParty><userId>4998</userId><individualName>Mac Alford</individualName><surname>Alford</surname><givenname>Mac</givenname><electronicMailAddress>mac.alford@usm.edu</electronicMailAddress><positionName>Curator of the Herbarium</positionName></associatedParty><abstract><para>Founded in 1964, the University of Southern Mississippi Herbarium specializes in vascular plants of the southeastern U.S., aquatic and wetland plants as well as myxomycetes of Mississippi.</para></abstract></collection><collection identifier="afa92649-e7ab-404c-8650-5a31604ff168" id="249"><alternateIdentifier>http://sernecportal.org/portal/collections/misc/collprofiles.php?collid=249</alternateIdentifier><parentCollectionIdentifier>FLAS</parentCollectionIdentifier><collectionIdentifier></collectionIdentifier><collectionName>University of Florida Herbarium</collectionName><resourceLogoUrl>http://sernecportal.org/portal/content/collicon/FLAS-.jpg</resourceLogoUrl><onlineUrl>http://www.floridamuseum.ufl.edu/herbarium</onlineUrl><intellectualRights>http://creativecommons.org/licenses/by-nc/3.0/</intellectualRights><additionalInfo>University of Florida</additionalInfo><abstract></abstract><associatedParty><userId>5047</userId><individualName>Kent Perkins</individualName><surname>Perkins</surname><givenname>Kent</givenname><electronicMailAddress>kperkins@flmnh.ufl.edu</electronicMailAddress><positionName>Collection Manager</positionName></associatedParty></collection><collection identifier="d77760fa-0a9d-469a-a49f-6c8d519dadc6" id="311"><alternateIdentifier>http://sernecportal.org/portal/collections/misc/collprofiles.php?collid=311</alternateIdentifier><parentCollectionIdentifier>UCHT</parentCollectionIdentifier><collectionIdentifier></collectionIdentifier><collectionName>University of Tennessee, Chattanooga</collectionName><resourceLogoUrl>http://sernecportal.org/portal/content/collicon/ucht.jpg</resourceLogoUrl><onlineUrl></onlineUrl><intellectualRights>http://creativecommons.org/publicdomain/zero/1.0/</intellectualRights><abstract></abstract><associatedParty><userId>2117</userId><individualName>Joey Shaw</individualName><surname>Shaw</surname><givenname>Joey</givenname><electronicMailAddress>joey-shaw@utc.edu</electronicMailAddress><positionName>UC Foundation Professor of Biology</positionName></associatedParty></collection><collection identifier="a3883acd-bc7d-40f2-a6e4-372a3435e5d1" id="328"><alternateIdentifier>http://sernecportal.org/portal/collections/misc/collprofiles.php?collid=328</alternateIdentifier><parentCollectionIdentifier>CM</parentCollectionIdentifier><collectionIdentifier></collectionIdentifier><collectionName>Carnegie Museum of Natural History Herbarium</collectionName><resourceLogoUrl>http://intermountainbiota.org/portal/content/collicon/cm.jpg</resourceLogoUrl><onlineUrl>http://www.carnegiemnh.org/botany/collection.html</onlineUrl><intellectualRights>http://creativecommons.org/publicdomain/zero/1.0/</intellectualRights><additionalInfo>Carnegie Museum of Natural History</additionalInfo><associatedParty><userId>6197</userId><individualName>Bonnie Isaac</individualName><surname>Isaac</surname><givenname>Bonnie</givenname><electronicMailAddress>IsaacB@CarnegieMNH.org</electronicMailAddress></associatedParty><abstract><para>The Carnegie Museum herbarium (CM) has over 530,000 worldwide vascular plant specimens as well as the best representation in any herbarium of specimens from western Pennsylvania and the Upper Ohio Basin. CM holds the private herbarium of Hannibal and Tyrecca Davis containing 20,000 specimens with a concentration on Rubus (Rosaceae).</para></abstract></collection><collection identifier="eefc8d2f-42bb-4ba2-92d7-52a4290a6fac" id="382"><alternateIdentifier>http://sernecportal.org/portal/collections/misc/collprofiles.php?collid=382</alternateIdentifier><parentCollectionIdentifier>USF</parentCollectionIdentifier><collectionIdentifier></collectionIdentifier><collectionName>University of South Florida Herbarium</collectionName><resourceLogoUrl>http://sernecportal.org/portal/content/collicon/usf.jpg</resourceLogoUrl><onlineUrl>http://biology.usf.edu/cmmb/research/herbarium.aspx</onlineUrl><intellectualRights>http://creativecommons.org/licenses/by/3.0/</intellectualRights><associatedParty><userId>5308</userId><individualName>Alan Franck</individualName><surname>Franck</surname><givenname>Alan</givenname><electronicMailAddress>afranck@mail.usf.edu</electronicMailAddress><positionName>Herbarium Curator</positionName></associatedParty><abstract><para>The USF Herbarium was established as a research and teaching collection in 1958 by George R. Cooley, two years after the founding of the University of South Florida. The USF Herbarium is the second largest collection in Florida, the seventh largest in the southeastern United States, and ranks in the upper third of the world's herbaria in size. The herbarium contains approximately 280,000 specimens, consisting of about 260,000 specimens of vascular plants, 14,000 algae, 2,800 bryophytes, 1,300 lichens, and 300 macrofungi. The collection contains approximately 400 type specimens. The herbarium is richest in specimens from Florida (~40%), with additional holdings from North America north of Mexico (~35%), Latin America and the West Indies (~15%), and the Eastern Hemisphere (~10%). Specific groups well represented in the herbarium include Acanthaceae, Apocynaceae, Begoniaceae, Bromeliaceae, Fabaceae, Orchidaceae, and pteridophytes (ferns).</para></abstract></collection></symbiota></metadata></additionalMetadata></eml:eml>
