coreid,identifier,accessURI,thumbnailAccessURI,goodQualityAccessURI,rights,Owner,UsageTerms,WebStatement,caption,comments,providerManagedID,MetadataDate,format,associatedSpecimenReference,type,subtype,metadataLanguage
4140881,http://storage.idigbio.org/arch/nansh/ARCH02/ARCH02850_lg.jpg,http://storage.idigbio.org/arch/nansh/ARCH02/ARCH02850_lg.jpg,http://storage.idigbio.org/arch/nansh/ARCH02/ARCH02850_tn.jpg,http://storage.idigbio.org/arch/nansh/ARCH02/ARCH02850.jpg,,"Archbold Biological Station (ARCH-herbarium)","CC BY-NC (Attribution-Non-Commercial)",http://creativecommons.org/licenses/by-nc/3.0/,,,urn:uuid:bb54d52e-fd9d-441f-9e97-f029fcc4ca3b,"2014-02-19 05:14:23",image/jpeg,http://sernecportal.org/portal/collections/individual/index.php?occid=4140881,StillImage,Photograph,en
6024698,http://www.mississippiplants.org/images/specimens/USMS_000010349/USMS_000010349.jpg,http://www.mississippiplants.org/images/specimens/USMS_000010349/USMS_000010349.jpg,http://hasbrouck.asu.edu/imglib/seinet/misc/201502/USMS_000010349_l_1423830806_tn.jpg,http://www.mississippiplants.org/images/specimens/USMS_000010349/USMS_000010349_l.jpg,,"University of Southern Mississippi Herbarium (USMS)","CC BY-NC (Attribution-Non-Commercial)",http://creativecommons.org/licenses/by-nc/3.0/,,,urn:uuid:d79b94c9-67f1-4dbd-89ff-084ee7cc7afe,"2015-02-04 00:40:27",image/jpeg,http://sernecportal.org/portal/collections/individual/index.php?occid=6024698,StillImage,Photograph,en
13346795,https://bisque.cyverse.org/image_service/image/00-LbRnfcWgZU3DxaHMSvKKdg?resize=4000&format=jpeg,https://bisque.cyverse.org/image_service/image/00-LbRnfcWgZU3DxaHMSvKKdg?resize=4000&format=jpeg,"https://bisque.cyverse.org/image_service/image/00-LbRnfcWgZU3DxaHMSvKKdg?thumbnail=200,200",https://bisque.cyverse.org/image_service/image/00-LbRnfcWgZU3DxaHMSvKKdg?resize=1250&format=jpeg,,"Duke University (DUKE)","CC BY-NC (Attribution-Non-Commercial)",http://creativecommons.org/licenses/by-nc/3.0/,,,urn:uuid:087ff4a1-fc95-4edb-986f-178d5605e727,"2017-03-31 09:01:44",image/jpeg,http://sernecportal.org/portal/collections/individual/index.php?occid=13346795,StillImage,Photograph,en
14938020,http://sweetgum.nybg.org/images3/2051/462/02574564.jpg,http://sweetgum.nybg.org/images3/2051/462/02574564.jpg,http://sweetgum.nybg.org/images3/2051/462/02574564.thumb.jpg,,,"New York Botanical Garden (NY)","CC BY-NC (Attribution-Non-Commercial)",http://creativecommons.org/licenses/by-nc/3.0/,,,urn:uuid:f5aaadf6-4713-494f-bb32-45f36703c7c3,"2017-06-20 18:41:04",image/jpeg,http://sernecportal.org/portal/collections/individual/index.php?occid=14938020,StillImage,Photograph,en
15034086,http://sweetgum.nybg.org/images3/2051/463/02574565.jpg,http://sweetgum.nybg.org/images3/2051/463/02574565.jpg,http://sweetgum.nybg.org/images3/2051/463/02574565.thumb.jpg,,,"New York Botanical Garden (NY)","CC BY-NC (Attribution-Non-Commercial)",http://creativecommons.org/licenses/by-nc/3.0/,,,urn:uuid:8ae5a1cd-f053-4526-915f-afa0d6686c68,"2017-06-20 18:41:04",image/jpeg,http://sernecportal.org/portal/collections/individual/index.php?occid=15034086,StillImage,Photograph,en
15121607,http://sweetgum.nybg.org/images3/2051/460/02574562.jpg,http://sweetgum.nybg.org/images3/2051/460/02574562.jpg,http://sweetgum.nybg.org/images3/2051/460/02574562.thumb.jpg,,,"New York Botanical Garden (NY)","CC BY-NC (Attribution-Non-Commercial)",http://creativecommons.org/licenses/by-nc/3.0/,,,urn:uuid:d6028719-b509-48c5-92fb-9eff615b89ef,"2017-06-20 18:41:04",image/jpeg,http://sernecportal.org/portal/collections/individual/index.php?occid=15121607,StillImage,Photograph,en
15169323,http://sweetgum.nybg.org/images3/2051/459/02574561.jpg,http://sweetgum.nybg.org/images3/2051/459/02574561.jpg,http://sweetgum.nybg.org/images3/2051/459/02574561.thumb.jpg,,,"New York Botanical Garden (NY)","CC BY-NC (Attribution-Non-Commercial)",http://creativecommons.org/licenses/by-nc/3.0/,,,urn:uuid:a0300691-6075-4389-8a32-f040768ab85a,"2017-06-20 18:41:04",image/jpeg,http://sernecportal.org/portal/collections/individual/index.php?occid=15169323,StillImage,Photograph,en
15173328,http://sweetgum.nybg.org/images3/2051/461/02574563.jpg,http://sweetgum.nybg.org/images3/2051/461/02574563.jpg,http://sweetgum.nybg.org/images3/2051/461/02574563.thumb.jpg,,,"New York Botanical Garden (NY)","CC BY-NC (Attribution-Non-Commercial)",http://creativecommons.org/licenses/by-nc/3.0/,,,urn:uuid:d39425d9-9973-4907-a8a9-8d3fdbe97324,"2017-06-20 18:41:04",image/jpeg,http://sernecportal.org/portal/collections/individual/index.php?occid=15173328,StillImage,Photograph,en
15833332,http://cdn.flmnh.ufl.edu/herbarium/jpg/016/16545s1.jpg,http://cdn.flmnh.ufl.edu/herbarium/jpg/016/16545s1.jpg,http://sernecportal.org/imglib/sernec/FLAS/00016/16545s1_1503862738_tn.jpg,http://sernecportal.org/imglib/sernec/FLAS/00016/16545s1_1503862738_web.jpg,,"University of Florida","CC BY-NC (Attribution-Non-Commercial)",http://creativecommons.org/licenses/by-nc/3.0/,,,urn:uuid:ddf3bf6c-08e0-4741-bcfa-416bd3fa209a,"2017-08-27 15:15:02",image/jpeg,http://sernecportal.org/portal/collections/individual/index.php?occid=15833332,StillImage,Photograph,en
15834190,http://cdn.flmnh.ufl.edu/herbarium/jpg/045/45796s1.jpg,http://cdn.flmnh.ufl.edu/herbarium/jpg/045/45796s1.jpg,http://sernecportal.org/imglib/sernec/FLAS/00045/45796s1_1503861821_tn.jpg,http://sernecportal.org/imglib/sernec/FLAS/00045/45796s1_1503861821_web.jpg,,"University of Florida","CC BY-NC (Attribution-Non-Commercial)",http://creativecommons.org/licenses/by-nc/3.0/,,,urn:uuid:df700c63-196c-4ba9-988b-1b3e345514ad,"2017-08-27 15:15:02",image/jpeg,http://sernecportal.org/portal/collections/individual/index.php?occid=15834190,StillImage,Photograph,en
15834191,http://cdn.flmnh.ufl.edu/herbarium/jpg/045/45797s1.jpg,http://cdn.flmnh.ufl.edu/herbarium/jpg/045/45797s1.jpg,http://sernecportal.org/imglib/sernec/FLAS/00045/45797s1_1503867520_tn.jpg,http://sernecportal.org/imglib/sernec/FLAS/00045/45797s1_1503867520_web.jpg,,"University of Florida","CC BY-NC (Attribution-Non-Commercial)",http://creativecommons.org/licenses/by-nc/3.0/,,,urn:uuid:1145bc61-6dfc-4103-9260-14acccec99fa,"2017-08-27 15:15:02",image/jpeg,http://sernecportal.org/portal/collections/individual/index.php?occid=15834191,StillImage,Photograph,en
15835743,http://cdn.flmnh.ufl.edu/herbarium/jpg/082/82053s1.jpg,http://cdn.flmnh.ufl.edu/herbarium/jpg/082/82053s1.jpg,http://sernecportal.org/imglib/sernec/FLAS/00082/82053s1_1505761182_tn.jpg,http://sernecportal.org/imglib/sernec/FLAS/00082/82053s1_1505761182_web.jpg,,"University of Florida","CC BY-NC (Attribution-Non-Commercial)",http://creativecommons.org/licenses/by-nc/3.0/,,,urn:uuid:d653eb62-4fa2-4d71-ac63-962fc2f180ab,"2017-08-27 15:15:02",image/jpeg,http://sernecportal.org/portal/collections/individual/index.php?occid=15835743,StillImage,Photograph,en
15836010,http://cdn.flmnh.ufl.edu/herbarium/jpg/088/88632s1.jpg,http://cdn.flmnh.ufl.edu/herbarium/jpg/088/88632s1.jpg,http://sernecportal.org/imglib/sernec/FLAS/00088/88632s1_1503862837_tn.jpg,http://sernecportal.org/imglib/sernec/FLAS/00088/88632s1_1503862837_web.jpg,,"University of Florida","CC BY-NC (Attribution-Non-Commercial)",http://creativecommons.org/licenses/by-nc/3.0/,,,urn:uuid:41a8b16d-a9f4-4dba-b0e0-22eb40653d17,"2017-08-27 15:15:02",image/jpeg,http://sernecportal.org/portal/collections/individual/index.php?occid=15836010,StillImage,Photograph,en
15837433,http://cdn.flmnh.ufl.edu/herbarium/jpg/120/120135s1.jpg,http://cdn.flmnh.ufl.edu/herbarium/jpg/120/120135s1.jpg,http://sernecportal.org/imglib/sernec/FLAS/00120/120135s1_1503863317_tn.jpg,http://sernecportal.org/imglib/sernec/FLAS/00120/120135s1_1503863317_web.jpg,,"University of Florida","CC BY-NC (Attribution-Non-Commercial)",http://creativecommons.org/licenses/by-nc/3.0/,,,urn:uuid:10d28417-7b15-4388-96d0-603ed26a5e18,"2017-08-27 15:15:02",image/jpeg,http://sernecportal.org/portal/collections/individual/index.php?occid=15837433,StillImage,Photograph,en
15838004,http://cdn.flmnh.ufl.edu/herbarium/jpg/138/138715s1.jpg,http://cdn.flmnh.ufl.edu/herbarium/jpg/138/138715s1.jpg,http://sernecportal.org/imglib/sernec/FLAS/00138/138715s1_1503863602_tn.jpg,http://sernecportal.org/imglib/sernec/FLAS/00138/138715s1_1503863602_web.jpg,,"University of Florida","CC BY-NC (Attribution-Non-Commercial)",http://creativecommons.org/licenses/by-nc/3.0/,,,urn:uuid:40af5f5a-78cc-4fd3-99ca-e990bca432b7,"2017-08-27 15:15:02",image/jpeg,http://sernecportal.org/portal/collections/individual/index.php?occid=15838004,StillImage,Photograph,en
15838005,http://cdn.flmnh.ufl.edu/herbarium/jpg/138/138716s1.jpg,http://cdn.flmnh.ufl.edu/herbarium/jpg/138/138716s1.jpg,http://sernecportal.org/imglib/sernec/FLAS/00138/138716s1_1503864475_tn.jpg,http://sernecportal.org/imglib/sernec/FLAS/00138/138716s1_1503864475_web.jpg,,"University of Florida","CC BY-NC (Attribution-Non-Commercial)",http://creativecommons.org/licenses/by-nc/3.0/,,,urn:uuid:3d57a468-9df1-4b8b-8f21-ca9f563dc7b8,"2017-08-27 15:15:02",image/jpeg,http://sernecportal.org/portal/collections/individual/index.php?occid=15838005,StillImage,Photograph,en
15838390,http://cdn.flmnh.ufl.edu/herbarium/jpg/153/153620s1.jpg,http://cdn.flmnh.ufl.edu/herbarium/jpg/153/153620s1.jpg,http://sernecportal.org/imglib/sernec/FLAS/00153/153620s1_1503862608_tn.jpg,http://sernecportal.org/imglib/sernec/FLAS/00153/153620s1_1503862608_web.jpg,,"University of Florida","CC BY-NC (Attribution-Non-Commercial)",http://creativecommons.org/licenses/by-nc/3.0/,,,urn:uuid:098d39aa-c0b0-4b21-9e01-95704484ea1f,"2017-08-27 15:15:02",image/jpeg,http://sernecportal.org/portal/collections/individual/index.php?occid=15838390,StillImage,Photograph,en
15838552,http://cdn.flmnh.ufl.edu/herbarium/jpg/163/163647s1.jpg,http://cdn.flmnh.ufl.edu/herbarium/jpg/163/163647s1.jpg,http://sernecportal.org/imglib/sernec/FLAS/00163/163647s1_1503863234_tn.jpg,http://sernecportal.org/imglib/sernec/FLAS/00163/163647s1_1503863234_web.jpg,,"University of Florida","CC BY-NC (Attribution-Non-Commercial)",http://creativecommons.org/licenses/by-nc/3.0/,,,urn:uuid:7caf0635-8d82-42c2-923e-5359db52a3a7,"2017-08-27 15:15:02",image/jpeg,http://sernecportal.org/portal/collections/individual/index.php?occid=15838552,StillImage,Photograph,en
16001595,https://bisque.cyverse.org/image_service/image/00-K6MfsppzPYBjwYta8DwnJK/resize:4000/format:jpeg,https://bisque.cyverse.org/image_service/image/00-K6MfsppzPYBjwYta8DwnJK/resize:4000/format:jpeg,"https://bisque.cyverse.org/image_service/image/00-K6MfsppzPYBjwYta8DwnJK/thumbnail:200,200",https://bisque.cyverse.org/image_service/image/00-K6MfsppzPYBjwYta8DwnJK/resize:1250/format:jpeg,,"University of North Carolina Chapel Hill Herbarium (NCU)","CC BY-NC (Attribution-Non-Commercial)",http://creativecommons.org/licenses/by-nc/3.0/,,,urn:uuid:29713d08-be34-4769-bdac-1286028cdb3a,"2017-10-03 15:23:18",image/jpeg,http://sernecportal.org/portal/collections/individual/index.php?occid=16001595,StillImage,Photograph,en
16001596,https://bisque.cyverse.org/image_service/image/00-zy7ieEhQGHYXgdZELuVrYE/resize:4000/format:jpeg,https://bisque.cyverse.org/image_service/image/00-zy7ieEhQGHYXgdZELuVrYE/resize:4000/format:jpeg,"https://bisque.cyverse.org/image_service/image/00-zy7ieEhQGHYXgdZELuVrYE/thumbnail:200,200",https://bisque.cyverse.org/image_service/image/00-zy7ieEhQGHYXgdZELuVrYE/resize:1250/format:jpeg,,"University of North Carolina Chapel Hill Herbarium (NCU)","CC BY-NC (Attribution-Non-Commercial)",http://creativecommons.org/licenses/by-nc/3.0/,,,urn:uuid:04a38332-994d-4923-b219-0fffe22307f3,"2017-10-03 15:23:18",image/jpeg,http://sernecportal.org/portal/collections/individual/index.php?occid=16001596,StillImage,Photograph,en
19246098,https://cdn.plantatlas.org/img/specimens/USF/198497.jpg,https://cdn.plantatlas.org/img/specimens/USF/198497.jpg,https://cdn.plantatlas.org/img/specimens/USF/thumbs/198497.jpg,,,"University of South Florida Herbarium (USF)","CC BY (Attribution)",http://creativecommons.org/licenses/by/3.0/,,,urn:uuid:99dcfb10-8445-4278-8f26-fee1b943e325,"2018-03-29 10:29:17",image/jpeg,http://sernecportal.org/portal/collections/individual/index.php?occid=19246098,StillImage,Photograph,en
19246099,https://cdn.plantatlas.org/img/specimens/USF/160389.jpg,https://cdn.plantatlas.org/img/specimens/USF/160389.jpg,https://cdn.plantatlas.org/img/specimens/USF/thumbs/160389.jpg,,,"University of South Florida Herbarium (USF)","CC BY (Attribution)",http://creativecommons.org/licenses/by/3.0/,,,urn:uuid:7f4c0dd0-7317-40e7-ac60-0aaabb805cc3,"2018-03-29 10:29:17",image/jpeg,http://sernecportal.org/portal/collections/individual/index.php?occid=19246099,StillImage,Photograph,en
19246100,https://cdn.plantatlas.org/img/specimens/USF/167776.jpg,https://cdn.plantatlas.org/img/specimens/USF/167776.jpg,https://cdn.plantatlas.org/img/specimens/USF/thumbs/167776.jpg,,,"University of South Florida Herbarium (USF)","CC BY (Attribution)",http://creativecommons.org/licenses/by/3.0/,,,urn:uuid:b17db22f-4aeb-4ddf-8ccf-ae66d6b1e8e8,"2018-03-29 10:29:17",image/jpeg,http://sernecportal.org/portal/collections/individual/index.php?occid=19246100,StillImage,Photograph,en
19246101,https://cdn.plantatlas.org/img/specimens/USF/57483.jpg,https://cdn.plantatlas.org/img/specimens/USF/57483.jpg,https://cdn.plantatlas.org/img/specimens/USF/thumbs/57483.jpg,,,"University of South Florida Herbarium (USF)","CC BY (Attribution)",http://creativecommons.org/licenses/by/3.0/,,,urn:uuid:00f94c9f-a7b9-478b-b820-bd751a7b9fc4,"2018-03-29 10:29:17",image/jpeg,http://sernecportal.org/portal/collections/individual/index.php?occid=19246101,StillImage,Photograph,en
19246102,https://cdn.plantatlas.org/img/specimens/USF/57484.jpg,https://cdn.plantatlas.org/img/specimens/USF/57484.jpg,https://cdn.plantatlas.org/img/specimens/USF/thumbs/57484.jpg,,,"University of South Florida Herbarium (USF)","CC BY (Attribution)",http://creativecommons.org/licenses/by/3.0/,,,urn:uuid:a1a37051-ef24-45e1-977a-90ff8184b271,"2018-03-29 10:29:17",image/jpeg,http://sernecportal.org/portal/collections/individual/index.php?occid=19246102,StillImage,Photograph,en
19246103,https://cdn.plantatlas.org/img/specimens/USF/77432.jpg,https://cdn.plantatlas.org/img/specimens/USF/77432.jpg,https://cdn.plantatlas.org/img/specimens/USF/thumbs/77432.jpg,,,"University of South Florida Herbarium (USF)","CC BY (Attribution)",http://creativecommons.org/licenses/by/3.0/,,,urn:uuid:2684f8a2-b7e1-4fe4-8df1-e46625d7988f,"2018-03-29 10:29:17",image/jpeg,http://sernecportal.org/portal/collections/individual/index.php?occid=19246103,StillImage,Photograph,en
19246104,https://cdn.plantatlas.org/img/specimens/USF/35398.jpg,https://cdn.plantatlas.org/img/specimens/USF/35398.jpg,https://cdn.plantatlas.org/img/specimens/USF/thumbs/35398.jpg,,,"University of South Florida Herbarium (USF)","CC BY (Attribution)",http://creativecommons.org/licenses/by/3.0/,,,urn:uuid:0a9ec085-6f47-48a4-a23b-cc687ee04742,"2018-03-29 10:29:17",image/jpeg,http://sernecportal.org/portal/collections/individual/index.php?occid=19246104,StillImage,Photograph,en
19340329,https://cdn.plantatlas.org/img/specimens/USF/273745.jpg,https://cdn.plantatlas.org/img/specimens/USF/273745.jpg,https://cdn.plantatlas.org/img/specimens/USF/thumbs/273745.jpg,,,"University of South Florida Herbarium (USF)","CC BY (Attribution)",http://creativecommons.org/licenses/by/3.0/,,,urn:uuid:59512606-e6ec-412d-896b-6a790113bc96,"2018-03-29 10:29:17",image/jpeg,http://sernecportal.org/portal/collections/individual/index.php?occid=19340329,StillImage,Photograph,en
19345191,https://cdn.plantatlas.org/img/specimens/USF/276373.jpg,https://cdn.plantatlas.org/img/specimens/USF/276373.jpg,https://cdn.plantatlas.org/img/specimens/USF/thumbs/276373.jpg,,,"University of South Florida Herbarium (USF)","CC BY (Attribution)",http://creativecommons.org/licenses/by/3.0/,,,urn:uuid:b4d26f79-7912-4717-b2c4-37eb361de2c2,"2018-03-29 10:29:17",image/jpeg,http://sernecportal.org/portal/collections/individual/index.php?occid=19345191,StillImage,Photograph,en
19457481,https://bisque.cyverse.org/image_service/image/00-49N5VGzjhR2CGLZfE58jFa/resize:4000/format:jpeg,https://bisque.cyverse.org/image_service/image/00-49N5VGzjhR2CGLZfE58jFa/resize:4000/format:jpeg,"https://bisque.cyverse.org/image_service/image/00-49N5VGzjhR2CGLZfE58jFa/thumbnail:200,200",https://bisque.cyverse.org/image_service/image/00-49N5VGzjhR2CGLZfE58jFa/resize:1250/format:jpeg,,"University of Tennessee, Chattanooga (UCHT)","CC0 1.0 (Public-domain)",http://creativecommons.org/publicdomain/zero/1.0/,,,urn:uuid:44c54118-af63-426e-b452-4d5b88bc9ce6,"2018-09-03 14:57:36",image/jpeg,http://sernecportal.org/portal/collections/individual/index.php?occid=19457481,StillImage,Photograph,en
