id,institutionCode,collectionCode,ownerInstitutionCode,basisOfRecord,occurrenceID,catalogNumber,otherCatalogNumbers,kingdom,phylum,class,order,family,scientificName,taxonID,scientificNameAuthorship,genus,specificEpithet,taxonRank,infraspecificEpithet,identifiedBy,dateIdentified,identificationReferences,identificationRemarks,taxonRemarks,identificationQualifier,typeStatus,recordedBy,associatedCollectors,recordNumber,eventDate,year,month,day,startDayOfYear,endDayOfYear,verbatimEventDate,occurrenceRemarks,habitat,substrate,verbatimAttributes,fieldNumber,informationWithheld,dataGeneralizations,dynamicProperties,associatedTaxa,reproductiveCondition,establishmentMeans,cultivationStatus,lifeStage,sex,individualCount,preparations,country,stateProvince,county,municipality,locality,locationRemarks,localitySecurity,localitySecurityReason,decimalLatitude,decimalLongitude,geodeticDatum,coordinateUncertaintyInMeters,verbatimCoordinates,georeferencedBy,georeferenceProtocol,georeferenceSources,georeferenceVerificationStatus,georeferenceRemarks,minimumElevationInMeters,maximumElevationInMeters,minimumDepthInMeters,maximumDepthInMeters,verbatimDepth,verbatimElevation,disposition,language,recordEnteredBy,modified,sourcePrimaryKey-dbpk,collId,recordId,references
4140881,ARCH,herbarium,,PreservedSpecimen,urn:uuid:07b4d770-9485-4994-ba22-bce32eb4549a,ARCH02850,2850,Plantae,Magnoliophyta,,Fabales,FABACEAE,"Indigofera pilosa",87623,Poir.,Indigofera,pilosa,,,,,,,,,,"O. Lakela",,26525,1963-10-04,1963,10,4,277,,,,"Extensive colony just S of the abandoned runway in low meadow intercepted by Linebaugh dominated with grasses & compositae.",,"Exotic. Plants wiry with widespreading branches. Corolla red; fruit cross septate, longitudinally dehiscent; seed truncate, cylincrical.",,,,,,,,,,,,,U.S.A.,Florida,Hillsborough,,"Tampa, Industrial Park, W of 46th St. ca 1 m S of Fowler Avenue.",,,,,,,,,,,,,,,,,,,,,,,"2015-01-06 14:31:47",ARCH02850,160,urn:uuid:01c7cc03-7357-4cd9-8f1c-5333d7b7b74f,http://sernecportal.org/portal/collections/individual/index.php?occid=4140881
4147850,FSU,,,PreservedSpecimen,,,,Plantae,Magnoliophyta,,Fabales,Fabaceae,"Indigofera pilosa",87623,Poir.,Indigofera,pilosa,,,,,,,,,,"O. Lakela",,26661,1963-11-13,1963,11,13,317,,13-Nov-63,,"Low meadow intersected by Linebaugh, dominated with grasses & compositae . Extensive colony just south of the abandoned runway.",,,,,,,,,,,,,,,"United States",Florida,Hillsborough,,Tampa,,0,,27.93124806,-82.30617568,NAD83,,,,"County centroid",,,,,,,,,,,,,"2015-01-06 14:31:47",000029757,151,urn:uuid:795b9fe8-5122-4b32-8c22-b26e140a5c79,http://sernecportal.org/portal/collections/individual/index.php?occid=4147850
4147851,FSU,,,PreservedSpecimen,,,,Plantae,Magnoliophyta,,Fabales,Fabaceae,"Indigofera pilosa",87623,Poir.,Indigofera,pilosa,,,,,,,,,,"Walter S. Judd, Daniel B. Ward, Beverly Judd",,2480,1979-09-29,1979,9,29,272,,29-Sep-79,,"Moist roadside ditch adjacent to Sand Pine Scrub with Quercus myrtifolia, Quercus geminata, Serenoa repens, Asimina, Ceratiola, Polygonella, etc.",,,,,,,,,,,,,,,"United States",Florida,Polk,,Frostproof,,0,,27.84271877,-81.58941101,WGS84,,,,"Section centroid",,,,,,,,,,,,,"2015-01-06 14:31:47",000029758,151,urn:uuid:fe592fa6-1dbf-4021-b3e3-b6ccf0d82c10,http://sernecportal.org/portal/collections/individual/index.php?occid=4147851
6024698,USMS,,,PreservedSpecimen,b48bd8a1-3080-46fa-ab06-4684f487fe1a,USMS_000010349,,Plantae,Magnoliophyta,,Fabales,Fabaceae,"Indigofera pilosa",87623,Poir.,Indigofera,pilosa,,,,,,,,,,"Lakela, O.",,30298,1966-08-09,1966,8,9,221,,,,,,,,,,,,,,,,,,,"United States",Florida,Hillsborough,,n/a,,,,,,,,,,,,,,,,,,,,,,austin_s_cannon,"2016-07-07 10:19:43",,221,urn:uuid:b48bd8a1-3080-46fa-ab06-4684f487fe1a,http://sernecportal.org/portal/collections/individual/index.php?occid=6024698
12153730,CM,,,PreservedSpecimen,A5A73CBF-9133-437E-966F-851B07DD3592,CM152048,,Plantae,Magnoliophyta,,Fabales,Fabaceae,"Indigofera pilosa",87623,Poir.,Indigofera,pilosa,,,,,,,,,,Zeyher,,s.n.,,,,,,,,,,,,,,,,,fl,,0,,,,,"South Africa",,,,"Cape of Good Hope",,0,,,,,,",",,,,,,,,,,,,,,,"2003-04-11 00:00:00",CM152048,328,urn:uuid:c30e6083-5dd5-484c-807a-237852a55f51,http://sernecportal.org/portal/collections/individual/index.php?occid=12153730
12170069,CM,,,PreservedSpecimen,CF563028-8279-4E2C-B491-4B1BAC4D8B89,CM479885,,Plantae,Magnoliophyta,,Fabales,Fabaceae,"Indigofera pilosa",87623,Poir.,Indigofera,pilosa,,,"Hull, H.",,,,,,,"Hull, H.",,28,1995-11-20,1995,11,20,324,,,,"bottom of rocky S facing slope",,,,,,,,fl-fr,,0,,,,,"South Africa",Gauteng,Johannesburg,,"Cyrildene. Beryl Street, in line w/ radio tower, not in reserve",,0,,,,,,"26�S, 28�E; ,",,,,,,1670,,,,,"1670 m",,,,"2003-04-11 00:00:00",CM479885,328,urn:uuid:ffe1170d-7157-4949-82fa-36b6c65c4eff,http://sernecportal.org/portal/collections/individual/index.php?occid=12170069
13346795,DUKE,,,PreservedSpecimen,843aa1e2-738c-4a17-b618-4d9f33b97a88,DUKE10065412,,Plantae,Magnoliophyta,,Fabales,Fabaceae,"Indigofera pilosa",87623,Poir.,Indigofera,pilosa,,,,,,,,,,,,,,,,,,,,,,,,,,,,,,,,,,,,"United States",Florida,Hilsborough,,,,,,,,,,,,,,,,,,,,,,,,"Layne Huiet","2017-03-05 20:38:11",,192,urn:uuid:843aa1e2-738c-4a17-b618-4d9f33b97a88,http://sernecportal.org/portal/collections/individual/index.php?occid=13346795
14938020,NY,,,PreservedSpecimen,6f8c73e1-76e9-4cca-8762-8e3ac9d24dd5,2574564,,Plantae,Magnoliophyta,,Fabales,Fabaceae,"Indigofera pilosa",87623,Poir.,Indigofera,pilosa,,,,,,,,,,,,,,,,,,,,,,,,,,,,,,,,,,,,,,,,,,,,,,,,,,,,,,,,,,,,,en,,"2016-12-01 00:00:00",6f8c73e1-76e9-4cca-8762-8e3ac9d24dd5,40,urn:uuid:f0994113-5bb1-4474-8189-b397ecc3b6e6,http://sernecportal.org/portal/collections/individual/index.php?occid=14938020
15034086,NY,,,PreservedSpecimen,9676f811-cecf-4901-bffe-923b65291dde,2574565,,Plantae,Magnoliophyta,,Fabales,Fabaceae,"Indigofera pilosa",87623,Poir.,Indigofera,pilosa,,,,,,,,,,,,,,,,,,,,,,,,,,,,,,,,,,,,,,,,,,,,,,,,,,,,,,,,,,,,,en,,"2016-12-01 00:00:00",9676f811-cecf-4901-bffe-923b65291dde,40,urn:uuid:9cbd5ebe-c4c6-4288-a286-a55cdd68c9c3,http://sernecportal.org/portal/collections/individual/index.php?occid=15034086
15121607,NY,,,PreservedSpecimen,b9fdf270-e633-4181-804e-4f1715377481,2574562,,Plantae,Magnoliophyta,,Fabales,Fabaceae,"Indigofera pilosa",87623,Poir.,Indigofera,pilosa,,,,,,,,,,,,,,,,,,,,,,,,,,,,,,,,,,,,,,,,,,,,,,,,,,,,,,,,,,,,,en,,"2016-12-01 00:00:00",b9fdf270-e633-4181-804e-4f1715377481,40,urn:uuid:2a66cf0e-99d9-4e19-a9b5-5fdb638140b6,http://sernecportal.org/portal/collections/individual/index.php?occid=15121607
15169323,NY,,,PreservedSpecimen,cd1ba6a9-d2d1-4d6b-ad80-8a9b8a7528e9,2574561,,Plantae,Magnoliophyta,,Fabales,Fabaceae,"Indigofera pilosa",87623,Poir.,Indigofera,pilosa,,,,,,,,,,,,,,,,,,,,,,,,,,,,,,,,,,,,,,,,,,,,,,,,,,,,,,,,,,,,,en,,"2016-12-01 00:00:00",cd1ba6a9-d2d1-4d6b-ad80-8a9b8a7528e9,40,urn:uuid:3f1b1ea9-dd81-444b-b2e5-0cbef9d557d7,http://sernecportal.org/portal/collections/individual/index.php?occid=15169323
15173328,NY,,,PreservedSpecimen,cebe1245-c87a-489f-82bc-cd34854e09b7,2574563,,Plantae,Magnoliophyta,,Fabales,Fabaceae,"Indigofera pilosa",87623,Poir.,Indigofera,pilosa,,,,,,,,,,,,,,,,,,,,,,,,,,,,,,,,,,,,,,,,,,,,,,,,,,,,,,,,,,,,,en,,"2016-12-01 00:00:00",cebe1245-c87a-489f-82bc-cd34854e09b7,40,urn:uuid:f1458617-f2bc-4ddf-9593-087b1ba2b204,http://sernecportal.org/portal/collections/individual/index.php?occid=15173328
15833332,FLAS,,,PreservedSpecimen,51AEE290-A8A3-4F2A-994B-277E208541C1,16545,,Plantae,Magnoliophyta,,Fabales,Fabaceae,"Indigofera pilosa",87623,Poir.,Indigofera,pilosa,,,,,,,,,,,,,,,,,,,,,,,,,,,,,,,,,,,,"United States",Florida,Alachua,,,,,,,,,,,,,,,,,,,,,,SERNEC,,"Rocio Manobanda","2017-08-27 15:15:56",,249,urn:uuid:2a3ca291-006c-4ab4-9ef1-7daa16b22b7f,http://sernecportal.org/portal/collections/individual/index.php?occid=15833332
15834190,FLAS,,,PreservedSpecimen,46828A72-F152-44F7-988F-4C213057CBCB,45796,,Plantae,Magnoliophyta,,Fabales,Fabaceae,"Indigofera pilosa",87623,Poir.,Indigofera,pilosa,,,,,,,,,,,,,,,,,,,,,,,,,,,,,,,,,,,,"United States",Florida,Marion,,,,,,,,,,,,,,,,,,,,,,SERNEC,,"Rocio Manobanda","2017-08-27 15:15:56",,249,urn:uuid:18007baa-4986-4547-8e77-42078886b65a,http://sernecportal.org/portal/collections/individual/index.php?occid=15834190
15834191,FLAS,,,PreservedSpecimen,1F3B4470-B6FC-4D0B-8766-D02FC085E99B,45797,,Plantae,Magnoliophyta,,Fabales,Fabaceae,"Indigofera pilosa",87623,Poir.,Indigofera,pilosa,,,,,,,,,,,,,,,,,,,,,,,,,,,,,,,,,,,,"United States",Florida,Marion,,,,,,,,,,,,,,,,,,,,,,SERNEC,,"Rocio Manobanda","2017-08-27 15:15:56",,249,urn:uuid:df9f8822-e188-42e4-bf2d-cae678a11d53,http://sernecportal.org/portal/collections/individual/index.php?occid=15834191
15835743,FLAS,,,PreservedSpecimen,AA9F4D9D-0B0A-4BB2-A459-AA48A90F4AE5,82053,,Plantae,Magnoliophyta,,Fabales,Fabaceae,"Indigofera pilosa",87623,Poir.,Indigofera,pilosa,,,,,,,,,,,,,,,,,,,,,,,,,,,,,,,,,,,,"United States",Florida,Hernando,,,,,,,,,,,,,,,,,,,,,,SERNEC,,"Rocio Manobanda","2017-08-27 15:15:56",,249,urn:uuid:763b87eb-7aef-4101-b475-3a8b21092d35,http://sernecportal.org/portal/collections/individual/index.php?occid=15835743
15836010,FLAS,,,PreservedSpecimen,81503362-ADCA-4D65-8EF4-29DB114A8365,88632,,Plantae,Magnoliophyta,,Fabales,Fabaceae,"Indigofera pilosa",87623,Poir.,Indigofera,pilosa,,,,,,,,,,,,,,,,,,,,,,,,,,,,,,,,,,,,"United States",Florida,Hillsborough,,,,,,,,,,,,,,,,,,,,,,SERNEC,,"Rocio Manobanda","2017-08-27 15:15:56",,249,urn:uuid:f8fb5e75-f49c-4cf1-a92d-393b75567de9,http://sernecportal.org/portal/collections/individual/index.php?occid=15836010
15837433,FLAS,,,PreservedSpecimen,193DAB7B-75F9-4C3E-B865-1F50A9261C9A,120135,,Plantae,Magnoliophyta,,Fabales,Fabaceae,"Indigofera pilosa",87623,Poir.,Indigofera,pilosa,,,,,,,,,,,,,,,,,,,,,,,,,,,,,,,,,,,,"United States",Florida,Polk,,,,,,,,,,,,,,,,,,,,,,SERNEC,,"Rocio Manobanda","2017-08-27 15:15:56",,249,urn:uuid:43502554-4f4d-44d8-9f49-9314ad2d3522,http://sernecportal.org/portal/collections/individual/index.php?occid=15837433
15838004,FLAS,,,PreservedSpecimen,9170E559-ED01-43D7-8B95-94F25283A227,138715,,Plantae,Magnoliophyta,,Fabales,Fabaceae,"Indigofera pilosa",87623,Poir.,Indigofera,pilosa,,,,,,,,,,,,,,,,,,,,,,,,,,,,,,,,,,,,"United States",Florida,Alachua,,,,,,,,,,,,,,,,,,,,,,SERNEC,,"Rocio Manobanda","2017-08-27 15:15:56",,249,urn:uuid:9ebf23aa-29a7-4c8a-a235-efca0ec99cbc,http://sernecportal.org/portal/collections/individual/index.php?occid=15838004
15838005,FLAS,,,PreservedSpecimen,07BE864F-A9F4-43B7-810A-11D33669D042,138716,,Plantae,Magnoliophyta,,Fabales,Fabaceae,"Indigofera pilosa",87623,Poir.,Indigofera,pilosa,,,,,,,,,,,,,,,,,,,,,,,,,,,,,,,,,,,,"United States",Florida,Polk,,,,,,,,,,,,,,,,,,,,,,SERNEC,,"Rocio Manobanda","2017-08-27 15:15:56",,249,urn:uuid:664f22cc-00de-413b-a40e-1c0c77ba30b9,http://sernecportal.org/portal/collections/individual/index.php?occid=15838005
15838390,FLAS,,,PreservedSpecimen,72D2C46B-397F-48E0-91F7-22B0524941F9,153620,,Plantae,Magnoliophyta,,Fabales,Fabaceae,"Indigofera pilosa",87623,Poir.,Indigofera,pilosa,,,,,,,,,,,,,,,,,,,,,,,,,,,,,,,,,,,,"United States",Florida,Marion,,,,,,,,,,,,,,,,,,,,,,SERNEC,,"Rocio Manobanda","2017-08-27 15:15:56",,249,urn:uuid:575b3f73-cc91-4861-afa9-82d194610401,http://sernecportal.org/portal/collections/individual/index.php?occid=15838390
15838552,FLAS,,,PreservedSpecimen,48E56A7C-D1F0-420E-88A6-C2B7A0B0F2D7,163647,,Plantae,Magnoliophyta,,Fabales,Fabaceae,"Indigofera pilosa",87623,Poir.,Indigofera,pilosa,,,,,,,,,,,,,,,,,,,,,,,,,,,,,,,,,,,,"United States",Florida,Marion,,,,,,,,,,,,,,,,,,,,,,SERNEC,,"Rocio Manobanda","2017-08-27 15:15:56",,249,urn:uuid:3392c344-119b-4b97-af6e-417c7a77eb10,http://sernecportal.org/portal/collections/individual/index.php?occid=15838552
16001595,NCU,,,PreservedSpecimen,812275dc-ec50-4e78-b3ff-3fc1fda727d5,NCU00300465,,Plantae,Magnoliophyta,,Fabales,Fabaceae,"Indigofera pilosa",87623,Poir.,Indigofera,pilosa,,,,,,,,,,,,,,,,,,,,,,,,,,,,,,,,,,,,"United States",Florida,Hillsborough,,,,,,,,,,,,,,,,,,,,,,,en,"Greg Sollom","2017-09-25 17:01:40",,206,urn:uuid:812275dc-ec50-4e78-b3ff-3fc1fda727d5,http://sernecportal.org/portal/collections/individual/index.php?occid=16001595
16001596,NCU,,,PreservedSpecimen,6c8b32e4-6a5b-4c3c-b5fa-8e3d107b3eb7,NCU00300466,,Plantae,Magnoliophyta,,Fabales,Fabaceae,"Indigofera pilosa",87623,Poir.,Indigofera,pilosa,,,,,,,,,,,,,,,,,,,,,,,,,,,,,,,,,,,,"United States",Florida,Hillsborough,,,,,,,,,,,,,,,,,,,,,,,en,"Greg Sollom","2017-09-25 17:01:40",,206,urn:uuid:6c8b32e4-6a5b-4c3c-b5fa-8e3d107b3eb7,http://sernecportal.org/portal/collections/individual/index.php?occid=16001596
16044647,FLAS,,FLAS,PreservedSpecimen,8e655350-25d3-4641-83ac-3ed606cce692,191166,,Plantae,Magnoliophyta,,Fabales,Fabaceae,"Indigofera pilosa",87623,Poir.,Indigofera,pilosa,,,,,,,,,,"R. Mears",,,1988-10-12,1988,10,12,286,,"October 12, 1988","[Label footing:] Herbarium of The University of South Florida, Tampa --[DNA ann.:] Voucher for plant DNA banking and BarFF (Barcoding the Flora of Florida) by J. Richard Abbott, Kurt M. Neubig, W. Mark Whitten, Norris H. Williams & Kent D. Perkins. 2014.",,,,,"location information not given for endangered species",,,,flowering,,,,,,"Preserved herbarium specimens","United States",Florida,Hillsborough,,"United States: Florida: Hillsborough County. S.W. corner of Stacy Rd. & U.S. 301, S2 T28S R20E; roadside, disturbed area, dry, rose flower. Many seeded legume.",,,,,,,,,,,,,,,,,,,,FLASCAT,en,,"2018-03-20 14:49:18",8e655350-25d3-4641-83ac-3ed606cce692,249,urn:uuid:cee67e49-7e1c-4418-9ed7-c2af904471a9,http://sernecportal.org/portal/collections/individual/index.php?occid=16044647
19246098,USF,Herb,,PreservedSpecimen,3C5FD964-357D-498B-A90A-C483D6865027,198497,,Plantae,Magnoliophyta,,Fabales,Fabaceae,"Indigofera pilosa",87623,Poir.,Indigofera,pilosa,,,"R. Mears",1988,,,,,,"R. Mears",,s.n.,1988-10-13,1988,10,13,287,,1988-10-13,,"Dry roadside, disturbed area.",,,,,,"{""habit"":""Rose flower; many fruited legume.""}",,"Flower |",,,,,,,"United States",Florida,"Hillsborough Co.",Tampa,"Tampa, Exit ramp for FL 579 on N side of I-4 between drainage ditch and county dump property. T28S, R20E, Sec. 32.",,,,,,,,,,,,,,,,,,,,,en,,"2018-03-29 13:56:44",3C5FD964-357D-498B-A90A-C483D6865027,382,urn:uuid:17b71d45-7d43-4144-81c7-39ec24fbbd11,http://sernecportal.org/portal/collections/individual/index.php?occid=19246098
19246099,USF,Herb,,PreservedSpecimen,22B1253D-02CE-4515-BD50-042DE89A1A04,160389,,Plantae,Magnoliophyta,,Fabales,Fabaceae,"Indigofera pilosa",87623,Poir.,Indigofera,pilosa,,,"D. S. Correll",1981,,,,,,"D. S. Correll, H.B. Correll, J. Popenoe, R. Sanders",,52973,1981-10-25,1981,10,25,298,,1981-10-25,,"In sandy soil.",,,,,,"{""habit"":""Sprawling plants""}",,"Flower |",,,,,,,"United States",Florida,"Polk Co.",,"Along US 27, ca. 3 mi. N of Haines City.",,,,,,,,,,,,,,,,,,,,,en,,"2018-03-29 13:56:44",22B1253D-02CE-4515-BD50-042DE89A1A04,382,urn:uuid:8314df06-a31e-4786-8698-5001917aedce,http://sernecportal.org/portal/collections/individual/index.php?occid=19246099
19246100,USF,Herb,,PreservedSpecimen,2C949B00-12B9-46FA-9D5F-AEEDBCF701CA,167776,,Plantae,Magnoliophyta,,Fabales,Fabaceae,"Indigofera pilosa",87623,Poir.,Indigofera,pilosa,,,"D. S. Correll",1982,,,,,,"D. S. Correll, H.B. Correll",,54083,1982-10-06,1982,10,6,279,,1982-10-6,,"In sandy scrub oak-pine area.",,,,,,"{""habit"":""Forming dense colonies; flowers reddish pink.""}",,"Flower |",,,,,,,"United States",Florida,"Highlands Co.",,"Along FL 17, just S of Avon Park.",,,,,,,,,,,,,,,,,,,,,en,,"2018-03-29 13:56:44",2C949B00-12B9-46FA-9D5F-AEEDBCF701CA,382,urn:uuid:1fdacc97-2b59-4b0a-aaa6-28dc5c9acf92,http://sernecportal.org/portal/collections/individual/index.php?occid=19246100
19246101,USF,Herb,,PreservedSpecimen,6882A824-F780-4F6B-9C28-54D27FBAEBEF,57483,,Plantae,Magnoliophyta,,Fabales,Fabaceae,"Indigofera pilosa",87623,Poir.,Indigofera,pilosa,,,"O. K. Lakela",1963,,,,,,"O. K. Lakela",,26525,1963-10-04,1963,10,4,277,,1963-10-04,,"Low meadow dominated with grasses and Compositae.",,,,,,"{""frequency"":""Extensive colony."",""habit"":""Plants wiry with widespreading branches; corolla red; fruit cross-septate, longitudinally dehiscent; seed truncate, cylindrical.""}",,"Flower |",,,,,,,"United States",Florida,"Hillsborough Co.",Tampa,"Tampa, Industrial park, W of 46th Street, ca. 1 mi. S of Fowler Avenure, low meadow intersected by Linebaugh [Avenue]; just S of the abandoned runway.",,,,,,,,,,,,,,,,,,,,,en,,"2018-03-29 13:56:44",6882A824-F780-4F6B-9C28-54D27FBAEBEF,382,urn:uuid:e9b167d6-4f8b-40fb-a7d5-cfc535de1f6a,http://sernecportal.org/portal/collections/individual/index.php?occid=19246101
19246102,USF,Herb,,PreservedSpecimen,19023C9C-2B36-4435-9FF9-D300EE3309D2,57484,,Plantae,Magnoliophyta,,Fabales,Fabaceae,"Indigofera pilosa",87623,Poir.,Indigofera,pilosa,,,"O. K. Lakela",1963,,,,,,"O. K. Lakela",,26661,1963-11-13,1963,11,13,317,,1963-11-13,,"Low meadow dominated with grasses and Compositae.",,,,,,"{""frequency"":""Extensive colony."",""habit"":""Plants wiry with widespreading branches; corolla red; fruit transversely septate within, longitudinally dehiscent; seed truncate, cylindrical.""}",,"Fruit |",,,,,,,"United States",Florida,"Highlands Co.",Tampa,"Tampa, Industrial park, W of 46th Street, ca. 1 mi. S of Fowler Avenure, low meadow intersected by Linebaugh [Avenue]; just S of the abandoned runway.",,,,,,,,,,,,,,,,,,,,,en,,"2018-03-29 13:56:44",19023C9C-2B36-4435-9FF9-D300EE3309D2,382,urn:uuid:b15082df-589d-4d1d-94a8-447892428ef9,http://sernecportal.org/portal/collections/individual/index.php?occid=19246102
19246103,USF,Herb,,PreservedSpecimen,1F182305-CE44-469E-AA13-CBEE0B003690,77432,,Plantae,Magnoliophyta,,Fabales,Fabaceae,"Indigofera pilosa",87623,Poir.,Indigofera,pilosa,,,"O. K. Lakela",1966,,,,,,"O. K. Lakela",,30298,1966-10-09,1966,10,9,282,,1966-10-09,,"Remnants of pineland.",,,,,,,,"Flower |",,,,,,,"United States",Florida,"Hillsborough Co.",,"Industrial Park, North Tampa.",,,,,,,,,,,,,,,,,,,,,en,,"2018-03-29 13:56:44",1F182305-CE44-469E-AA13-CBEE0B003690,382,urn:uuid:f9cf7ff4-0ebe-4310-a937-01debde81d69,http://sernecportal.org/portal/collections/individual/index.php?occid=19246103
19246104,USF,Herb,,PreservedSpecimen,088EDAAA-4C00-43EA-A582-E1934A70299A,35398,,Plantae,Magnoliophyta,,Fabales,Fabaceae,"Indigofera pilosa",87623,Poir.,Indigofera,pilosa,,,"D. Isely",1980,,,,,,"J. D. Ray, Jr.",,9489,1959-10-14,1959,10,14,287,,1959-10-14,,"Grassy roadside with open pine overstory; along roadside.",,,,,,"{""frequency"":""Common"",""habit"":""Very diffusely branched; corolla reddish-purple.""}",,"Flower |",,,,,,,"United States",Florida,"Hernando Co.",,"Along US 41, 4 mi. N of Brooksville.",,,,,,,,,,,,,,,,,,,,,en,,"2018-03-29 13:56:44",088EDAAA-4C00-43EA-A582-E1934A70299A,382,urn:uuid:950a27f8-57fc-4fb7-ab06-c0f000a64998,http://sernecportal.org/portal/collections/individual/index.php?occid=19246104
19340329,USF,Herb,,PreservedSpecimen,F298E5ED-A3B8-43F0-829D-72F873F9C942,273745,,Plantae,Magnoliophyta,,Fabales,Fabaceae,"Indigofera pilosa",87623,Poir.,Indigofera,pilosa,,,,,,,,,,"S. Dickman",,s.n.,2011-11-11,2011,11,11,315,,2011-11-11,,,,,,,,,,,,,,,,,"United States",Florida,"Hillsborough Co.",,"Rowlett, Park, Sulphur Springs.",,,,,,,,,,,,,,,,,,,,,en,,"2018-03-29 13:56:44",F298E5ED-A3B8-43F0-829D-72F873F9C942,382,urn:uuid:7a134f3d-083e-4c9a-ae27-9c67521d3ad6,http://sernecportal.org/portal/collections/individual/index.php?occid=19340329
19345191,USF,Herb,,PreservedSpecimen,FDE3755F-6035-4A48-8D0A-142F41CB596E,276373,,Plantae,Magnoliophyta,,Fabales,Fabaceae,"Indigofera pilosa",87623,Poir.,Indigofera,pilosa,,,,,,,,,,"A. R. Franck",,3660,2014-10-24,2014,10,24,297,,2014-10-24,,"Roadside lawn.",,,,,,"{""habit"":""Decumbent.""}",,,,,,,,,"United States",Florida,"Hillsborough Co.",,"se CORNER OF 109th Avenue and Heather Avenue, Tampa.",,,,28.0472,-82.4367,,,,,,,,,,,,,,,,en,,"2018-03-29 13:56:44",FDE3755F-6035-4A48-8D0A-142F41CB596E,382,urn:uuid:54accd9c-dd01-4bf6-a090-2c7d540965f4,http://sernecportal.org/portal/collections/individual/index.php?occid=19345191
19457481,UCHT,,,PreservedSpecimen,f13cb8e0-ebe0-449e-b355-bf4bc77cad31,UCHT016829,,Plantae,Magnoliophyta,,Fabales,Fabaceae,"Indigofera pilosa",87623,Poir.,Indigofera,pilosa,,,,,,,,,,,,,,,,,,,,,,,,,,,,,,,,,,,,"United States",Georgia,Wayne,,,,0,,,,,,,,,,,,,,,,,,,en,DDuffield,"2018-05-11 18:41:00",,311,urn:uuid:f13cb8e0-ebe0-449e-b355-bf4bc77cad31,http://sernecportal.org/portal/collections/individual/index.php?occid=19457481
