<?xml version="1.0" encoding="ISO-8859-1"?>
<eml:eml xmlns:eml="eml://ecoinformatics.org/eml-2.1.1" xmlns:dc="http://purl.org/dc/terms/" xmlns:xsi="http://www.w3.org/2001/XMLSchema-instance" xsi:schemaLocation="eml://ecoinformatics.org/eml-2.1.1 http://rs.gbif.org/schema/eml-gbif-profile/1.0.1/eml.xsd" packageId="70798e37-51c0-4c7d-8051-ef43f57f4c2a" system="http://symbiota.org" scope="system" xml:lang="eng"><dataset><title xml:lang="eng">SERNEC general data extract</title><creator id="17dd4489-ee9c-414a-b99b-871873f3d335"><organizationName>SERNEC</organizationName><electronicMailAddress>herrick.brown@gmail.com</electronicMailAddress><onlineUrl>http://sernecportal.org/portal/index.php</onlineUrl></creator><metadataProvider><organizationName>SERNEC</organizationName><electronicMailAddress>herrick.brown@gmail.com</electronicMailAddress><onlineUrl>http://sernecportal.org/portal/index.php</onlineUrl></metadataProvider><pubDate>2018-10-11</pubDate><language>eng</language></dataset><additionalMetadata><metadata><symbiota><dateStamp>2018-10-11T13:04:57-07:00</dateStamp><citation identifier="b6674cc7-2b8f-4e2e-8779-1c18301acdb8">SERNEC - b6674cc7-2b8f-4e2e-8779-1c18301acdb8</citation><physical><characterEncoding>ISO-8859-1</characterEncoding><dataFormat><externallyDefinedFormat><formatName>Darwin Core Archive</formatName></externallyDefinedFormat></dataFormat></physical><collection identifier="b39167b5-1732-4bbf-aeda-9b8ede470fbd" id="40"><alternateIdentifier>http://sernecportal.org/portal/collections/misc/collprofiles.php?collid=40</alternateIdentifier><parentCollectionIdentifier>NY</parentCollectionIdentifier><collectionIdentifier></collectionIdentifier><collectionName>New York Botanical Garden</collectionName><resourceLogoUrl>http://swbiodiversity.org/seinet/content/collicon/ny.jpg</resourceLogoUrl><onlineUrl>http://sciweb.nybg.org/science2/SteereHerbarium.asp</onlineUrl><intellectualRights>http://creativecommons.org/licenses/by-nc/3.0/</intellectualRights><associatedParty><userId>1305</userId><individualName>barbara Thiers</individualName><surname>Thiers</surname><givenname>barbara</givenname><electronicMailAddress>bthiers@nybg.org</electronicMailAddress><positionName>Director of the Herbarium</positionName></associatedParty><abstract><para>With more than 7.8 million preserved specimens, the William and Lynda Steere Herbarium is the largest herbarium in the Western Hemisphere.</para></abstract></collection><collection identifier="a13355a1-1ccc-46d9-9672-521d8d668804" id="147"><alternateIdentifier>http://sernecportal.org/portal/collections/misc/collprofiles.php?collid=147</alternateIdentifier><parentCollectionIdentifier>USCH</parentCollectionIdentifier><collectionIdentifier></collectionIdentifier><collectionName>University of South Carolina, A. C. Moore Herbarium</collectionName><resourceLogoUrl>http://sernecportal.org/portal/content/collicon/usch.jpg</resourceLogoUrl><onlineUrl>http://www.herbarium.org</onlineUrl><intellectualRights>http://creativecommons.org/licenses/by-nc/3.0/</intellectualRights><associatedParty><individualName>Dr. John B. Nelson</individualName><electronicMailAddress>nelson@sc.edu</electronicMailAddress></associatedParty><abstract><para>The A. C. Moore Herbarium is an important part of the Department of Biological Sciences at the University of South Carolina (Columbia Campus). Founded in 1907 by Dr. Andrew Charles Moore, the original collection of dried plant specimens is now part of an ever growing collection. Total holdings are just over 120,000 specimens, making the A. C. Moore Herbarium the largest in the state of South Carolina. Researchers and visitors will find a diverse collection of vascular and nonvascular plant material primarily from the Southeastern United States and more specifically from South Carolina. Now over 100 years old, the A. C. Moore Herbarium continues to be an indispensable resource for botanical knowledge.</para></abstract></collection><collection identifier="120a109a-fef1-4ea6-b7d7-6a5f8f0e5c18" id="157"><alternateIdentifier>http://sernecportal.org/portal/collections/misc/collprofiles.php?collid=157</alternateIdentifier><parentCollectionIdentifier>MO</parentCollectionIdentifier><collectionIdentifier></collectionIdentifier><collectionName>Missouri Botanical Garden</collectionName><resourceLogoUrl>http://swbiodiversity.org/seinet/content/collicon/mo.jpg</resourceLogoUrl><onlineUrl>http://www.mobot.org</onlineUrl><intellectualRights>http://creativecommons.org/licenses/by/3.0/</intellectualRights><additionalInfo>Missouri Botanical Garden</additionalInfo><associatedParty><individualName>Jim Solomon</individualName><electronicMailAddress>jim.solomon@mobot.org</electronicMailAddress></associatedParty><abstract><para>Plants are essential to sustaining the stability and quality of human life on this planet. At the Missouri Botanical Garden, we have dedicated ourselves to helping conserve biological diversity while there is still something left to protect. Our research provides scientific information essential to decision makers, from conservation and land use to social and environmental policy. We have taken the lead in making information widely accessible via the Internet, maintaining the world's largest botanical database and the premier botanical website, TROPICOS. Garden scientists conduct the most productive and geographically widespread botanical research program in the world. A tiny sample of its herbarium records are presented here; providing more will require funding.</para></abstract></collection><collection identifier="76cd33c5-85fb-47d0-8026-532337ef8c15" id="174"><alternateIdentifier>http://sernecportal.org/portal/collections/misc/collprofiles.php?collid=174</alternateIdentifier><parentCollectionIdentifier>TTRS</parentCollectionIdentifier><collectionIdentifier></collectionIdentifier><collectionName>Tall Timbers Research Station</collectionName><resourceLogoUrl>http://sernecportal.org/portal/content/collicon/ttrs.gif</resourceLogoUrl><onlineUrl>http://www.ttrs.org/museum.html</onlineUrl><intellectualRights>http://creativecommons.org/licenses/by-nc/3.0/</intellectualRights><abstract></abstract><associatedParty><individualName>Thomas Ostertag</individualName><electronicMailAddress>tom@ttrs.org</electronicMailAddress><positionName>Collections Manager</positionName></associatedParty></collection><collection identifier="8219517e-d317-49d2-9c1f-b44df96d6cec" id="181"><alternateIdentifier>http://sernecportal.org/portal/collections/misc/collprofiles.php?collid=181</alternateIdentifier><parentCollectionIdentifier>F</parentCollectionIdentifier><collectionIdentifier>Botany</collectionIdentifier><collectionName>Field Museum of Natural History</collectionName><resourceLogoUrl>http://sernecportal.org/portal/content/collicon/f.jpg</resourceLogoUrl><onlineUrl>http://fieldmuseum.org/explore/department/botany/collections</onlineUrl><intellectualRights>http://creativecommons.org/licenses/by-nc/3.0/</intellectualRights><associatedParty><userId>5997</userId><individualName>Christine Niezgoda</individualName><surname>Niezgoda</surname><givenname>Christine</givenname><electronicMailAddress>cniezgoda@fieldmuseum.org</electronicMailAddress><positionName>Collections Manager</positionName></associatedParty><abstract><para>Phanerogams worldwide with emphasis on tropical and North America, especially rich in collections from Mexico, Guatemala, Costa Rica, Colombia, Venezuela, Ecuador, and Peru; pteridophytes worldwide with emphasis on Guatemala, Costa Rica, Ecuador, and Peru; bryophytes worldwide; mosses of North America, Central America, Andean South America, and Australasia; hepatics of north temperate, South America, and south temperate; all groups of fungi, especially basidiomycetes with emphasis on New World and lichenized fungi of north temperate and Central America; algae worldwide, especially Cyanobacteria; economic botany.</para></abstract></collection><collection identifier="274b5332-1247-4374-b124-c819b814cd6e" id="192"><alternateIdentifier>http://sernecportal.org/portal/collections/misc/collprofiles.php?collid=192</alternateIdentifier><parentCollectionIdentifier>DUKE</parentCollectionIdentifier><collectionIdentifier></collectionIdentifier><collectionName>Duke University</collectionName><resourceLogoUrl>http://sernecportal.org/portal/content/collicon/duke.png</resourceLogoUrl><onlineUrl></onlineUrl><intellectualRights>http://creativecommons.org/licenses/by-nc/3.0/</intellectualRights><abstract></abstract><associatedParty><userId>1989</userId><individualName>Michael Windham</individualName><surname>Windham</surname><givenname>Michael</givenname><electronicMailAddress>mdw26@duke.edu</electronicMailAddress><positionName>Senior Research Scientist</positionName></associatedParty><associatedParty><userId>4780</userId><individualName>Layne Huiet</individualName><surname>Huiet</surname><givenname>Layne</givenname><electronicMailAddress>rlh22@duke.edu</electronicMailAddress><positionName>Collection Manager</positionName></associatedParty></collection><collection identifier="17f2d0fa-39a6-4465-8055-1d6fc12eeda2" id="206"><alternateIdentifier>http://sernecportal.org/portal/collections/misc/collprofiles.php?collid=206</alternateIdentifier><parentCollectionIdentifier>NCU</parentCollectionIdentifier><collectionIdentifier></collectionIdentifier><collectionName>University of North Carolina Chapel Hill Herbarium</collectionName><resourceLogoUrl>http://sernecportal.org/portal/content/collicon/ncu.jpg</resourceLogoUrl><onlineUrl>http://www.herbarium.unc.edu/</onlineUrl><intellectualRights>http://creativecommons.org/licenses/by-nc/3.0/</intellectualRights><associatedParty><userId>4937</userId><individualName>Carol Ann McCormick</individualName><surname>McCormick</surname><givenname>Carol Ann</givenname><electronicMailAddress>mccormick@unc.edu</electronicMailAddress><positionName>Curator</positionName></associatedParty><abstract><para>The University of North Carolina Chapel Hill Herbarium (NCU) is a Department of the North Carolina Botanical Garden of the University of North Carolina at Chapel Hill. The vascular plant collection is world-wide in scope, and focuses on the native flora of the Southeastern United States. Approximately 450,000 of our ca. 600,000 specimens will be imaged &amp; databased for THE KEY TO THE CABINETS: BUILDING &amp; SUSTAINING A RESEARCH DATABASE FOR A GLOBAL BIODIVERSITY HOTSPOT. NCU also curates plant fossils (esp. Devonian and collections of Patricia Gensel), fungi (esp. collections of W.C. Coker, J.N. Couch, A. B. Seymour), lichens (esp. collections of Gary Perlmutter), bryophytes, and algae (esp. red marine algae of temperate zones and collections of Max Hommersand &amp; Paul Gabrielson). NCU is open to the public &amp; welcomes researchers; contact Curator to reserve on-campus parking permit.</para></abstract></collection><collection identifier="ebe89f04-a896-4bd0-b58e-edc23352562c" id="218"><alternateIdentifier>http://sernecportal.org/portal/collections/misc/collprofiles.php?collid=218</alternateIdentifier><parentCollectionIdentifier>DSC</parentCollectionIdentifier><collectionIdentifier></collectionIdentifier><collectionName>Delta State University</collectionName><resourceLogoUrl>http://sernecportal.org/portal/content/collicon/dsc.jpg</resourceLogoUrl><onlineUrl>http://ntweb.deltastate.edu/jtift/dsuherbarium/</onlineUrl><intellectualRights>http://creativecommons.org/licenses/by-nc/3.0/</intellectualRights><abstract></abstract><associatedParty><userId>5143</userId><individualName>Nina Baghai-Riding</individualName><surname>Baghai-Riding</surname><givenname>Nina</givenname><electronicMailAddress>nbaghai@deltastate.edu</electronicMailAddress><positionName>Director</positionName></associatedParty></collection><collection identifier="911b86de-e453-4ca8-ba98-b2bfc1f6ebfa" id="219"><alternateIdentifier>http://sernecportal.org/portal/collections/misc/collprofiles.php?collid=219</alternateIdentifier><parentCollectionIdentifier>IBE</parentCollectionIdentifier><collectionIdentifier></collectionIdentifier><collectionName>Institute for Botanical Exploration</collectionName><resourceLogoUrl>http://sernecportal.org/portal/content/collicon/ibe.jpg</resourceLogoUrl><onlineUrl></onlineUrl><intellectualRights>http://creativecommons.org/licenses/by-nc/3.0/</intellectualRights><associatedParty><userId>4887</userId><individualName>Lucile McCook</individualName><surname>McCook</surname><givenname>Lucile</givenname><electronicMailAddress>bymccook@olemiss.edu</electronicMailAddress><positionName>Curator, Pullen Herbarium</positionName></associatedParty><abstract><para>Founded in 1962, the Institute for Botanical Exploration has 235 000 holdings specializing in Lichens, bryophytes, and vascular plants worldwide, emphasis on Alaska, Mississippi, and adjacent states; tropical America (especially Amazon region).</para></abstract></collection><collection identifier="4b4dd71f-d42c-4af9-837d-0a353ad73aa9" id="220"><alternateIdentifier>http://sernecportal.org/portal/collections/misc/collprofiles.php?collid=220</alternateIdentifier><parentCollectionIdentifier>MISS</parentCollectionIdentifier><collectionIdentifier></collectionIdentifier><collectionName>University of Mississippi, Thomas M. Pullen Herbarium</collectionName><resourceLogoUrl>http://sernecportal.org/portal/content/collicon/miss.png</resourceLogoUrl><onlineUrl>http://www.herbarium.olemiss.edu/</onlineUrl><intellectualRights>http://creativecommons.org/licenses/by-nc/3.0/</intellectualRights><associatedParty><userId>4887</userId><individualName>Lucile McCook</individualName><surname>McCook</surname><givenname>Lucile</givenname><electronicMailAddress>bymccook@olemiss.edu</electronicMailAddress><positionName>Curator</positionName></associatedParty><abstract><para>The Pullen Herbarium (MISS) collection consists of over 75,000 vascular plant specimens, as well as non vascular plants, slime molds and fungi. With funding from the National Science Foundation , the collection is now housed in new cabinets on a compactor system and the specimen data has been entered into a searchable database. All accessioned specimens have been imaged and are currently being linked to our heritage database.</para></abstract></collection><collection identifier="a252df7c-54e5-4067-b8ad-fb3be53cb0f8" id="221"><alternateIdentifier>http://sernecportal.org/portal/collections/misc/collprofiles.php?collid=221</alternateIdentifier><parentCollectionIdentifier>USMS</parentCollectionIdentifier><collectionIdentifier></collectionIdentifier><collectionName>University of Southern Mississippi Herbarium</collectionName><resourceLogoUrl>http://sernecportal.org/portal/content/collicon/usms.jpg</resourceLogoUrl><onlineUrl>https://www.usm.edu/biological-sciences/herbarium</onlineUrl><intellectualRights>http://creativecommons.org/licenses/by-nc/3.0/</intellectualRights><associatedParty><userId>4998</userId><individualName>Mac Alford</individualName><surname>Alford</surname><givenname>Mac</givenname><electronicMailAddress>mac.alford@usm.edu</electronicMailAddress><positionName>Curator of the Herbarium</positionName></associatedParty><abstract><para>Founded in 1964, the University of Southern Mississippi Herbarium specializes in vascular plants of the southeastern U.S., aquatic and wetland plants as well as myxomycetes of Mississippi.</para></abstract></collection><collection identifier="d89aa398-9cf7-4b4c-97be-95f1eda5a3f9" id="222"><alternateIdentifier>http://sernecportal.org/portal/collections/misc/collprofiles.php?collid=222</alternateIdentifier><parentCollectionIdentifier>MMNS</parentCollectionIdentifier><collectionIdentifier></collectionIdentifier><collectionName>Mississippi Museum of Natural Science Herbarium</collectionName><resourceLogoUrl>http://swbiodiversity.org/seinet/content/collicon/MMNS.jpg</resourceLogoUrl><onlineUrl>http://www.mdwfp.com/seek-study/bio-collections/plants.aspx</onlineUrl><intellectualRights>http://creativecommons.org/licenses/by-nc/3.0/</intellectualRights><associatedParty><userId>5111</userId><individualName>Heather Sullivan</individualName><surname>Sullivan</surname><givenname>Heather</givenname><electronicMailAddress>heather.sullivan@mmns.state.ms.us</electronicMailAddress><positionName>Wildlife Conservation Biologist</positionName></associatedParty><abstract><para>The Mississippi Museum of Natural Science Herbarium currently consists of over ~70,000 mounted plant specimens, with approximately 2,000 unmounted specimens in various stages of preparation. Collections from ~29 states are found in the herbarium; however, the majority of the collection (93%) is composed of specimens from Mississippi.</para></abstract></collection><collection identifier="afa92649-e7ab-404c-8650-5a31604ff168" id="249"><alternateIdentifier>http://sernecportal.org/portal/collections/misc/collprofiles.php?collid=249</alternateIdentifier><parentCollectionIdentifier>FLAS</parentCollectionIdentifier><collectionIdentifier></collectionIdentifier><collectionName>University of Florida Herbarium</collectionName><resourceLogoUrl>http://sernecportal.org/portal/content/collicon/FLAS-.jpg</resourceLogoUrl><onlineUrl>http://www.floridamuseum.ufl.edu/herbarium</onlineUrl><intellectualRights>http://creativecommons.org/licenses/by-nc/3.0/</intellectualRights><additionalInfo>University of Florida</additionalInfo><abstract></abstract><associatedParty><userId>5047</userId><individualName>Kent Perkins</individualName><surname>Perkins</surname><givenname>Kent</givenname><electronicMailAddress>kperkins@flmnh.ufl.edu</electronicMailAddress><positionName>Collection Manager</positionName></associatedParty></collection><collection identifier="urn:lsid:biocol.org:col:15610" id="258"><alternateIdentifier>http://sernecportal.org/portal/collections/misc/collprofiles.php?collid=258</alternateIdentifier><parentCollectionIdentifier>GA</parentCollectionIdentifier><collectionIdentifier></collectionIdentifier><collectionName>University of Georgia Herbarium</collectionName><resourceLogoUrl>http://sernecportal.org/portal/content/collicon/ga_new.jpg</resourceLogoUrl><onlineUrl>http://www.plantbio.uga.edu/herbarium/</onlineUrl><intellectualRights>http://creativecommons.org/licenses/by-nc/3.0/</intellectualRights><abstract></abstract><associatedParty><individualName>Wendy B. Zomlefer</individualName><electronicMailAddress>wendyz@uga.edu</electronicMailAddress></associatedParty></collection><collection identifier="8583263d-cb31-45a3-80ec-406d3c1dec61" id="260"><alternateIdentifier>http://sernecportal.org/portal/collections/misc/collprofiles.php?collid=260</alternateIdentifier><parentCollectionIdentifier>UWFP</parentCollectionIdentifier><collectionIdentifier></collectionIdentifier><collectionName>University of West Florida</collectionName><resourceLogoUrl>http://swbiodiversity.org/seinet/content/collicon/uwf.png</resourceLogoUrl><onlineUrl>http://uwf.edu/cse/departments/cedb/resources/michael-cousens-herbarium/</onlineUrl><intellectualRights>http://creativecommons.org/publicdomain/zero/1.0/</intellectualRights><associatedParty><individualName>Philip Darby</individualName><electronicMailAddress>pdarby@uwf.edu</electronicMailAddress></associatedParty><abstract><para>The Michael I. Cousens Herbarium of the University of West Florida (UWFP) was established 30 October 1974 (as the Herbarium of the University of West Florida) for the purpose of documenting the Flora of the Florida panhandle and neighboring states. Currently, its holdings include approximately 22,000 vascular plant specimens of 3500 species and smaller collections of bryophytes and macroalgae. &lt;br/&gt;&lt;br/&gt; Important collectors represented are R. K. Godfrey, L. C. Anderson, J. B. Nelson, B. F. Hansen, J. R. Abbott, J. R. Burkhalter, and O. Degener. The core of the permanent exsiccatae collection consists of approximately 10,500 specimens from over 600 locations in Escambia County, FL, representing 1,600 species, making it one of the most biodiverse county floras in the United States. &lt;br/&gt;&lt;br/&gt;</para></abstract></collection><collection identifier="b35ec53f-99d2-4ef0-bf04-e015e5637606" id="263"><alternateIdentifier>http://sernecportal.org/portal/collections/misc/collprofiles.php?collid=263</alternateIdentifier><parentCollectionIdentifier>VSC</parentCollectionIdentifier><collectionIdentifier></collectionIdentifier><collectionName>Valdosta State University Herbarium</collectionName><resourceLogoUrl>http://sernecportal.org/portal/content/collicon/vsc.jpg</resourceLogoUrl><onlineUrl>http://ww2.valdosta.edu/~rcarter/herbintro.htm</onlineUrl><intellectualRights>http://creativecommons.org/licenses/by-nc/3.0/</intellectualRights><associatedParty><userId>5125</userId><individualName>Richard Carter</individualName><surname>Carter</surname><givenname>Richard</givenname><electronicMailAddress>rcarter@valdosta.edu</electronicMailAddress><positionName>Curator</positionName></associatedParty><abstract><para>The Valdosta State University Herbarium (VSC) provides a repository for the preservation of voucher specimens that document the flora of the Coastal Plain region of Georgia and specimens from a broader geographical area that might be useful in the study of the flora of this region and that enable specialized research on particular groups of plants carried out by faculty and students in residence at Valdosta State University and by taxonomic specialists at other institutions. VSC also provides specimens for use in teaching, and its staff responds to requests from the general public, natural resource managers, agricultural scientists, and others by providing information about plants and service determinations of unknown plants and, where appropriate, preserving vouchers relating to such.</para></abstract></collection><collection identifier="7a60dbb2-41cf-44ce-83de-5cf6f5a942ae" id="279"><alternateIdentifier>http://sernecportal.org/portal/collections/misc/collprofiles.php?collid=279</alternateIdentifier><parentCollectionIdentifier>GEO</parentCollectionIdentifier><collectionIdentifier></collectionIdentifier><collectionName>Emory University Herbarium</collectionName><resourceLogoUrl>http://sernecportal.org/portal/content/collicon/geo.jpg</resourceLogoUrl><onlineUrl>https://scholarblogs.emory.edu/emoryherbarium/</onlineUrl><intellectualRights>http://creativecommons.org/licenses/by-nc/3.0/</intellectualRights><associatedParty><userId>5300</userId><individualName>Tharanga Samarakoon</individualName><surname>Samarakoon</surname><givenname>Tharanga</givenname><electronicMailAddress>tsamarakoon@emory.edu</electronicMailAddress><positionName>Collection Manager</positionName></associatedParty><associatedParty><userId>7146</userId><individualName>Cassandra Leah Quave</individualName><surname>Quave</surname><givenname>Cassandra Leah</givenname><electronicMailAddress>cassandra.leah.quave@emory.edu</electronicMailAddress></associatedParty><abstract><para>The Emory University Herbarium (GEO) has more than 20,200 plant specimens, dating back to the early 1900s. The majority of the collection is composed of plants from the southeast USA collected by Don E. Eyles (aquatic plants), Robert F. Thorne (Flora of SW Georgia) and Madeline L. Burbanck (granite rock outcrop plants). Recent collections more focused on our growing global collection from the Mediterranean and Balkans (medicinal plants) and Australia (pollinator ecology).</para></abstract></collection><collection identifier="e8f99ed1-7381-46ed-b5a2-e24693d6d76f" id="286"><alternateIdentifier>http://sernecportal.org/portal/collections/misc/collprofiles.php?collid=286</alternateIdentifier><parentCollectionIdentifier>UNA</parentCollectionIdentifier><collectionIdentifier></collectionIdentifier><collectionName>University of Alabama</collectionName><resourceLogoUrl>http://sernecportal.org/portal/content/collicon/una.png</resourceLogoUrl><onlineUrl>http://herbarium.as.ua.edu</onlineUrl><intellectualRights>http://creativecommons.org/licenses/by-nc/3.0/</intellectualRights><abstract></abstract><associatedParty><userId>5235</userId><individualName>Steven Ginzbarg</individualName><surname>Ginzbarg</surname><givenname>Steven</givenname><electronicMailAddress>sginzbar@ua.edu</electronicMailAddress><positionName>Mr.</positionName></associatedParty></collection><collection identifier="565b6f19-288f-4614-a4c9-b09448e96547" id="312"><alternateIdentifier>http://sernecportal.org/portal/collections/misc/collprofiles.php?collid=312</alternateIdentifier><parentCollectionIdentifier>TENN</parentCollectionIdentifier><collectionIdentifier></collectionIdentifier><collectionName>University of Tennessee</collectionName><resourceLogoUrl>http://swbiodiversity.org/seinet/content/collicon/tenn.png</resourceLogoUrl><onlineUrl>http://tenn.bio.utk.edu/vascular/vascular.shtml</onlineUrl><intellectualRights>http://creativecommons.org/publicdomain/zero/1.0/</intellectualRights><abstract></abstract><associatedParty><individualName>B. Wofford</individualName><electronicMailAddress>bewofford@utk.edu</electronicMailAddress></associatedParty></collection><collection identifier="0ab99eba-db9b-4250-9288-b9f13e6ac577" id="322"><alternateIdentifier>http://sernecportal.org/portal/collections/misc/collprofiles.php?collid=322</alternateIdentifier><parentCollectionIdentifier>TROY</parentCollectionIdentifier><collectionIdentifier></collectionIdentifier><collectionName>Troy University Herbarium</collectionName><resourceLogoUrl>http://sernecportal.org/portal/content/collicon/troy.jpg</resourceLogoUrl><onlineUrl>http://spectrum.troy.edu/herbarium/</onlineUrl><intellectualRights>http://creativecommons.org/publicdomain/zero/1.0/</intellectualRights><associatedParty><individualName>Michael Woods</individualName><electronicMailAddress>mwoods@troy.edu</electronicMailAddress></associatedParty><abstract><para>The Troy University Herbarium (TROY) is housed in the Math Science Complex (MSCX) Room 216. The collection consists of over 40,000 specimens of primarily vascular plants with a moderate collection of bryophytes and lichens. The herbarium includes plants from throughout the Southeastern United States, although those from south Alabama form the majority of the collection. The herbarium has an active role in education, research, and public service. Herbarium staff and graduate students assist in plant identifications and provide botanical information upon request. The herbarium is open to any visitor, professional or amateur, with a legitimate reason for consulting the collection. Although the herbarium is available for use most weekdays, calling in advance of visits is recommended. In addition to the collection of plant specimens, the herbarium houses a small library, emphasizing floras, systematic monographs, and nomenclatural references. All of the Alabama specimens deposted in the TROY Herbarium can be can be viewed at the &lt;a href="http://www.floraofalabama.org/" target="new"&gt;Alabama Plant Atlas&lt;/a&gt; Website.</para></abstract></collection><collection identifier="eefc8d2f-42bb-4ba2-92d7-52a4290a6fac" id="382"><alternateIdentifier>http://sernecportal.org/portal/collections/misc/collprofiles.php?collid=382</alternateIdentifier><parentCollectionIdentifier>USF</parentCollectionIdentifier><collectionIdentifier></collectionIdentifier><collectionName>University of South Florida Herbarium</collectionName><resourceLogoUrl>http://sernecportal.org/portal/content/collicon/usf.jpg</resourceLogoUrl><onlineUrl>http://biology.usf.edu/cmmb/research/herbarium.aspx</onlineUrl><intellectualRights>http://creativecommons.org/licenses/by/3.0/</intellectualRights><associatedParty><userId>5308</userId><individualName>Alan Franck</individualName><surname>Franck</surname><givenname>Alan</givenname><electronicMailAddress>afranck@mail.usf.edu</electronicMailAddress><positionName>Herbarium Curator</positionName></associatedParty><abstract><para>The USF Herbarium was established as a research and teaching collection in 1958 by George R. Cooley, two years after the founding of the University of South Florida. The USF Herbarium is the second largest collection in Florida, the seventh largest in the southeastern United States, and ranks in the upper third of the world's herbaria in size. The herbarium contains approximately 280,000 specimens, consisting of about 260,000 specimens of vascular plants, 14,000 algae, 2,800 bryophytes, 1,300 lichens, and 300 macrofungi. The collection contains approximately 400 type specimens. The herbarium is richest in specimens from Florida (~40%), with additional holdings from North America north of Mexico (~35%), Latin America and the West Indies (~15%), and the Eastern Hemisphere (~10%). Specific groups well represented in the herbarium include Acanthaceae, Apocynaceae, Begoniaceae, Bromeliaceae, Fabaceae, Orchidaceae, and pteridophytes (ferns).</para></abstract></collection><collection identifier="8f1d56aa-02cb-422d-9259-f2fba3efeea3" id="415"><alternateIdentifier>http://sernecportal.org/portal/collections/misc/collprofiles.php?collid=415</alternateIdentifier><parentCollectionIdentifier>RSABG</parentCollectionIdentifier><collectionIdentifier>RSA-POM</collectionIdentifier><collectionName>Rancho Santa Ana Botanic Garden Herbarium</collectionName><resourceLogoUrl>http://nansh.org/portal/content/collicon/rsabg-rsa-pom.jpg</resourceLogoUrl><onlineUrl>http://www.rsabg.org/herbarium</onlineUrl><intellectualRights>http://creativecommons.org/licenses/by-nc/3.0/</intellectualRights><abstract><para>The combined Herbarium of Rancho Santa Ana Botanic Garden and Pomona College (RSA-POM) is a museum-quality collection of vascular plant specimens. With current holdings totaling over 1,200,000 specimens, the Herbarium is the third largest in California. The Herbarium is recognized throughout the world for its strength in documenting the diversity, distribution, variation, and ecology of more than 6500 species of flowering plants, conifers, and ferns in California, which constitutes nearly 50% of the total collection. The holdings from Southern California exceed 250,000 and are unsurpassed by any other herbarium. Approximately 95% of the collection is composed of mounted sheets and filed according to a standardized system of classification. Ancillary collections that augment the collection include a cone &amp; fruit collection, wood collection, fluid preserved collection, and pollen and anatomy slide collection.</para></abstract></collection><collection identifier="f720adbf-f87f-4e15-94ee-59a6e07c2b2d" id="423"><alternateIdentifier>http://sernecportal.org/portal/collections/misc/collprofiles.php?collid=423</alternateIdentifier><parentCollectionIdentifier>BRU</parentCollectionIdentifier><collectionIdentifier></collectionIdentifier><collectionName>Brown University Herbarium</collectionName><resourceLogoUrl>http://swbiodiversity.org/seinet/content/collicon/bru.gif</resourceLogoUrl><onlineUrl>https://www.brown.edu/research/projects/herbarium/</onlineUrl><intellectualRights>http://creativecommons.org/licenses/by/3.0/</intellectualRights><additionalInfo>Brown University</additionalInfo><abstract><para>The Brown University Herbarium was founded in 1869 when the University acquired the collections of the Providence Franklin Society and Stephen Thayer Olney. The collection includes around 100,000 plant specimens and is an important depository of Rhode Island and New England collections. It is also rich in western and southern North American plants and includes special sets of historically valuable specimens from 19th and early 20th century western US expeditions. Among other important collections, the herbarium also includes a full set of Charles Wright&#8217;s Cuban plants (1856-1867) and a unique and classic collection of Carex. Click here to download a pdf brochure describing the herbarium.</para></abstract></collection></symbiota></metadata></additionalMetadata></eml:eml>
