coreid,identifier,accessURI,thumbnailAccessURI,goodQualityAccessURI,rights,Owner,UsageTerms,WebStatement,caption,comments,providerManagedID,MetadataDate,format,associatedSpecimenReference,type,subtype,metadataLanguage
9470134,https://bisque.cyverse.org/image_service/image/00-zuiALefH2vu6iJdaZzKTPn?resize=4000&format=jpeg,https://bisque.cyverse.org/image_service/image/00-zuiALefH2vu6iJdaZzKTPn?resize=4000&format=jpeg,"https://bisque.cyverse.org/image_service/image/00-zuiALefH2vu6iJdaZzKTPn?thumbnail=200,200",https://bisque.cyverse.org/image_service/image/00-zuiALefH2vu6iJdaZzKTPn?resize=1250&format=jpeg,,"University of Georgia Herbarium (GA)","CC BY-NC (Attribution-Non-Commercial)",http://creativecommons.org/licenses/by-nc/3.0/,,,urn:uuid:0144d9f7-0481-4eb8-893d-0617d4397dfa,"2016-05-26 07:37:19",image/jpeg,http://sernecportal.org/portal/collections/individual/index.php?occid=9470134,StillImage,Photograph,en
9488346,https://bisque.cyverse.org/image_service/image/00-gP95MHuRfVMFcYzAG2vqye?resize=4000&format=jpeg,https://bisque.cyverse.org/image_service/image/00-gP95MHuRfVMFcYzAG2vqye?resize=4000&format=jpeg,"https://bisque.cyverse.org/image_service/image/00-gP95MHuRfVMFcYzAG2vqye?thumbnail=200,200",https://bisque.cyverse.org/image_service/image/00-gP95MHuRfVMFcYzAG2vqye?resize=1250&format=jpeg,,"University of Georgia Herbarium (GA)","CC BY-NC (Attribution-Non-Commercial)",http://creativecommons.org/licenses/by-nc/3.0/,,,urn:uuid:0345f420-d311-4edd-b761-9ef5e360e5a3,"2016-05-26 07:37:19",image/jpeg,http://sernecportal.org/portal/collections/individual/index.php?occid=9488346,StillImage,Photograph,en
9528566,https://bisque.cyverse.org/image_service/image/00-MchaWv7sK8izdgbM3nfKVQ?resize=4000&format=jpeg,https://bisque.cyverse.org/image_service/image/00-MchaWv7sK8izdgbM3nfKVQ?resize=4000&format=jpeg,"https://bisque.cyverse.org/image_service/image/00-MchaWv7sK8izdgbM3nfKVQ?thumbnail=200,200",https://bisque.cyverse.org/image_service/image/00-MchaWv7sK8izdgbM3nfKVQ?resize=1250&format=jpeg,,"University of Georgia Herbarium (GA)","CC BY-NC (Attribution-Non-Commercial)",http://creativecommons.org/licenses/by-nc/3.0/,,,urn:uuid:b566ec4e-91f6-4ed4-a4d3-862ece56ccd2,"2016-05-26 07:37:47",image/jpeg,http://sernecportal.org/portal/collections/individual/index.php?occid=9528566,StillImage,Photograph,en
9534836,https://bisque.cyverse.org/image_service/image/00-8KhhwfGDmZXAr6irRDx8fj?resize=4000&format=jpeg,https://bisque.cyverse.org/image_service/image/00-8KhhwfGDmZXAr6irRDx8fj?resize=4000&format=jpeg,"https://bisque.cyverse.org/image_service/image/00-8KhhwfGDmZXAr6irRDx8fj?thumbnail=200,200",https://bisque.cyverse.org/image_service/image/00-8KhhwfGDmZXAr6irRDx8fj?resize=1250&format=jpeg,,"University of Georgia Herbarium (GA)","CC BY-NC (Attribution-Non-Commercial)",http://creativecommons.org/licenses/by-nc/3.0/,,,urn:uuid:47d48fab-3d80-44e2-ae08-fda2e62ea762,"2016-05-26 07:37:45",image/jpeg,http://sernecportal.org/portal/collections/individual/index.php?occid=9534836,StillImage,Photograph,en
9542142,https://bisque.cyverse.org/image_service/image/00-HjMec9hgRe8SyDrFj9LGdU?resize=4000&format=jpeg,https://bisque.cyverse.org/image_service/image/00-HjMec9hgRe8SyDrFj9LGdU?resize=4000&format=jpeg,"https://bisque.cyverse.org/image_service/image/00-HjMec9hgRe8SyDrFj9LGdU?thumbnail=200,200",https://bisque.cyverse.org/image_service/image/00-HjMec9hgRe8SyDrFj9LGdU?resize=1250&format=jpeg,,"University of Georgia Herbarium (GA)","CC BY-NC (Attribution-Non-Commercial)",http://creativecommons.org/licenses/by-nc/3.0/,,,urn:uuid:187c5a99-ac07-4f6c-849c-71c64e96fdda,"2016-05-26 07:37:19",image/jpeg,http://sernecportal.org/portal/collections/individual/index.php?occid=9542142,StillImage,Photograph,en
9749157,https://bisque.cyverse.org/image_service/image/00-UvtaNBwF6uM2PmvPR6igBF?resize=4000&format=jpeg,https://bisque.cyverse.org/image_service/image/00-UvtaNBwF6uM2PmvPR6igBF?resize=4000&format=jpeg,"https://bisque.cyverse.org/image_service/image/00-UvtaNBwF6uM2PmvPR6igBF?thumbnail=200,200",https://bisque.cyverse.org/image_service/image/00-UvtaNBwF6uM2PmvPR6igBF?resize=1250&format=jpeg,,"Valdosta State University Herbarium (VSC)","CC BY-NC (Attribution-Non-Commercial)",http://creativecommons.org/licenses/by-nc/3.0/,,,urn:uuid:03b9d910-1fe8-406e-b9ad-5755efa44e6d,"2016-07-17 10:26:03",image/jpeg,http://sernecportal.org/portal/collections/individual/index.php?occid=9749157,StillImage,Photograph,en
9781058,https://bisque.cyverse.org/image_service/image/00-eL8D7kSNsi4oNZDq2kVpAA?resize=4000&format=jpeg,https://bisque.cyverse.org/image_service/image/00-eL8D7kSNsi4oNZDq2kVpAA?resize=4000&format=jpeg,"https://bisque.cyverse.org/image_service/image/00-eL8D7kSNsi4oNZDq2kVpAA?thumbnail=200,200",https://bisque.cyverse.org/image_service/image/00-eL8D7kSNsi4oNZDq2kVpAA?resize=1250&format=jpeg,,"Valdosta State University Herbarium (VSC)","CC BY-NC (Attribution-Non-Commercial)",http://creativecommons.org/licenses/by-nc/3.0/,,,urn:uuid:5da17611-14c8-4581-aecc-ea4616a32af2,"2016-07-17 10:26:04",image/jpeg,http://sernecportal.org/portal/collections/individual/index.php?occid=9781058,StillImage,Photograph,en
9786482,https://bisque.cyverse.org/image_service/image/00-fgLKdat6GhxHEhQbbLVgxe?resize=4000&format=jpeg,https://bisque.cyverse.org/image_service/image/00-fgLKdat6GhxHEhQbbLVgxe?resize=4000&format=jpeg,"https://bisque.cyverse.org/image_service/image/00-fgLKdat6GhxHEhQbbLVgxe?thumbnail=200,200",https://bisque.cyverse.org/image_service/image/00-fgLKdat6GhxHEhQbbLVgxe?resize=1250&format=jpeg,,"Valdosta State University Herbarium (VSC)","CC BY-NC (Attribution-Non-Commercial)",http://creativecommons.org/licenses/by-nc/3.0/,,,urn:uuid:8dd7aede-e195-46f1-8329-cd2f22b32561,"2016-07-17 13:03:20",image/jpeg,http://sernecportal.org/portal/collections/individual/index.php?occid=9786482,StillImage,Photograph,en
9795466,https://bisque.cyverse.org/image_service/image/00-9xunkMeTHtDnmZH6PcoWBb?resize=4000&format=jpeg,https://bisque.cyverse.org/image_service/image/00-9xunkMeTHtDnmZH6PcoWBb?resize=4000&format=jpeg,"https://bisque.cyverse.org/image_service/image/00-9xunkMeTHtDnmZH6PcoWBb?thumbnail=200,200",https://bisque.cyverse.org/image_service/image/00-9xunkMeTHtDnmZH6PcoWBb?resize=1250&format=jpeg,,"Valdosta State University Herbarium (VSC)","CC BY-NC (Attribution-Non-Commercial)",http://creativecommons.org/licenses/by-nc/3.0/,,,urn:uuid:0bdf04be-1b44-49c1-ae74-59d8cb864c36,"2016-07-17 10:26:02",image/jpeg,http://sernecportal.org/portal/collections/individual/index.php?occid=9795466,StillImage,Photograph,en
13178480,"http://assets1.specifycloud.org/fileget?coll=emoryherbarium&type=O&filename=887936de-8dd3-446d-8b19-c46c4271e72d.jpg&downloadname=F%3A\Herbarium+Images\Edited+Images+folder+4\GEO-GC-002785-0.jpg&token=null","http://assets1.specifycloud.org/fileget?coll=emoryherbarium&type=O&filename=887936de-8dd3-446d-8b19-c46c4271e72d.jpg&downloadname=F%3A\Herbarium+Images\Edited+Images+folder+4\GEO-GC-002785-0.jpg&token=null",http://sernecportal.org/imglib/sernec/GEO/00007/fileget_1503672819_tn.jpg,http://sernecportal.org/imglib/sernec/GEO/00007/fileget_1503672819_web.jpg,,"Emory University Herbarium (GEO)","CC BY-NC (Attribution-Non-Commercial)",http://creativecommons.org/licenses/by-nc/3.0/,,,urn:uuid:7b0751c2-688e-4541-abd9-8098ee7ff417,"2017-08-24 10:54:11",image/jpeg,http://sernecportal.org/portal/collections/individual/index.php?occid=13178480,StillImage,Photograph,en
13179031,"http://assets1.specifycloud.org/fileget?coll=emoryherbarium&type=O&filename=6b23c66c-121c-47e4-9fc6-eb9b498cdaea.jpg&downloadname=F%3A\Herbarium+Images\Edited+Images+folder+4\GEO-GC-002785-0.jpg&token=null","http://assets1.specifycloud.org/fileget?coll=emoryherbarium&type=O&filename=6b23c66c-121c-47e4-9fc6-eb9b498cdaea.jpg&downloadname=F%3A\Herbarium+Images\Edited+Images+folder+4\GEO-GC-002785-0.jpg&token=null",http://sernecportal.org/imglib/sernec/GEO/00007/fileget_1503593885_tn.jpg,http://sernecportal.org/imglib/sernec/GEO/00007/fileget_1503593885_web.jpg,,"Emory University Herbarium (GEO)","CC BY-NC (Attribution-Non-Commercial)",http://creativecommons.org/licenses/by-nc/3.0/,,,urn:uuid:6c48f11e-ef83-4ec0-bc23-1f6fbc06cd3e,"2017-08-24 10:54:11",image/jpeg,http://sernecportal.org/portal/collections/individual/index.php?occid=13179031,StillImage,Photograph,en
14668849,http://sweetgum.nybg.org/images3/1140/738/02079300.jpg,http://sweetgum.nybg.org/images3/1140/738/02079300.jpg,http://sweetgum.nybg.org/images3/1140/738/02079300.thumb.jpg,,,"New York Botanical Garden (NY)","CC BY-NC (Attribution-Non-Commercial)",http://creativecommons.org/licenses/by-nc/3.0/,,,urn:uuid:7074c413-e071-442f-9648-e8289799e209,"2017-06-20 18:41:04",image/jpeg,http://sernecportal.org/portal/collections/individual/index.php?occid=14668849,StillImage,Photograph,en
14686892,http://sweetgum.nybg.org/images3/1130/082/02028358.jpg,http://sweetgum.nybg.org/images3/1130/082/02028358.jpg,http://sweetgum.nybg.org/images3/1130/082/02028358.thumb.jpg,,,"New York Botanical Garden (NY)","CC BY-NC (Attribution-Non-Commercial)",http://creativecommons.org/licenses/by-nc/3.0/,,,urn:uuid:99094709-343c-452a-8d7d-11b975ec04af,"2017-06-20 18:41:04",image/jpeg,http://sernecportal.org/portal/collections/individual/index.php?occid=14686892,StillImage,Photograph,en
14756753,http://sweetgum.nybg.org/images3/1130/083/02028359.jpg,http://sweetgum.nybg.org/images3/1130/083/02028359.jpg,http://sweetgum.nybg.org/images3/1130/083/02028359.thumb.jpg,,,"New York Botanical Garden (NY)","CC BY-NC (Attribution-Non-Commercial)",http://creativecommons.org/licenses/by-nc/3.0/,,,urn:uuid:e962dcbb-6d93-4a5c-9793-1404786aff85,"2017-06-20 18:41:04",image/jpeg,http://sernecportal.org/portal/collections/individual/index.php?occid=14756753,StillImage,Photograph,en
14759963,http://sweetgum.nybg.org/images3/1130/070/02028343.jpg,http://sweetgum.nybg.org/images3/1130/070/02028343.jpg,http://sweetgum.nybg.org/images3/1130/070/02028343.thumb.jpg,,,"New York Botanical Garden (NY)","CC BY-NC (Attribution-Non-Commercial)",http://creativecommons.org/licenses/by-nc/3.0/,,,urn:uuid:24a7b63f-bcc5-471e-9ad1-c6f4c81f11ac,"2017-06-20 18:41:04",image/jpeg,http://sernecportal.org/portal/collections/individual/index.php?occid=14759963,StillImage,Photograph,en
14773793,http://sweetgum.nybg.org/images3/1130/081/02028357.jpg,http://sweetgum.nybg.org/images3/1130/081/02028357.jpg,http://sweetgum.nybg.org/images3/1130/081/02028357.thumb.jpg,,,"New York Botanical Garden (NY)","CC BY-NC (Attribution-Non-Commercial)",http://creativecommons.org/licenses/by-nc/3.0/,,,urn:uuid:407e3949-2dee-4752-9ec3-98c960ebbb9c,"2017-06-20 18:41:04",image/jpeg,http://sernecportal.org/portal/collections/individual/index.php?occid=14773793,StillImage,Photograph,en
14961040,http://sweetgum.nybg.org/images3/1130/076/02028352.jpg,http://sweetgum.nybg.org/images3/1130/076/02028352.jpg,http://sweetgum.nybg.org/images3/1130/076/02028352.thumb.jpg,,,"New York Botanical Garden (NY)","CC BY-NC (Attribution-Non-Commercial)",http://creativecommons.org/licenses/by-nc/3.0/,,,urn:uuid:a692a40a-667d-4429-a490-098cd9e975b3,"2017-06-20 18:41:04",image/jpeg,http://sernecportal.org/portal/collections/individual/index.php?occid=14961040,StillImage,Photograph,en
15071258,http://sweetgum.nybg.org/images3/1130/072/02028345.jpg,http://sweetgum.nybg.org/images3/1130/072/02028345.jpg,http://sweetgum.nybg.org/images3/1130/072/02028345.thumb.jpg,,,"New York Botanical Garden (NY)","CC BY-NC (Attribution-Non-Commercial)",http://creativecommons.org/licenses/by-nc/3.0/,,,urn:uuid:d366155a-c8e1-4661-bece-e5a22b892f6c,"2017-06-20 18:41:04",image/jpeg,http://sernecportal.org/portal/collections/individual/index.php?occid=15071258,StillImage,Photograph,en
15075576,http://sweetgum.nybg.org/images3/1130/071/02028344.jpg,http://sweetgum.nybg.org/images3/1130/071/02028344.jpg,http://sweetgum.nybg.org/images3/1130/071/02028344.thumb.jpg,,,"New York Botanical Garden (NY)","CC BY-NC (Attribution-Non-Commercial)",http://creativecommons.org/licenses/by-nc/3.0/,,,urn:uuid:315e6535-80a8-48f8-8e65-2e911d57782f,"2017-06-20 18:41:04",image/jpeg,http://sernecportal.org/portal/collections/individual/index.php?occid=15075576,StillImage,Photograph,en
15076386,http://sweetgum.nybg.org/images3/1130/074/02028350.jpg,http://sweetgum.nybg.org/images3/1130/074/02028350.jpg,http://sweetgum.nybg.org/images3/1130/074/02028350.thumb.jpg,,,"New York Botanical Garden (NY)","CC BY-NC (Attribution-Non-Commercial)",http://creativecommons.org/licenses/by-nc/3.0/,,,urn:uuid:5a476b4f-0694-4f7b-a3fd-c170255e9d28,"2017-06-20 18:41:04",image/jpeg,http://sernecportal.org/portal/collections/individual/index.php?occid=15076386,StillImage,Photograph,en
15118316,http://sweetgum.nybg.org/images3/1130/077/02028353.jpg,http://sweetgum.nybg.org/images3/1130/077/02028353.jpg,http://sweetgum.nybg.org/images3/1130/077/02028353.thumb.jpg,,,"New York Botanical Garden (NY)","CC BY-NC (Attribution-Non-Commercial)",http://creativecommons.org/licenses/by-nc/3.0/,,,urn:uuid:99166f8c-0eee-44d6-afd9-e36bf6382253,"2017-06-20 18:41:04",image/jpeg,http://sernecportal.org/portal/collections/individual/index.php?occid=15118316,StillImage,Photograph,en
15134445,http://sweetgum.nybg.org/images3/1130/069/02028342.jpg,http://sweetgum.nybg.org/images3/1130/069/02028342.jpg,http://sweetgum.nybg.org/images3/1130/069/02028342.thumb.jpg,,,"New York Botanical Garden (NY)","CC BY-NC (Attribution-Non-Commercial)",http://creativecommons.org/licenses/by-nc/3.0/,,,urn:uuid:47381d9b-c0ff-414f-a21b-f64e61068243,"2017-06-20 18:41:04",image/jpeg,http://sernecportal.org/portal/collections/individual/index.php?occid=15134445,StillImage,Photograph,en
15144233,http://sweetgum.nybg.org/images3/1130/084/02028360.jpg,http://sweetgum.nybg.org/images3/1130/084/02028360.jpg,http://sweetgum.nybg.org/images3/1130/084/02028360.thumb.jpg,,,"New York Botanical Garden (NY)","CC BY-NC (Attribution-Non-Commercial)",http://creativecommons.org/licenses/by-nc/3.0/,,,urn:uuid:92590459-d75a-4503-9640-e9c51baa4792,"2017-06-20 18:41:04",image/jpeg,http://sernecportal.org/portal/collections/individual/index.php?occid=15144233,StillImage,Photograph,en
15146074,http://sweetgum.nybg.org/images3/1130/075/02028351.jpg,http://sweetgum.nybg.org/images3/1130/075/02028351.jpg,http://sweetgum.nybg.org/images3/1130/075/02028351.thumb.jpg,,,"New York Botanical Garden (NY)","CC BY-NC (Attribution-Non-Commercial)",http://creativecommons.org/licenses/by-nc/3.0/,,,urn:uuid:10871b1f-15c4-49ae-b46b-db9b13f01c89,"2017-06-20 18:41:04",image/jpeg,http://sernecportal.org/portal/collections/individual/index.php?occid=15146074,StillImage,Photograph,en
15147172,http://sweetgum.nybg.org/images3/1130/079/02028355.jpg,http://sweetgum.nybg.org/images3/1130/079/02028355.jpg,http://sweetgum.nybg.org/images3/1130/079/02028355.thumb.jpg,,,"New York Botanical Garden (NY)","CC BY-NC (Attribution-Non-Commercial)",http://creativecommons.org/licenses/by-nc/3.0/,,,urn:uuid:db6b6b3c-ccfd-458d-aa1d-270feae867df,"2017-06-20 18:41:04",image/jpeg,http://sernecportal.org/portal/collections/individual/index.php?occid=15147172,StillImage,Photograph,en
15171587,http://sweetgum.nybg.org/images3/1130/080/02028356.jpg,http://sweetgum.nybg.org/images3/1130/080/02028356.jpg,http://sweetgum.nybg.org/images3/1130/080/02028356.thumb.jpg,,,"New York Botanical Garden (NY)","CC BY-NC (Attribution-Non-Commercial)",http://creativecommons.org/licenses/by-nc/3.0/,,,urn:uuid:585b21d6-ca7f-4903-9cf4-543336b20665,"2017-06-20 18:41:04",image/jpeg,http://sernecportal.org/portal/collections/individual/index.php?occid=15171587,StillImage,Photograph,en
15171724,http://sweetgum.nybg.org/images3/1130/078/02028354.jpg,http://sweetgum.nybg.org/images3/1130/078/02028354.jpg,http://sweetgum.nybg.org/images3/1130/078/02028354.thumb.jpg,,,"New York Botanical Garden (NY)","CC BY-NC (Attribution-Non-Commercial)",http://creativecommons.org/licenses/by-nc/3.0/,,,urn:uuid:e8763976-30e0-4033-a5ca-3ce52f165e6b,"2017-06-20 18:41:04",image/jpeg,http://sernecportal.org/portal/collections/individual/index.php?occid=15171724,StillImage,Photograph,en
15180848,http://sweetgum.nybg.org/images3/1130/068/02028341.jpg,http://sweetgum.nybg.org/images3/1130/068/02028341.jpg,http://sweetgum.nybg.org/images3/1130/068/02028341.thumb.jpg,,,"New York Botanical Garden (NY)","CC BY-NC (Attribution-Non-Commercial)",http://creativecommons.org/licenses/by-nc/3.0/,,,urn:uuid:d3f9778f-6e54-4fd3-bc94-934211448d11,"2017-06-20 18:41:04",image/jpeg,http://sernecportal.org/portal/collections/individual/index.php?occid=15180848,StillImage,Photograph,en
15239289,http://sweetgum.nybg.org/images3/1130/073/02028346.jpg,http://sweetgum.nybg.org/images3/1130/073/02028346.jpg,http://sweetgum.nybg.org/images3/1130/073/02028346.thumb.jpg,,,"New York Botanical Garden (NY)","CC BY-NC (Attribution-Non-Commercial)",http://creativecommons.org/licenses/by-nc/3.0/,,,urn:uuid:bbc8afcf-227c-417a-a706-3c85f0e87525,"2017-06-20 18:41:04",image/jpeg,http://sernecportal.org/portal/collections/individual/index.php?occid=15239289,StillImage,Photograph,en
15874311,https://bisque.cyverse.org/image_service/image/00-zxqWkMK9oKGQGQCYbhuaqG/resize:4000/format:jpeg,https://bisque.cyverse.org/image_service/image/00-zxqWkMK9oKGQGQCYbhuaqG/resize:4000/format:jpeg,"https://bisque.cyverse.org/image_service/image/00-zxqWkMK9oKGQGQCYbhuaqG/thumbnail:200,200",https://bisque.cyverse.org/image_service/image/00-zxqWkMK9oKGQGQCYbhuaqG/resize:1250/format:jpeg,,"University of Tennessee (TENN)","CC0 1.0 (Public-domain)",http://creativecommons.org/publicdomain/zero/1.0/,,,urn:uuid:9cf0421d-18de-4d81-9ce0-cba651f50c73,"2018-06-22 17:04:52",image/jpeg,http://sernecportal.org/portal/collections/individual/index.php?occid=15874311,StillImage,Photograph,en
16069314,http://cdn.flmnh.ufl.edu/Herbarium/jpg/229/229953a1.jpg,http://cdn.flmnh.ufl.edu/Herbarium/jpg/229/229953a1.jpg,http://sernecportal.org/imglib/sernec/FLAS/00229/229953a1_1506961544_tn.jpg,http://sernecportal.org/imglib/sernec/FLAS/00229/229953a1_1506961544_web.jpg,,"University of Florida","CC BY-NC (Attribution-Non-Commercial)",http://creativecommons.org/licenses/by-nc/3.0/,,,urn:uuid:a2465f88-f346-465c-960d-36109e801754,"2017-09-28 10:02:05",image/jpeg,http://sernecportal.org/portal/collections/individual/index.php?occid=16069314,StillImage,Photograph,en
