id,institutionCode,collectionCode,ownerInstitutionCode,basisOfRecord,occurrenceID,catalogNumber,otherCatalogNumbers,kingdom,phylum,class,order,family,scientificName,taxonID,scientificNameAuthorship,genus,specificEpithet,taxonRank,infraspecificEpithet,identifiedBy,dateIdentified,identificationReferences,identificationRemarks,taxonRemarks,identificationQualifier,typeStatus,recordedBy,associatedCollectors,recordNumber,eventDate,year,month,day,startDayOfYear,endDayOfYear,verbatimEventDate,occurrenceRemarks,habitat,substrate,verbatimAttributes,fieldNumber,informationWithheld,dataGeneralizations,dynamicProperties,associatedTaxa,reproductiveCondition,establishmentMeans,cultivationStatus,lifeStage,sex,individualCount,preparations,country,stateProvince,county,municipality,locality,locationRemarks,localitySecurity,localitySecurityReason,decimalLatitude,decimalLongitude,geodeticDatum,coordinateUncertaintyInMeters,verbatimCoordinates,georeferencedBy,georeferenceProtocol,georeferenceSources,georeferenceVerificationStatus,georeferenceRemarks,minimumElevationInMeters,maximumElevationInMeters,minimumDepthInMeters,maximumDepthInMeters,verbatimDepth,verbatimElevation,disposition,language,recordEnteredBy,modified,sourcePrimaryKey-dbpk,collId,recordId,references
4156802,TTRS,,,PreservedSpecimen,urn:uuid:d5a4396c-fad5-4f14-9aa0-8a4f56deb468,TTRS_000003525,7754,Plantae,Magnoliophyta,,Asterales,Asteraceae,"Brickellia cordifolia",75090,Elliot,Brickellia,cordifolia,,,,,,,,,,"Godfrey, Robert K.",,,,1988,,,,,,,,,,,"field values redacted: eventDate, month, day, startDayOfYear, verbatimEventDate, recordNumber, locality, decimalLatitude, decimalLongitude, geodeticDatum, georeferenceRemarks, georeferenceProtocol",,,,,,,,,,,"United States",Florida,Jefferson,,,,1,,,,,,,,,,,,,,,,,,,,,"2015-07-22 16:50:29",TTRS_000003525,174,urn:uuid:cb91b3b6-9979-4be0-baa4-d06ceef15818,http://sernecportal.org/portal/collections/individual/index.php?occid=4156802
5851092,DSC,,,PreservedSpecimen,c460eac8-8141-4566-9ea7-2a511bca7fbb,DSC100900,,,,,,"ASTERACEAE (COMPOSITAE)","Brickellia cordifolia",75090,Elliot,Brickellia,cordifolia,,,,,,,"Flyr's nemesis",,,"John R. MacDonald",,,,1994,,,,,,"Fresh corollas light pink to almost white and turning darker purplish pink or burgundy pink upon aging, capillary bristles purple, bracts striate white & green except outermost ones; rare at one site with about 6 seen & locally common at another site with 50 - 100 seen; plants averaging ca. 2.5 ft tall with some reaching ca. 5 ft tall, flowers mildly sweet fragrant.",,,,,"field values redacted: eventDate, month, day, startDayOfYear, verbatimEventDate, recordNumber, locality, habitat",,,,,,,,,,,"United States",Alabama,Houston,Dothan,,,1,,,,,,,,,,,,,,,,,,,,,"2017-05-19 09:20:16",,218,urn:uuid:c460eac8-8141-4566-9ea7-2a511bca7fbb,http://sernecportal.org/portal/collections/individual/index.php?occid=5851092
5851093,DSC,,,PreservedSpecimen,6e14604a-1cd8-47a4-86ea-3fc8b69cb95b,DSC100901,,,,,,"ASTERACEAE (COMPOSITAE)","Brickellia cordifolia",75090,Elliot,Brickellia,cordifolia,,,,,,,"Flyr's nemesis",,,"John R. MacDonald",,,,1999,,,,,,"Local colony of 100 or more plants",,,,,"field values redacted: eventDate, month, day, startDayOfYear, verbatimEventDate, recordNumber, locality, habitat",,,,,,,,,,,"United States",Alabama,Houston,,,,1,,,,,,,,,,,,,,,,,,,,,"2017-05-19 09:20:16",,218,urn:uuid:6e14604a-1cd8-47a4-86ea-3fc8b69cb95b,http://sernecportal.org/portal/collections/individual/index.php?occid=5851093
5925261,MISS,,,PreservedSpecimen,011efd84-b696-456c-9d93-0033bca3cfa0,MISS0059549,67280,Plantae,Magnoliophyta,,Asterales,Asteraceae,"Brickellia cordifolia",75090,Elliot,Brickellia,cordifolia,,,,,,,,,,"J. R. MacDonald",,,,1994,,,,,,"Fresh corollas light pink to almost white & turning darker purplish pink or burgandy pink upon aging, capillary bristles purple, bracts striate white & green except outermost ones, plants in upland woodsm rare at one site w/ ca 6 seen & locally common at",,,,,"field values redacted: eventDate, month, day, startDayOfYear, verbatimEventDate, recordNumber, locality",,,,,,,,,,,"United States",Alabama,Houston,,,,1,,,,,,,,,,,,,,,,,,,,stunie,"2015-11-26 17:38:54",,220,urn:uuid:011efd84-b696-456c-9d93-0033bca3cfa0,http://sernecportal.org/portal/collections/individual/index.php?occid=5925261
5925262,MISS,,,PreservedSpecimen,ccd8877d-c922-49b2-8dc1-c1ec5ca40f11,MISS0059550,59291,Plantae,Magnoliophyta,,Asterales,Asteraceae,"Brickellia cordifolia",75090,Elliot,Brickellia,cordifolia,,,,,,,,,,"J. R. MacDonald",,,,1994,,,,,,,,,,,"field values redacted: eventDate, month, day, startDayOfYear, verbatimEventDate, recordNumber, locality",,,,,,,,,,,USA,Alabama,Houston,,,,1,,,,,,,,,,,,,,,,,,,,stunie,"2016-08-23 15:48:40",,220,urn:uuid:ccd8877d-c922-49b2-8dc1-c1ec5ca40f11,http://sernecportal.org/portal/collections/individual/index.php?occid=5925262
6021115,USMS,,,PreservedSpecimen,cb17139e-3712-47fc-8109-fb3d49b28bf1,USMS_000006763,,Plantae,Magnoliophyta,,Asterales,Asteraceae,"Brickellia cordifolia",75090,Elliot,Brickellia,cordifolia,,,,,,,"Flyr's nemesis",,,"John R. MacDonald",,,,,,,,,,"Local colony of 100 or more plants",,,,,"field values redacted: eventDate, verbatimEventDate, recordNumber, locality, habitat",,,,,,,,,,,"United States",Alabama,Houston,,,,1,,,,,,,,,,,,,,,,,,,,danielmcnair,"2017-10-13 11:54:26",,221,urn:uuid:cb17139e-3712-47fc-8109-fb3d49b28bf1,http://sernecportal.org/portal/collections/individual/index.php?occid=6021115
6021116,USMS,,,PreservedSpecimen,4f6e1947-a112-42f7-bdc9-b1c079b45821,USMS_000006764,,Plantae,Magnoliophyta,,Asterales,Asteraceae,"Brickellia cordifolia",75090,Elliot,Brickellia,cordifolia,,,,,,,,,,"John R. MacDonald",,,,,,,,,,,,,,,"field values redacted: eventDate, verbatimEventDate, recordNumber, locality, verbatimCoordinates, habitat",,,,flo,,,,,,,"United States",Alabama,Houston,,,,1,,,,,,,,,,,,,,,,,,,,danielmcnair,"2015-11-26 17:38:54",,221,urn:uuid:4f6e1947-a112-42f7-bdc9-b1c079b45821,http://sernecportal.org/portal/collections/individual/index.php?occid=6021116
6355182,MMNS,,,PreservedSpecimen,MMNS014738,MMNS014738,14738,Plantae,Magnoliophyta,,Asterales,Asteraceae,"Brickellia cordifolia",75090,Elliot,Brickellia,cordifolia,,,,,,,,,,"John R. MacDonald",,,,1994,,,,,,,,,,,"field values redacted: eventDate, month, day, startDayOfYear, verbatimEventDate, recordNumber, locality, verbatimCoordinates, habitat",,,,flo,,,,,,,"United States",Alabama,Houston,,,,1,,,,,,,,,,,,,,,,,,,,LM,"2016-10-14 00:04:18",14738,222,urn:uuid:d4fafe1b-6a5e-4408-8107-44a9448e06ea,http://sernecportal.org/portal/collections/individual/index.php?occid=6355182
6355183,MMNS,,,PreservedSpecimen,MMNS014739,MMNS014739,14739,Plantae,Magnoliophyta,,Asterales,Asteraceae,"Brickellia cordifolia",75090,Elliot,Brickellia,cordifolia,,,,,,,,,,"John R. MacDonald",,,,1994,,,,,,,,,,,"field values redacted: eventDate, month, day, startDayOfYear, verbatimEventDate, recordNumber, locality, verbatimCoordinates, habitat",,,,flo,,,,,,,"United States",Alabama,Houston,,,,1,,,,,,,,,,,,,,,,,,,,LM,"2016-10-14 00:05:24",14739,222,urn:uuid:f8a51f2e-11c7-4253-85b9-0104f85e8fbd,http://sernecportal.org/portal/collections/individual/index.php?occid=6355183
6732704,UWFP,,,PreservedSpecimen,cebc0917-a2eb-4a67-a321-6011217bfc43,UWFP003622,,Plantae,Magnoliophyta,,Asterales,Asteraceae,"Brickellia cordifolia",75090,Elliot,Brickellia,cordifolia,,,,,,,,,,,,,,,,,,,,,,,,,,,,,,,,,,,,"United States",Florida,,,,,1,,,,,,,,,,,,,,,,,,,en,preprocessed,"2018-02-06 01:49:13",,260,urn:uuid:cebc0917-a2eb-4a67-a321-6011217bfc43,http://sernecportal.org/portal/collections/individual/index.php?occid=6732704
8128665,F,Botany,,PreservedSpecimen,7b8d287f-0f94-409b-9045-25df72579494,,,Plantae,Magnoliophyta,,Asterales,Asteraceae,"Brickellia cordifolia",75090,Elliot,Brickellia,cordifolia,,,,,,,,,,"G. V. Nash",,,,1895,,,,,,,,,,,"field values redacted: eventDate, month, day, startDayOfYear, verbatimEventDate, recordNumber",,,,,,,,,,,U.S.A.,Florida,,,,,1,,,,,,,,,,,,,,,,,,,en,,"2015-03-07 03:30:28",7b8d287f-0f94-409b-9045-25df72579494,181,urn:uuid:1a6ceaca-3852-44b8-ab48-efd0f0e2fff5,http://sernecportal.org/portal/collections/individual/index.php?occid=8128665
8134230,F,Botany,,PreservedSpecimen,7a2224d8-144d-4725-8f4d-0ee1234f52df,,,Plantae,Magnoliophyta,,Asterales,Asteraceae,"Brickellia cordifolia",75090,Elliot,Brickellia,cordifolia,,,,,,,,,,"A. H. Curtiss",,,,,,,,,,,,,,,"field values redacted: recordNumber",,,,,,,,,,,U.S.A.,Florida,,,,,1,,,,,,,,,,,,,,,,,,,en,,"2015-03-07 03:30:28",7a2224d8-144d-4725-8f4d-0ee1234f52df,181,urn:uuid:5d9ab336-b77a-46f0-b8ac-0371b7636c1a,http://sernecportal.org/portal/collections/individual/index.php?occid=8134230
9368222,USCH,MAIN,,PreservedSpecimen,5a228c32-ff6d-11e2-9beb-001c23ce290f,USCH0007085,49925,Plantae,Magnoliophyta,,Asterales,Asteraceae,"Brickellia cordifolia",75090,Elliot,Brickellia,cordifolia,,,"Gholson, Jr., A.",,,,,,,"Gholson, Jr., A.",,,,1988,,,,,,,,,,,"field values redacted: eventDate, month, day, startDayOfYear, locality, habitat",,,,flowering,,,,,,,"United States",Florida,"Jefferson County",,,,1,,,,,,,,,,,,,,,,,,,,,"2018-04-25 16:39:37",5a228c32-ff6d-11e2-9beb-001c23ce290f,147,urn:uuid:d89c8510-5cfd-4560-b266-114ad5935787,http://sernecportal.org/portal/collections/individual/index.php?occid=9368222
9470134,GA,,,PreservedSpecimen,1d3c54ae-8927-450c-8345-edb1c5722e88,GA074206,56279,Plantae,Magnoliophyta,,Asterales,Asteraceae,"Brickellia cordifolia",75090,Elliot,Brickellia,cordifolia,,,,,,,,,,"Duncan, W",,17177,1953-08-05,1953,8,5,217,,,,,,,,,,,,,,,,,,,"United States",Georgia,"Quitman County",,"Quitman County, GA",,,,,,,,,,,,,,,,,,,,,,,"2017-12-06 16:58:08",1d3c54ae-8927-450c-8345-edb1c5722e88,258,urn:uuid:e0950558-4461-4c41-8b1e-ecff0ea627dd,http://sernecportal.org/portal/collections/individual/index.php?occid=9470134
9488346,GA,,,PreservedSpecimen,1c71c87e-4329-43d2-9231-40085c9c4a1b,GA074204,33228,Plantae,Magnoliophyta,,Asterales,Asteraceae,"Brickellia cordifolia",75090,Elliot,Brickellia,cordifolia,,,,,,,,,,"Thorne, R",,6115,1947-08-18,1947,8,18,230,,,,,,,,,,,,,,,,,,,"United States",Georgia,"Early County",,"Early County, GA",,,,,,,,,,,,,,,,,,,,,,,"2017-12-06 16:58:08",1c71c87e-4329-43d2-9231-40085c9c4a1b,258,urn:uuid:ef95b24d-ea08-4b9c-a54e-0db11b2b6450,http://sernecportal.org/portal/collections/individual/index.php?occid=9488346
9528566,GA,,,PreservedSpecimen,e7885b64-aeeb-416a-aaae-4253c66686b2,GA085033,265613,Plantae,Magnoliophyta,,Asterales,Asteraceae,"Brickellia cordifolia",75090,Elliot,Brickellia,cordifolia,,,,,,,,,,"Carter, R",,265613,2009-09-02,2009,9,2,245,,,,,,,,,,,,,,,,,,,"United States",Georgia,"Thomas County",,"Thomas County, GA",,,,,,,,,,,,,,,,,,,,,,,"2017-12-06 16:58:08",e7885b64-aeeb-416a-aaae-4253c66686b2,258,urn:uuid:6f942f53-9f36-476c-88fc-9d4e3542617d,http://sernecportal.org/portal/collections/individual/index.php?occid=9528566
9534836,GA,,,PreservedSpecimen,e4bb613f-7463-44c3-b9ee-2fda86aa18c8,GA084977,265626,Plantae,Magnoliophyta,,Asterales,Asteraceae,"Brickellia cordifolia",75090,Elliot,Brickellia,cordifolia,,,,,,,,,,"Carter, R",,19498,2009-09-02,2009,9,2,245,,,,,,,,,,,,,,,,,,,"United States",Georgia,"Thomas County",,"Thomas County, GA",,,,,,,,,,,,,,,,,,,,,,,"2017-12-06 16:58:08",e4bb613f-7463-44c3-b9ee-2fda86aa18c8,258,urn:uuid:fdf3cde2-7152-4aa8-a790-15c0f752cd5d,http://sernecportal.org/portal/collections/individual/index.php?occid=9534836
9542142,GA,,,PreservedSpecimen,a9d06ddc-c91a-45f1-b613-329cca3ff329,GA074205,37720,Plantae,Magnoliophyta,,Asterales,Asteraceae,"Brickellia cordifolia",75090,Elliot,Brickellia,cordifolia,,,,,,,,,,"Thorne, R; Muenscher, W",,8100,1948-08-18,1948,8,18,231,,,,,,,,,,,,,,,,,,,"United States",Georgia,"Randolph County",,"Randolph County, GA",,,,,,,,,,,,,,,,,,,,,,,"2017-12-06 16:58:08",a9d06ddc-c91a-45f1-b613-329cca3ff329,258,urn:uuid:ec60a4fe-2583-4852-807e-c566e4bc09c5,http://sernecportal.org/portal/collections/individual/index.php?occid=9542142
9749157,VSC,,,PreservedSpecimen,af904e5e-0fe7-11e3-80ec-0050569e004a,VSC0060953,,Plantae,Magnoliophyta,,Asterales,Asteraceae,"Brickellia cordifolia",75090,Elliot,Brickellia,cordifolia,,,"Carter, R.",,,,,,,"W.W. Baker,Richard Carter",,,2009-09-02,2009,9,2,245,,,,,,,19498,,,,,,,,,,,,"United States",Georgia,"Thomas County",,,,,,,,,,,,,,,,,,,,,,,,,"2016-06-09 11:48:30",af904e5e-0fe7-11e3-80ec-0050569e004a,263,urn:uuid:ca1715e6-5938-4a36-b7ec-6a0d187ae978,http://sernecportal.org/portal/collections/individual/index.php?occid=9749157
9769630,VSC,,,PreservedSpecimen,af90517e-0fe7-11e3-80ec-0050569e004a,VSC0011668,,Plantae,Magnoliophyta,,Asterales,Asteraceae,"Brickellia cordifolia",75090,Elliot,Brickellia,cordifolia,,,,,,,,,,"John R. MacDonald",,,,1999,,,,,,,,,,13409,"field values redacted: eventDate, month, day, startDayOfYear",,,,,,,,,,,"United States",Alabama,"Houston County",,,,1,,,,,,,,,,,,,,,,,,,,,"2016-06-09 11:49:16",af90517e-0fe7-11e3-80ec-0050569e004a,263,urn:uuid:7f8d2a7f-bc15-4e6e-9adc-b7c503e15bad,http://sernecportal.org/portal/collections/individual/index.php?occid=9769630
9781058,VSC,,,PreservedSpecimen,af904fee-0fe7-11e3-80ec-0050569e004a,VSC0060954,,Plantae,Magnoliophyta,,Asterales,Asteraceae,"Brickellia cordifolia",75090,Elliot,Brickellia,cordifolia,,,"Carter, R.",,,,,,,"W.W. Baker,Richard Carter",,,2009-09-02,2009,9,2,245,,,,,,,19483,,,,,,,,,,,,"United States",Georgia,"Thomas County",,,,,,,,,,,,,,,,,,,,,,,,,"2016-06-09 11:48:30",af904fee-0fe7-11e3-80ec-0050569e004a,263,urn:uuid:b2ed1d8b-f841-42b9-9084-4871649c8a96,http://sernecportal.org/portal/collections/individual/index.php?occid=9781058
9786482,VSC,,,PreservedSpecimen,3d7f17b0-68bf-4912-91ba-952c7508c8f8,VSC0065794,,Plantae,Magnoliophyta,,Asterales,Asteraceae,"Brickellia cordifolia",75090,Elliot,Brickellia,cordifolia,,,"Carter, R.",,,,,,,"G. Nelson,W. Baker,Richard Carter",,,2006-09-17,2006,9,17,260,,,,"rolling upland, old field",,,17218,,,,,,,,,,,,U.S.A.,Georgia,Grady,,"Mistletoe Plantation, between Meridian Rd. and Ochlocknee River, ca. 0.3 airmile NNW of headquarters",,,,30.6909167,-84.25615,,,,,GPS,,,,,,,,,,,,,"2016-06-09 11:48:30",3d7f17b0-68bf-4912-91ba-952c7508c8f8,263,urn:uuid:03b58772-3307-4bf0-97d4-3681d283ca4f,http://sernecportal.org/portal/collections/individual/index.php?occid=9786482
9795466,VSC,,,PreservedSpecimen,af9cc698-0fe7-11e3-80ec-0050569e004a,VSC0060955,,Plantae,Magnoliophyta,,Asterales,Asteraceae,"Brickellia cordifolia",75090,Elliot,Brickellia,cordifolia,,,"Carter, R.",2012-11-30,,oops!,,,,"Richard Carter,W.W. Baker",,,2009-09-04,2009,9,4,247,,,,,,,19548,,,,,,,,,,,,"United States",Georgia,"Seminole County",,,,,,,,,,,,,,,,,,,,,,,,,"2016-06-09 11:48:30",af9cc698-0fe7-11e3-80ec-0050569e004a,263,urn:uuid:364b8c0b-0e2f-4c91-ac3e-51b29da938c2,http://sernecportal.org/portal/collections/individual/index.php?occid=9795466
9798218,VSC,,,PreservedSpecimen,af90530e-0fe7-11e3-80ec-0050569e004a,VSC0011669,,Plantae,Magnoliophyta,,Asterales,Asteraceae,"Brickellia cordifolia",75090,Elliot,Brickellia,cordifolia,,,,,,,,,,"Angus Gholson,Wilson Baker,R. K. Godfrey",,,,1988,,,,,,,,,,82876,"field values redacted: eventDate, month, day, startDayOfYear",,,,,,,,,,,"United States",Florida,"Jefferson County",,,,1,,,,,,,,,,,,,,,,,,,,,"2016-06-09 11:49:16",af90530e-0fe7-11e3-80ec-0050569e004a,263,urn:uuid:359648b8-a5a0-46ea-b213-e219896a7ea7,http://sernecportal.org/portal/collections/individual/index.php?occid=9798218
10615385,MO,,MOBOT,PreservedSpecimen,urn:catalog:MO:Tropicos:3427211,3427211,,Plantae,Magnoliophyta,,Asterales,Asteraceae,"Brickellia cordifolia",75090,Elliot,Brickellia,cordifolia,,,,,,,,,,"John R. MacDonald",,,,1999,,,,,,,,,,,"field values redacted: eventDate, month, day, startDayOfYear, verbatimEventDate, recordNumber, locality",,,,,,,,,,,"United States",Alabama,Henry,,,,1,,,,,,,,,,,,,,,,,,,,,"2009-08-24 06:18:00",urn:catalog:MO:Tropicos:3427211,157,urn:uuid:9ef3c723-fd5c-4f5e-b6ed-399e7d745322,http://sernecportal.org/portal/collections/individual/index.php?occid=10615385
10617742,MO,,MOBOT,PreservedSpecimen,urn:catalog:MO:Tropicos:3453210,3453210,,Plantae,Magnoliophyta,,Asterales,Asteraceae,"Brickellia cordifolia",75090,Elliot,Brickellia,cordifolia,,,,,,,,,,"John R. MacDonald",,,,1998,,,,,,,,,,,"field values redacted: eventDate, month, day, startDayOfYear, verbatimEventDate, recordNumber, locality",,,,,,,,,,,"United States",Alabama,Geneva,,,,1,,,,,,,,,,,,,,,,,,,,,"2012-09-17 17:18:00",urn:catalog:MO:Tropicos:3453210,157,urn:uuid:f8de485d-b6ad-4efd-86c9-5eba26e4b5c2,http://sernecportal.org/portal/collections/individual/index.php?occid=10617742
10859320,MO,,MOBOT,PreservedSpecimen,urn:catalog:MO:Tropicos:3427265,3427265,,Plantae,Magnoliophyta,,Asterales,Asteraceae,"Brickellia cordifolia",75090,Elliot,Brickellia,cordifolia,,,,,,,,,,"John R. MacDonald",,,,1999,,,,,,,,,,,"field values redacted: eventDate, month, day, startDayOfYear, verbatimEventDate, recordNumber, locality",,,,,,,,,,,"United States",Alabama,Houston,,,,1,,,,,,,,,,,,,,,,,,,,,"2012-09-17 17:18:00",urn:catalog:MO:Tropicos:3427265,157,urn:uuid:8f71e0fe-295a-4615-9f5e-6a69ed5c77ac,http://sernecportal.org/portal/collections/individual/index.php?occid=10859320
12685675,IBE,,,PreservedSpecimen,f4b9114e-367f-44c5-8217-f878014b58a9,IBE043752,,Plantae,Magnoliophyta,,Asterales,Asteraceae,"Brickellia cordifolia",75090,Elliot,Brickellia,cordifolia,,,,,,,,,,"John R. MacDonald",,,,1998,,,,,,"uncommon, on upper mesic slope",,,,,"field values redacted: eventDate, month, day, startDayOfYear, recordNumber, locality",,,,,,,,,,,"United States",Alabama,Geneva,,,,1,,,,,,,,,,,,,,,,,,,,lisawallace,"2017-02-06 10:21:01",,219,urn:uuid:f4b9114e-367f-44c5-8217-f878014b58a9,http://sernecportal.org/portal/collections/individual/index.php?occid=12685675
12685676,IBE,,,PreservedSpecimen,9ef0b039-30bd-42c0-94a0-84bc3e5a0409,IBE043753,,Plantae,Magnoliophyta,,Asterales,Asteraceae,"Brickellia cordifolia",75090,Elliot,Brickellia,cordifolia,,,,,,,,,,"John R. MacDonald",,,,1998,,,,,,"uncommon, on upper mesic slope",,,,,"field values redacted: eventDate, month, day, startDayOfYear, recordNumber, locality",,,,,,,,,,,"United States",Alabama,Geneva,,,,1,,,,,,,,,,,,,,,,,,,,lisawallace,"2017-02-06 10:20:36",,219,urn:uuid:9ef0b039-30bd-42c0-94a0-84bc3e5a0409,http://sernecportal.org/portal/collections/individual/index.php?occid=12685676
12685677,IBE,,,PreservedSpecimen,c33d8d5e-8968-4605-89dc-048c5de7a7b0,IBE043754,,Plantae,Magnoliophyta,,Asterales,Asteraceae,"Brickellia cordifolia",75090,Elliot,Brickellia,cordifolia,,,,,,,,,,"John R. MacDonald",,,,1998,,,,,,"rare; in woods having Sanicula smallii, Tiarella cordifolia, Matelea carolinensis, Solidago arguta, Smilax pumila, Prenanthes serpentaria, Carex striatula",,,,,"field values redacted: eventDate, month, day, startDayOfYear, recordNumber, locality",,,,,,,,,,,"United States",Alabama,Houston,,,,1,,,,,,,,,,,,,,,,,,,,lisawallace,"2017-02-06 10:23:13",,219,urn:uuid:c33d8d5e-8968-4605-89dc-048c5de7a7b0,http://sernecportal.org/portal/collections/individual/index.php?occid=12685677
12685678,IBE,,,PreservedSpecimen,4e2c9eaa-9b12-47d3-9f94-49a9ee2ce9b3,IBE043755,,Plantae,Magnoliophyta,,Asterales,Asteraceae,"Brickellia cordifolia",75090,Elliot,Brickellia,cordifolia,,,,,,,,,,"John R. MacDonald",,,,1994,,,,,,"rare at one site with about 6 seen and locally common at another sitewith 50-100 seen;",,,"fresh corollas light pink to almost white and turning darker purplish pink or burgandy pink upon aging; capillary bristles purple, bracts striate white and green except outermost ones; plants averaging ca. 2.5' tall with some reaching ca. 5' tall, flowers mildly sweet fragrant",,"field values redacted: eventDate, month, day, startDayOfYear, recordNumber, locality, habitat",,,,,,,,,,,"United States",Alabama,Houston,Dothan,,,1,,,,,,,,,,,,,,,,,,,,lisawallace,"2017-02-06 10:27:29",,219,urn:uuid:4e2c9eaa-9b12-47d3-9f94-49a9ee2ce9b3,http://sernecportal.org/portal/collections/individual/index.php?occid=12685678
12685679,IBE,,,PreservedSpecimen,d80a1c5c-b69d-4759-a059-704418150f07,IBE043756,,Plantae,Magnoliophyta,,Asterales,Asteraceae,"Brickellia cordifolia",75090,Elliot,Brickellia,cordifolia,,,,,,,,,,"John R. MacDonald",,,,1994,,,,,,"rare at one site with about 6 seen and locally common at another sitewith 50-100 seen;",,,"fresh corollas light pink to almost white and turning darker purplish pink or burgandy pink upon aging; capillary bristles purple, bracts striate white and green except outermost ones; plants averaging ca. 2.5' tall with some reaching ca. 5' tall, flowers mildly sweet fragrant",,"field values redacted: eventDate, month, day, startDayOfYear, recordNumber, locality, habitat",,,,,,,,,,,"United States",Alabama,Houston,,,,1,,,,,,,,,,,,,,,,,,,,lisawallace,"2017-02-06 10:32:28",,219,urn:uuid:d80a1c5c-b69d-4759-a059-704418150f07,http://sernecportal.org/portal/collections/individual/index.php?occid=12685679
12685680,IBE,,,PreservedSpecimen,6c94ffb1-0195-4052-bed1-79a2fbf6fbba,IBE043757,,Plantae,Magnoliophyta,,Asterales,Asteraceae,"Brickellia cordifolia",75090,Elliot,Brickellia,cordifolia,,,,,,,,,,"John R. MacDonald",,,,,,,,,,"rare at one site with about 6 seen and locally common at another sitewith 50-100 seen;",,,"fresh corollas light pink to almost white and turning darker purplish pink or burgandy pink upon aging; capillary bristles purple, bracts striate white and green except outermost ones; plants averaging ca. 2.5' tall with some reaching ca. 5' tall, flowers mildly sweet fragrant",,"field values redacted: eventDate, recordNumber, locality, habitat",,,,,,,,,,,"United States",Alabama,Houston,,,,1,,,,,,,,,,,,,,,,,,,,lisawallace,"2017-02-06 10:32:28",,219,urn:uuid:6c94ffb1-0195-4052-bed1-79a2fbf6fbba,http://sernecportal.org/portal/collections/individual/index.php?occid=12685680
12685681,IBE,,,PreservedSpecimen,ef55e7a6-914b-429c-a752-08c4fe87fe0b,IBE043758,,Plantae,Magnoliophyta,,Asterales,Asteraceae,"Brickellia cordifolia",75090,Elliot,Brickellia,cordifolia,,,,,,,,,,"John R. MacDonald",,,,,,,,,,"rare at one site with about 6 seen and locally common at another sitewith 50-100 seen;",,,"fresh corollas light pink to almost white and turning darker purplish pink or burgandy pink upon aging; capillary bristles purple, bracts striate white and green except outermost ones; plants averaging ca. 2.5' tall with some reaching ca. 5' tall, flowers mildly sweet fragrant",,"field values redacted: eventDate, recordNumber, locality, habitat",,,,,,,,,,,"United States",Alabama,Houston,,,,1,,,,,,,,,,,,,,,,,,,,lisawallace,"2017-02-06 10:32:28",,219,urn:uuid:ef55e7a6-914b-429c-a752-08c4fe87fe0b,http://sernecportal.org/portal/collections/individual/index.php?occid=12685681
12685682,IBE,,,PreservedSpecimen,9db0f126-ed59-4ee7-9cc4-76c442595449,IBE043759,,Plantae,Magnoliophyta,,Asterales,Asteraceae,"Brickellia cordifolia",75090,Elliot,Brickellia,cordifolia,,,,,,,,,,"John R. MacDonald",,,,,,,,,,"rare at one site with about 6 seen and locally common at another sitewith 50-100 seen;",,,"fresh corollas light pink to almost white and turning darker purplish pink or burgandy pink upon aging; capillary bristles purple, bracts striate white and green except outermost ones; plants averaging ca. 2.5' tall with some reaching ca. 5' tall, flowers mildly sweet fragrant",,"field values redacted: eventDate, recordNumber, locality, habitat",,,,,,,,,,,"United States",Alabama,Houston,,,,1,,,,,,,,,,,,,,,,,,,,lisawallace,"2017-02-06 13:37:44",,219,urn:uuid:9db0f126-ed59-4ee7-9cc4-76c442595449,http://sernecportal.org/portal/collections/individual/index.php?occid=12685682
12786843,TROY,,,PreservedSpecimen,TROY000001606,TROY000001606,,Plantae,Magnoliophyta,,Asterales,ASTERACEAE,"Brickellia cordifolia",75090,Elliot,Brickellia,cordifolia,,,,,,,,,,"Alvin R. Diamond",,,,2002,,,,,,,,,,,"field values redacted: eventDate, month, day, startDayOfYear, verbatimEventDate, recordNumber, locality, minimumElevationInMeters, verbatimElevation, decimalLatitude, decimalLongitude, habitat",,,,Bud,,,,,,,"United States",Alabama,Bullock,,,"Sehoy Plantation",1,,,,,,,,,,,,,,,,,,,,,"2017-01-17 10:49:42",TROY000001606,322,urn:uuid:b883f3e1-576f-4820-b6f5-637788b6c422,http://sernecportal.org/portal/collections/individual/index.php?occid=12786843
12786844,TROY,,,PreservedSpecimen,TROY000001607,TROY000001607,,Plantae,Magnoliophyta,,Asterales,ASTERACEAE,"Brickellia cordifolia",75090,Elliot,Brickellia,cordifolia,,,,,,,,,,"Alvin R. Diamond",,,,2002,,,,,,,,,,,"field values redacted: eventDate, month, day, startDayOfYear, verbatimEventDate, recordNumber, locality, minimumElevationInMeters, verbatimElevation, decimalLatitude, decimalLongitude, habitat",,,,Flower,,,,,,,"United States",Alabama,Crenshaw,,,,1,,,,,,,,,,,,,,,,,,,,,"2017-01-17 10:49:42",TROY000001607,322,urn:uuid:29bc7558-3542-4271-bac3-7f1aaa2cbb6c,http://sernecportal.org/portal/collections/individual/index.php?occid=12786844
12786845,TROY,,,PreservedSpecimen,TROY000001608,TROY000001608,,Plantae,Magnoliophyta,,Asterales,ASTERACEAE,"Brickellia cordifolia",75090,Elliot,Brickellia,cordifolia,,,,,,,,,,"Alvin R. Diamond",,,,1997,,,,,,,,,,,"field values redacted: eventDate, month, day, startDayOfYear, verbatimEventDate, recordNumber, locality, minimumElevationInMeters, verbatimElevation, decimalLatitude, decimalLongitude, habitat",,,,Flower,,,,,,,"United States",Alabama,Crenshaw,,,,1,,,,,,,,,,,,,,,,,,,,,"2017-01-17 10:49:42",TROY000001608,322,urn:uuid:966023f8-0d72-48a8-b9bf-354f953957c0,http://sernecportal.org/portal/collections/individual/index.php?occid=12786845
12786846,TROY,,,PreservedSpecimen,TROY000001609,TROY000001609,,Plantae,Magnoliophyta,,Asterales,ASTERACEAE,"Brickellia cordifolia",75090,Elliot,Brickellia,cordifolia,,,,,,,,,,"Alfred Schotz",,,,2005,,,,,,,,,,,"field values redacted: eventDate, month, day, startDayOfYear, verbatimEventDate, recordNumber, locality, habitat",,,,Flower,,,,,,,"United States",Alabama,Houston,,,,1,,,,,,,,,,,,,,,,,,,,,"2017-01-17 10:49:42",TROY000001609,322,urn:uuid:eb4c19e5-f5ab-42b2-804e-e58ca19e1578,http://sernecportal.org/portal/collections/individual/index.php?occid=12786846
12786847,TROY,,,PreservedSpecimen,TROY000001610,TROY000001610,,Plantae,Magnoliophyta,,Asterales,ASTERACEAE,"Brickellia cordifolia",75090,Elliot,Brickellia,cordifolia,,,,,,,,,,"John R. MacDonald",,,,1994,,,,,,,,,,,"field values redacted: eventDate, month, day, startDayOfYear, verbatimEventDate, recordNumber, locality, habitat",,,,Flower,,,,,,,"United States",Alabama,Houston,,,,1,,,,,,,,,,,,,,,,,,,,,"2017-01-17 10:49:42",TROY000001610,322,urn:uuid:715eb26b-10d9-4f98-b25b-5ce3402e1157,http://sernecportal.org/portal/collections/individual/index.php?occid=12786847
12786848,TROY,,,PreservedSpecimen,TROY000001611,TROY000001611,,Plantae,Magnoliophyta,,Asterales,ASTERACEAE,"Brickellia cordifolia",75090,Elliot,Brickellia,cordifolia,,,,,,,,,,"Alvin R. Diamond",,,,1996,,,,,,,,,,,"field values redacted: eventDate, month, day, startDayOfYear, verbatimEventDate, recordNumber, locality, minimumElevationInMeters, verbatimElevation, decimalLatitude, decimalLongitude, habitat",,,,Flower,,,,,,,"United States",Alabama,Pike,,,,1,,,,,,,,,,,,,,,,,,,,,"2017-01-17 10:49:42",TROY000001611,322,urn:uuid:f9f91fb7-20d1-4303-a761-7687d37a20cb,http://sernecportal.org/portal/collections/individual/index.php?occid=12786848
12786849,TROY,,,PreservedSpecimen,TROY000001612,TROY000001612,,Plantae,Magnoliophyta,,Asterales,ASTERACEAE,"Brickellia cordifolia",75090,Elliot,Brickellia,cordifolia,,,,,,,,,,"Alfred Schotz",,,,2004,,,,,,,,,,,"field values redacted: eventDate, month, day, startDayOfYear, verbatimEventDate, recordNumber, locality, minimumElevationInMeters, verbatimElevation, decimalLatitude, decimalLongitude, habitat",,,,Flower,,,,,,,"United States",Alabama,Russell,,,,1,,,,,,,,,,,,,,,,,,,,,"2017-01-17 10:49:42",TROY000001612,322,urn:uuid:a1c59854-ff2b-4e92-9cf2-032abd20c901,http://sernecportal.org/portal/collections/individual/index.php?occid=12786849
12799670,TROY,,,PreservedSpecimen,TROY000014668,TROY000014668,,Plantae,Magnoliophyta,,Asterales,ASTERACEAE,"Brickellia cordifolia",75090,Elliot,Brickellia,cordifolia,,,,,,,,,,"Alvin R. Diamond",,,,2008,,,,,,,,,,,"field values redacted: eventDate, month, day, startDayOfYear, verbatimEventDate, recordNumber, locality, minimumElevationInMeters, verbatimElevation, decimalLatitude, decimalLongitude, habitat",,,,Flower,,,,,,,"United States",Alabama,Crenshaw,,,,1,,,,,,,,,,,,,,,,,,,,,"2017-01-17 10:49:42",TROY000014668,322,urn:uuid:ebb384f8-f9cd-4769-acb9-695a3f93eec0,http://sernecportal.org/portal/collections/individual/index.php?occid=12799670
12816746,TROY,,,PreservedSpecimen,TROY000032324,TROY000032324,,Plantae,Magnoliophyta,,Asterales,ASTERACEAE,"Brickellia cordifolia",75090,Elliot,Brickellia,cordifolia,,,,,,,,,,"Terry Wayne Barger",,,,2008,,,,,,,,,,,"field values redacted: eventDate, month, day, startDayOfYear, verbatimEventDate, recordNumber, locality, minimumElevationInMeters, verbatimElevation, decimalLatitude, decimalLongitude, habitat",,,,Flower,,,,,,,"United States",Alabama,Lee,,,,1,,,,,,,,,,,,,,,,,,,,,"2017-01-17 10:49:42",TROY000032324,322,urn:uuid:76a16995-4794-4cf5-96b1-9efd3eef1e96,http://sernecportal.org/portal/collections/individual/index.php?occid=12816746
12817198,TROY,,,PreservedSpecimen,TROY000032779,TROY000032779,,Plantae,Magnoliophyta,,Asterales,ASTERACEAE,"Brickellia cordifolia",75090,Elliot,Brickellia,cordifolia,,,,,,,,,,"Alvin R. Diamond",,,,2011,,,,,,,,,,,"field values redacted: eventDate, month, day, startDayOfYear, verbatimEventDate, recordNumber, locality, minimumElevationInMeters, verbatimElevation, decimalLatitude, decimalLongitude, habitat",,,,Flower,,,,,,,"United States",Alabama,Bulter,,,,1,,,,,,,,,,,,,,,,,,,,,"2017-01-17 10:49:42",TROY000032779,322,urn:uuid:3672727b-fc82-46b5-8bbb-38f854d21fcf,http://sernecportal.org/portal/collections/individual/index.php?occid=12817198
12819625,TROY,,,PreservedSpecimen,TROY000035259,TROY000035259,,Plantae,Magnoliophyta,,Asterales,ASTERACEAE,"Brickellia cordifolia",75090,Elliot,Brickellia,cordifolia,,,,,,,,,,"Bailee Dykes","Alvin R. Diamond",,,2012,,,,,,,,,,,"field values redacted: eventDate, month, day, startDayOfYear, verbatimEventDate, recordNumber, locality, minimumElevationInMeters, verbatimElevation, decimalLatitude, decimalLongitude, habitat",,,,Fruit,,,,,,,"United States",Alabama,Bullock,,,,1,,,,,,,,,,,,,,,,,,,,,"2017-01-17 10:49:42",TROY000035259,322,urn:uuid:25e5bd1f-df27-42bc-b5e5-75c41feb1786,http://sernecportal.org/portal/collections/individual/index.php?occid=12819625
12819990,TROY,,,PreservedSpecimen,TROY000035638,TROY000035638,,Plantae,Magnoliophyta,,Asterales,ASTERACEAE,"Brickellia cordifolia",75090,Elliot,Brickellia,cordifolia,,,,,,,,,,"Alvin R. Diamond",,,,2012,,,,,,,,,,,"field values redacted: eventDate, month, day, startDayOfYear, verbatimEventDate, recordNumber, locality, minimumElevationInMeters, verbatimElevation, decimalLatitude, decimalLongitude, habitat",,,,Flower,,,,,,,"United States",Alabama,Bulter,,,,1,,,,,,,,,,,,,,,,,,,,,"2017-01-17 10:49:42",TROY000035638,322,urn:uuid:794f118a-215a-449a-b636-aa8cf53e1d61,http://sernecportal.org/portal/collections/individual/index.php?occid=12819990
12825553,TROY,,,PreservedSpecimen,TROY000042854,TROY000042854,,Plantae,Magnoliophyta,,Asterales,ASTERACEAE,"Brickellia cordifolia",75090,Elliot,Brickellia,cordifolia,,,,,,,,,,"Alvin R. Diamond",,,,2015,,,,,,,,,,,"field values redacted: eventDate, month, day, startDayOfYear, verbatimEventDate, recordNumber, locality, minimumElevationInMeters, verbatimElevation, decimalLatitude, decimalLongitude, habitat",,,,Flower,,,,,,,"United States",Alabama,Conecuh,,,,1,,,,,,,,,,,,,,,,,,,,,"2017-01-17 10:49:42",TROY000042854,322,urn:uuid:ef259b1f-08b6-4db4-a5f2-2e435b9467b2,http://sernecportal.org/portal/collections/individual/index.php?occid=12825553
13178480,GEO,"Thorne Flora",,PreservedSpecimen,f996ffa2-f2fe-46d6-b68b-28da56223dac,7442,,Plantae,Magnoliophyta,,Asterales,Asteraceae,"Brickellia cordifolia",75090,Elliot,Brickellia,cordifolia,,,,,,,"native to Florida, Alabama and Georgia; endangered in Florida",,,"Robert F. Thorne",,6115,1947-08-18,1947,8,18,230,,,,"Dry woods along south side of Colomokee Creek, 8 miles South of Fort Gaines.",,,,,,,,,,,,,,,"United States of America",Georgia,"Clay County",,"Colomokee Creek, 8 miles south of Fort Gaines",,,,,,,,,,,,,,,,,,,,,,,"2017-12-23 09:03:29",f996ffa2-f2fe-46d6-b68b-28da56223dac,279,urn:uuid:b460b072-7a30-4e61-9859-be47e56204dd,http://sernecportal.org/portal/collections/individual/index.php?occid=13178480
13179031,GEO,"Thorne Flora",,PreservedSpecimen,5717c12c-7e87-4605-b8b7-03e63e51b0dc,7441,,Plantae,Magnoliophyta,,Asterales,Asteraceae,"Brickellia cordifolia",75090,Elliot,Brickellia,cordifolia,,,,,,,"native to Florida, Alabama and Georgia; endangered in Florida",,,"Robert F. Thorne; W. C. Muenscher",,8527,1948-08-24,1948,8,24,237,,,,"Rich woods, Kolomoki Indian Mounds State Ark, north of Blakely.",,,,,,,,,,,,,,,"United States of America",Georgia,"Early County",,"Kolomoki mounds",,,,31.469473,-84.939144,,,,,,,,,,,,,,,,,,"2017-12-23 09:03:29",5717c12c-7e87-4605-b8b7-03e63e51b0dc,279,urn:uuid:a70f8b06-ff44-45fd-9015-36be7bde082e,http://sernecportal.org/portal/collections/individual/index.php?occid=13179031
14668849,NY,,,PreservedSpecimen,02a9f3d2-f90b-468f-ad5e-f3d5e61c2073,2079300,,Plantae,Magnoliophyta,,Asterales,Asteraceae,"Brickellia cordifolia",75090,Elliot,Brickellia,cordifolia,,,,,,,,,,,,,,,,,,,,,,,,,,,,,,,,,,,,,,,,,,,,,,,,,,,,,,,,,,,,,en,,"2016-10-19 00:00:00",02a9f3d2-f90b-468f-ad5e-f3d5e61c2073,40,urn:uuid:4c16ae75-82f6-498d-95d7-3684ae0645c3,http://sernecportal.org/portal/collections/individual/index.php?occid=14668849
14669568,NY,,,PreservedSpecimen,02f18138-0dcb-4577-a3ff-9c333068ea61,2028347,,Plantae,Magnoliophyta,,Asterales,Asteraceae,"Brickellia cordifolia",75090,Elliot,Brickellia,cordifolia,,,,,,,,,,"F. I. X. Rugel",,,,1843,,0,,,,,,,,,"field values redacted: eventDate, month, verbatimEventDate, recordNumber, locality",,,,,,,,,,sheet,"United States of America",Florida,,,,,1,,,,,,,,,,,,,,,,,,,en,,"2016-10-19 00:00:00",02f18138-0dcb-4577-a3ff-9c333068ea61,40,urn:uuid:c5040b12-dba8-408f-8942-a62addc993c6,http://sernecportal.org/portal/collections/individual/index.php?occid=14669568
14686892,NY,,,PreservedSpecimen,09f98293-5281-4f8c-bff4-df6aba13bf9c,2028358,,Plantae,Magnoliophyta,,Asterales,Asteraceae,"Brickellia cordifolia",75090,Elliot,Brickellia,cordifolia,,,,,,,,,,,,,,,,,,,,,,,,,,,,,,,,,,,,,,,,,,,,,,,,,,,,,,,,,,,,,en,,"2016-10-19 00:00:00",09f98293-5281-4f8c-bff4-df6aba13bf9c,40,urn:uuid:f78a2cc3-7559-4a15-827a-42c6c8659f9d,http://sernecportal.org/portal/collections/individual/index.php?occid=14686892
14756753,NY,,,PreservedSpecimen,2653052a-fe53-4f1c-ae85-8fbf903f0ea8,2028359,,Plantae,Magnoliophyta,,Asterales,Asteraceae,"Brickellia cordifolia",75090,Elliot,Brickellia,cordifolia,,,,,,,,,,,,,,,,,,,,,,,,,,,,,,,,,,,,,,,,,,,,,,,,,,,,,,,,,,,,,en,,"2016-10-19 00:00:00",2653052a-fe53-4f1c-ae85-8fbf903f0ea8,40,urn:uuid:1913ce33-c9b6-411b-afa1-2be8081a7bdb,http://sernecportal.org/portal/collections/individual/index.php?occid=14756753
14759963,NY,,,PreservedSpecimen,279c5cdc-6664-478f-b90f-95a0e43d1508,2028343,,Plantae,Magnoliophyta,,Asterales,Asteraceae,"Brickellia cordifolia",75090,Elliot,Brickellia,cordifolia,,,,,,,,,,,,,,,,,,,,,,,,,,,,,,,,,,,,,,,,,,,,,,,,,,,,,,,,,,,,,en,,"2016-10-19 00:00:00",279c5cdc-6664-478f-b90f-95a0e43d1508,40,urn:uuid:4ed27674-f687-4b11-a9a8-cb8b106e1120,http://sernecportal.org/portal/collections/individual/index.php?occid=14759963
14773793,NY,,,PreservedSpecimen,2d3d2fb4-5789-430d-a82d-8ca784809d2c,2028357,,Plantae,Magnoliophyta,,Asterales,Asteraceae,"Brickellia cordifolia",75090,Elliot,Brickellia,cordifolia,,,,,,,,,,,,,,,,,,,,,,,,,,,,,,,,,,,,,,,,,,,,,,,,,,,,,,,,,,,,,en,,"2016-10-19 00:00:00",2d3d2fb4-5789-430d-a82d-8ca784809d2c,40,urn:uuid:ddab029e-682f-4d84-8547-1fe85e1434cd,http://sernecportal.org/portal/collections/individual/index.php?occid=14773793
14961040,NY,,,PreservedSpecimen,78f77f13-ec4f-42c4-80c8-c9919e33836d,2028352,,Plantae,Magnoliophyta,,Asterales,Asteraceae,"Brickellia cordifolia",75090,Elliot,Brickellia,cordifolia,,,,,,,,,,,,,,,,,,,,,,,,,,,,,,,,,,,,,,,,,,,,,,,,,,,,,,,,,,,,,en,,"2016-10-19 00:00:00",78f77f13-ec4f-42c4-80c8-c9919e33836d,40,urn:uuid:f28d5e50-f610-4717-b7b2-c3958a500979,http://sernecportal.org/portal/collections/individual/index.php?occid=14961040
15071258,NY,,,PreservedSpecimen,a594cf33-9049-411e-903b-e0ee1ab67f01,2028345,,Plantae,Magnoliophyta,,Asterales,Asteraceae,"Brickellia cordifolia",75090,Elliot,Brickellia,cordifolia,,,,,,,,,,,,,,,,,,,,,,,,,,,,,,,,,,,,,,,,,,,,,,,,,,,,,,,,,,,,,en,,"2016-10-19 00:00:00",a594cf33-9049-411e-903b-e0ee1ab67f01,40,urn:uuid:62202c5a-db1b-4f08-b534-83ced3153603,http://sernecportal.org/portal/collections/individual/index.php?occid=15071258
15075576,NY,,,PreservedSpecimen,a7585e6c-40dc-4306-9489-4c3c79615b05,2028344,,Plantae,Magnoliophyta,,Asterales,Asteraceae,"Brickellia cordifolia",75090,Elliot,Brickellia,cordifolia,,,,,,,,,,,,,,,,,,,,,,,,,,,,,,,,,,,,,,,,,,,,,,,,,,,,,,,,,,,,,en,,"2016-10-19 00:00:00",a7585e6c-40dc-4306-9489-4c3c79615b05,40,urn:uuid:27bf96a6-bd64-4be3-b849-b437dd823b91,http://sernecportal.org/portal/collections/individual/index.php?occid=15075576
15076386,NY,,,PreservedSpecimen,a7ae56ad-725f-4119-97fa-b07c0f8d17c4,2028350,,Plantae,Magnoliophyta,,Asterales,Asteraceae,"Brickellia cordifolia",75090,Elliot,Brickellia,cordifolia,,,,,,,,,,,,,,,,,,,,,,,,,,,,,,,,,,,,,,,,,,,,,,,,,,,,,,,,,,,,,en,,"2016-10-19 00:00:00",a7ae56ad-725f-4119-97fa-b07c0f8d17c4,40,urn:uuid:45e8bbf0-1cc5-48b4-8140-d8cd6833e879,http://sernecportal.org/portal/collections/individual/index.php?occid=15076386
15118316,NY,,,PreservedSpecimen,b8b036a8-c883-40ef-ae4d-981b60c1565b,2028353,,Plantae,Magnoliophyta,,Asterales,Asteraceae,"Brickellia cordifolia",75090,Elliot,Brickellia,cordifolia,,,,,,,,,,,,,,,,,,,,,,,,,,,,,,,,,,,,,,,,,,,,,,,,,,,,,,,,,,,,,en,,"2016-10-19 00:00:00",b8b036a8-c883-40ef-ae4d-981b60c1565b,40,urn:uuid:688c6f49-3f9f-4e87-a032-7517eb605ef2,http://sernecportal.org/portal/collections/individual/index.php?occid=15118316
15134445,NY,,,PreservedSpecimen,bf242888-f2a0-478a-98e9-702b3509f525,2028342,,Plantae,Magnoliophyta,,Asterales,Asteraceae,"Brickellia cordifolia",75090,Elliot,Brickellia,cordifolia,,,,,,,,,,,,,,,,,,,,,,,,,,,,,,,,,,,,,,,,,,,,,,,,,,,,,,,,,,,,,en,,"2016-10-19 00:00:00",bf242888-f2a0-478a-98e9-702b3509f525,40,urn:uuid:bff08a54-9b66-4964-b57b-040971057ed8,http://sernecportal.org/portal/collections/individual/index.php?occid=15134445
15144233,NY,,,PreservedSpecimen,c30e4694-18f1-4d2d-9a5e-cbbbd274f3b9,2028360,,Plantae,Magnoliophyta,,Asterales,Asteraceae,"Brickellia cordifolia",75090,Elliot,Brickellia,cordifolia,,,,,,,,,,,,,,,,,,,,,,,,,,,,,,,,,,,,,,,,,,,,,,,,,,,,,,,,,,,,,en,,"2016-10-19 00:00:00",c30e4694-18f1-4d2d-9a5e-cbbbd274f3b9,40,urn:uuid:10225641-f8b6-401e-8104-e10cff5acafe,http://sernecportal.org/portal/collections/individual/index.php?occid=15144233
15146074,NY,,,PreservedSpecimen,c3c40ec1-48a8-4cb3-89ee-38b31929fde1,2028351,,Plantae,Magnoliophyta,,Asterales,Asteraceae,"Brickellia cordifolia",75090,Elliot,Brickellia,cordifolia,,,,,,,,,,,,,,,,,,,,,,,,,,,,,,,,,,,,,,,,,,,,,,,,,,,,,,,,,,,,,en,,"2016-10-19 00:00:00",c3c40ec1-48a8-4cb3-89ee-38b31929fde1,40,urn:uuid:e0912475-7006-49f6-90a7-0fe5d8d14d8c,http://sernecportal.org/portal/collections/individual/index.php?occid=15146074
15147172,NY,,,PreservedSpecimen,c4383e44-c5e6-4b36-b020-49ae29f98819,2028355,,Plantae,Magnoliophyta,,Asterales,Asteraceae,"Brickellia cordifolia",75090,Elliot,Brickellia,cordifolia,,,,,,,,,,,,,,,,,,,,,,,,,,,,,,,,,,,,,,,,,,,,,,,,,,,,,,,,,,,,,en,,"2016-10-19 00:00:00",c4383e44-c5e6-4b36-b020-49ae29f98819,40,urn:uuid:ab62fcc1-e574-4adf-9854-fb3c4726cc75,http://sernecportal.org/portal/collections/individual/index.php?occid=15147172
15170815,NY,,,PreservedSpecimen,cdba1752-69d8-47ed-a1f0-a1acad63c3a5,2028349,,Plantae,Magnoliophyta,,Asterales,Asteraceae,"Brickellia cordifolia",75090,Elliot,Brickellia,cordifolia,,,,,,,,,,"A. W. Chapman",,,,1836,0,0,,,,"[The collector's name is inferred to be A. W. Chapman from the label data.]",,,,,"field values redacted: eventDate, verbatimEventDate, recordNumber, decimalLatitude, decimalLongitude, coordinateUncertaintyInMeters, georeferenceProtocol, georeferenceSources",,,,,,,,,,sheet,"United States of America",Florida,"Gadsden Co.",Quincy,,,1,,,,,,,,,,,,,,,,,,,en,,"2017-01-31 00:00:00",cdba1752-69d8-47ed-a1f0-a1acad63c3a5,40,urn:uuid:2934a2d6-0b72-461d-a3e6-b30fb43ec48b,http://sernecportal.org/portal/collections/individual/index.php?occid=15170815
15171587,NY,,,PreservedSpecimen,ce0f8c08-3706-47dd-b696-ee59fee3e380,2028356,,Plantae,Magnoliophyta,,Asterales,Asteraceae,"Brickellia cordifolia",75090,Elliot,Brickellia,cordifolia,,,,,,,,,,,,,,,,,,,,,,,,,,,,,,,,,,,,,,,,,,,,,,,,,,,,,,,,,,,,,en,,"2016-10-19 00:00:00",ce0f8c08-3706-47dd-b696-ee59fee3e380,40,urn:uuid:d9fe82e7-95e6-4139-ba40-3543ce5e935f,http://sernecportal.org/portal/collections/individual/index.php?occid=15171587
15171724,NY,,,PreservedSpecimen,ce1c58b7-5d2c-44c1-9f06-f7e92a828157,2028354,,Plantae,Magnoliophyta,,Asterales,Asteraceae,"Brickellia cordifolia",75090,Elliot,Brickellia,cordifolia,,,,,,,,,,,,,,,,,,,,,,,,,,,,,,,,,,,,,,,,,,,,,,,,,,,,,,,,,,,,,en,,"2016-10-19 00:00:00",ce1c58b7-5d2c-44c1-9f06-f7e92a828157,40,urn:uuid:7af7d6ac-6e65-49ea-b11b-5dc99f0b0d6e,http://sernecportal.org/portal/collections/individual/index.php?occid=15171724
15180848,NY,,,PreservedSpecimen,d1c8dcf9-8ec1-46a5-a8ba-337652f1a3da,2028341,,Plantae,Magnoliophyta,,Asterales,Asteraceae,"Brickellia cordifolia",75090,Elliot,Brickellia,cordifolia,,,,,,,,,,,,,,,,,,,,,,,,,,,,,,,,,,,,,,,,,,,,,,,,,,,,,,,,,,,,,en,,"2016-10-19 00:00:00",d1c8dcf9-8ec1-46a5-a8ba-337652f1a3da,40,urn:uuid:80e68b73-96b7-46a0-917e-6f922ea55bc5,http://sernecportal.org/portal/collections/individual/index.php?occid=15180848
15236349,NY,,,PreservedSpecimen,e8315bfb-25a1-40be-a1f8-8ac6aa7bf098,2028348,,Plantae,Magnoliophyta,,Asterales,Asteraceae,"Brickellia cordifolia",75090,Elliot,Brickellia,cordifolia,,,,,,,,,,"A. W. Chapman",,,,,,,,,,,,,,,"field values redacted: verbatimEventDate, recordNumber, locality",,,,,,,,,,sheet,"United States of America",Florida,,,,,1,,,,,,,,,,,,,,,,,,,en,,"2016-10-19 00:00:00",e8315bfb-25a1-40be-a1f8-8ac6aa7bf098,40,urn:uuid:31fcd60c-e4bb-45ae-b0ff-a5d39170dd4f,http://sernecportal.org/portal/collections/individual/index.php?occid=15236349
15239289,NY,,,PreservedSpecimen,e95f652f-9eed-4a0e-9c80-d732e67d2aaf,2028346,,Plantae,Magnoliophyta,,Asterales,Asteraceae,"Brickellia cordifolia",75090,Elliot,Brickellia,cordifolia,,,,,,,,,,,,,,,,,,,,,,,,,,,,,,,,,,,,,,,,,,,,,,,,,,,,,,,,,,,,,en,,"2016-10-19 00:00:00",e95f652f-9eed-4a0e-9c80-d732e67d2aaf,40,urn:uuid:153cbe9a-7f36-42e5-b06e-8b4c4451297a,http://sernecportal.org/portal/collections/individual/index.php?occid=15239289
15819456,MISS,,,PreservedSpecimen,f79262b0-d19d-426c-b344-88237df0cf71,MISS0073276,81144,Plantae,Magnoliophyta,,Asterales,Asteraceae,"Brickellia cordifolia",75090,Elliot,Brickellia,cordifolia,,,,,,,"Flyr's nemesis",,,"John R. MacDonald",,,,1999,,,,,,"Local colony of 100 or more plants",,,,,"field values redacted: eventDate, month, day, startDayOfYear, verbatimEventDate, recordNumber, locality, habitat",,,"Brickellia cordifolia, Clematis catesbyana",,,,,,,,USA,Alabama,Houston,,,,1,,,,,,,,,,,,,,,,,,,,amberhorning,"2017-09-18 14:34:28",,220,urn:uuid:f79262b0-d19d-426c-b344-88237df0cf71,http://sernecportal.org/portal/collections/individual/index.php?occid=15819456
15819754,MISS,,,PreservedSpecimen,37c515b4-0ee6-4b2b-a194-3a339047b2ea,MISS0073566,81429,Plantae,Magnoliophyta,,Asterales,Asteraceae,"Brickellia cordifolia",75090,Elliot,Brickellia,cordifolia,,,,,,,"Flyr's nemesis",,,"John R. MacDonald",,,,1999,,,,,,"Local colony of 100 or more plants",,,,,"field values redacted: eventDate, month, day, startDayOfYear, verbatimEventDate, recordNumber, locality, habitat",,,"Brickellia cordifolia, Clematis catesbyana",,,,,,,,USA,Alabama,Houston,,,,1,,,,,,,,,,,,,,,,,,,,amberhorning,"2017-09-28 06:06:25",,220,urn:uuid:37c515b4-0ee6-4b2b-a194-3a339047b2ea,http://sernecportal.org/portal/collections/individual/index.php?occid=15819754
15874306,TENN,,,PreservedSpecimen,1a1456c3-bb92-4dc2-ad52-0dd948b22cf7,TENN-V-0213474,,Plantae,Magnoliophyta,,Asterales,Asteraceae,"Brickellia cordifolia",75090,Elliot,Brickellia,cordifolia,,,,,,,,,,,,,,,,,,,,,,,,,,,,,,,,,,,,"United States",Alabama,Henry,,,,1,,,,,,,,,,,,,,,,,,,en,rfuller1432,"2017-09-28 06:06:25",,312,urn:uuid:1a1456c3-bb92-4dc2-ad52-0dd948b22cf7,http://sernecportal.org/portal/collections/individual/index.php?occid=15874306
15874307,TENN,,,PreservedSpecimen,beffed1d-4f75-4b54-8b62-40b65ea738b6,TENN-V-0213475,,Plantae,Magnoliophyta,,Asterales,Asteraceae,"Brickellia cordifolia",75090,Elliot,Brickellia,cordifolia,,,,,,,,,,,,,,,,,,,,,,,,,,,,,,,,,,,,"United States",Alabama,Houston,,,,1,,,,,,,,,,,,,,,,,,,en,rfuller1432,"2017-09-28 06:06:25",,312,urn:uuid:beffed1d-4f75-4b54-8b62-40b65ea738b6,http://sernecportal.org/portal/collections/individual/index.php?occid=15874307
15874308,TENN,,,PreservedSpecimen,63a57ebb-8887-429c-9e3d-b2b1530cba9b,TENN-V-0213476,,Plantae,Magnoliophyta,,Asterales,Asteraceae,"Brickellia cordifolia",75090,Elliot,Brickellia,cordifolia,,,,,,,,,,,,,,,,,,,,,,,,,,,,,,,,,,,,"United States",Alabama,Lee,,,,1,,,,,,,,,,,,,,,,,,,en,rfuller1432,"2017-09-28 06:06:25",,312,urn:uuid:63a57ebb-8887-429c-9e3d-b2b1530cba9b,http://sernecportal.org/portal/collections/individual/index.php?occid=15874308
15874309,TENN,,,PreservedSpecimen,a1d743d7-2fe3-4202-8df9-74032d9e6e17,TENN-V-0213477,,Plantae,Magnoliophyta,,Asterales,Asteraceae,"Brickellia cordifolia",75090,Elliot,Brickellia,cordifolia,,,,,,,,,,,,,,,,,,,,,,,,,,,,,,,,,,,,"United States",Alabama,Macon,,,,1,,,,,,,,,,,,,,,,,,,en,rfuller1432,"2017-09-28 06:06:25",,312,urn:uuid:a1d743d7-2fe3-4202-8df9-74032d9e6e17,http://sernecportal.org/portal/collections/individual/index.php?occid=15874309
15874310,TENN,,,PreservedSpecimen,50dd7fb8-d29b-4bc9-82fd-18818419a7ea,TENN-V-0213478,,Plantae,Magnoliophyta,,Asterales,Asteraceae,"Brickellia cordifolia",75090,Elliot,Brickellia,cordifolia,,,,,,,,,,,,,,,,,,,,,,,,,,,,,,,,,,,,"United States",Florida,Wakulla,,,,1,,,,,,,,,,,,,,,,,,,en,rfuller1432,"2017-09-28 06:06:25",,312,urn:uuid:50dd7fb8-d29b-4bc9-82fd-18818419a7ea,http://sernecportal.org/portal/collections/individual/index.php?occid=15874310
15874311,TENN,,,PreservedSpecimen,59c62f59-cef4-42db-b921-1b5e43c17808,TENN-V-0213479,,Plantae,Magnoliophyta,,Asterales,Asteraceae,"Brickellia cordifolia",75090,Elliot,Brickellia,cordifolia,,,,,,,,,,,,,,,,,,,,,,,,,,,,,,,,,,,,"United States",Georgia,Clay,,,,,,,,,,,,,,,,,,,,,,,en,rfuller1432,"2017-09-14 15:23:57",,312,urn:uuid:59c62f59-cef4-42db-b921-1b5e43c17808,http://sernecportal.org/portal/collections/individual/index.php?occid=15874311
16014497,FLAS,,FLAS,PreservedSpecimen,3ecd5a5e-54b4-4a9e-b494-22f735b7f557,23782,,Plantae,Magnoliophyta,,Asterales,Asteraceae,"Brickellia cordifolia",75090,Elliot,Brickellia,cordifolia,,,,,,,,,,"Weber & West",,,,1927,,,,,,"[Label heading:] University of Florida Herbarium. Agricultural Experiment Station.",,,,,"field values redacted: eventDate, month, day, startDayOfYear, verbatimEventDate, locality, informationWithheld",,,,"flowering and fruiting",,,,,,"Preserved herbarium specimens","United States",Florida,Alachua,,,,1,,,,,,,,,,,,,,,,,,FLASCAT,en,,"2018-03-20 14:52:43",3ecd5a5e-54b4-4a9e-b494-22f735b7f557,249,urn:uuid:656e536a-29e9-42c9-8d02-36a42b19b5a2,http://sernecportal.org/portal/collections/individual/index.php?occid=16014497
16014962,FLAS,,FLAS,PreservedSpecimen,a4d15558-4327-4dfb-9064-c6e8f6aae5d8,23779,,Plantae,Magnoliophyta,,Asterales,Asteraceae,"Brickellia cordifolia",75090,Elliot,Brickellia,cordifolia,,,,,,,,,,"Weber & West",,,,1927,,,,,,"[Label heading:] University of Florida Herbarium. Agricultural Experiment Station.",,,,,"field values redacted: eventDate, month, day, startDayOfYear, verbatimEventDate, locality, informationWithheld",,,,"flowering and fruiting",,,,,,"Preserved herbarium specimens","United States",Florida,Alachua,,,,1,,,,,,,,,,,,,,,,,,FLASCAT,en,,"2018-03-20 14:52:43",a4d15558-4327-4dfb-9064-c6e8f6aae5d8,249,urn:uuid:bacae81d-c067-4769-be11-7ee34220efc3,http://sernecportal.org/portal/collections/individual/index.php?occid=16014962
16014963,FLAS,,FLAS,PreservedSpecimen,c99f87e1-5ae6-48ce-9ccf-2f1c8f3c2341,23780,,Plantae,Magnoliophyta,,Asterales,Asteraceae,"Brickellia cordifolia",75090,Elliot,Brickellia,cordifolia,,,,,,,,,,"Geo. V. Nash",,,,1895,,,,,,,,,,,"field values redacted: eventDate, month, day, startDayOfYear, verbatimEventDate, recordNumber, locality, informationWithheld",,,,flowering,,,,,,"Preserved herbarium specimens","United States",Florida,Leon,,,,1,,,,,,,,,,,,,,,,,,FLASCAT,en,,"2018-03-20 14:52:43",c99f87e1-5ae6-48ce-9ccf-2f1c8f3c2341,249,urn:uuid:bc090cf2-eedd-4e99-b85a-0c8d0c1b28b5,http://sernecportal.org/portal/collections/individual/index.php?occid=16014963
16014964,FLAS,,FLAS,PreservedSpecimen,b05a7f4d-8607-4d84-b19e-a09b51b97b14,23781,,Plantae,Magnoliophyta,,Asterales,Asteraceae,"Brickellia cordifolia",75090,Elliot,Brickellia,cordifolia,,,,,,,,,,"Weber & West",,,,1927,,,,,,"[Label heading:] University of Florida Herbarium. Agricultural Experiment Station.",,,,,"field values redacted: eventDate, month, day, startDayOfYear, verbatimEventDate, locality, informationWithheld",,,,"flowering and fruiting",,,,,,"Preserved herbarium specimens","United States",Florida,Alachua,,,,1,,,,,,,,,,,,,,,,,,FLASCAT,en,,"2018-03-20 14:52:43",b05a7f4d-8607-4d84-b19e-a09b51b97b14,249,urn:uuid:eef7f940-a3c8-4ced-9fde-683b8139f10d,http://sernecportal.org/portal/collections/individual/index.php?occid=16014964
16017995,FLAS,,FLAS,PreservedSpecimen,0d2fd7bc-bafe-4850-ac0f-6a9b4d0d7d0f,170,,Plantae,Magnoliophyta,,Asterales,Asteraceae,"Brickellia cordifolia",75090,Elliot,Brickellia,cordifolia,,,,,,,,,,"L.E. Arnold & E. West",,,,1938,,,,,,"[Label heading:] Herbarium. Florida Agricultural Experiment Station.",,,,,"field values redacted: eventDate, month, day, startDayOfYear, verbatimEventDate, locality, informationWithheld",,,,"flowering and fruiting",,,,,,"Preserved herbarium specimens","United States",Florida,Alachua,,,,1,,,,,,,,,,,,,,,,,,FLASCAT,en,,"2018-03-20 14:52:43",0d2fd7bc-bafe-4850-ac0f-6a9b4d0d7d0f,249,urn:uuid:7e35dd3c-3a35-4557-9ea6-608ade7db8fd,http://sernecportal.org/portal/collections/individual/index.php?occid=16017995
16027936,FLAS,,FLAS,PreservedSpecimen,21bae29c-db16-4d24-9a1c-63825bf4e72b,100576,,Plantae,Magnoliophyta,,Asterales,Asteraceae,"Brickellia cordifolia",75090,Elliot,Brickellia,cordifolia,,,,,,,,,,"J. Beckner",,,,1967,,,,,,"[Label heading:] University of Florida Herbarium. Agricultural Experiment Station.",,,,,"field values redacted: eventDate, month, day, startDayOfYear, verbatimEventDate, recordNumber, locality, informationWithheld",,,,"flowering and fruiting",,,,,,"Preserved herbarium specimens","United States",Florida,Alachua,,,,1,,,,,,,,,,,,,,,,,,FLASCAT,en,,"2018-03-20 14:52:43",21bae29c-db16-4d24-9a1c-63825bf4e72b,249,urn:uuid:2639dafb-90dd-4bc1-a235-9f2487e7771d,http://sernecportal.org/portal/collections/individual/index.php?occid=16027936
16030441,FLAS,,FLAS,PreservedSpecimen,0b21ec29-eddb-4ecd-874b-b0dc1ca517d8,122471,,Plantae,Magnoliophyta,,Asterales,Asteraceae,"Brickellia cordifolia",75090,Elliot,Brickellia,cordifolia,,,,,,,,,,"D.B. Ward",,,,1965,,,,,,,,,,,"field values redacted: eventDate, month, day, startDayOfYear, verbatimEventDate, recordNumber, locality, informationWithheld",,,,fruiting,,,,,,"Preserved herbarium specimens","United States",Florida,Alachua,,,,1,,,,,,,,,,,,,,,,,,FLASCAT,en,,"2018-03-20 14:52:43",0b21ec29-eddb-4ecd-874b-b0dc1ca517d8,249,urn:uuid:9d2421c2-569d-4e7c-9b34-29ae43d03e2d,http://sernecportal.org/portal/collections/individual/index.php?occid=16030441
16036898,FLAS,,FLAS,PreservedSpecimen,e4d32ee0-35b5-4943-b11f-a306e14bb55d,168334,,Plantae,Magnoliophyta,,Asterales,Asteraceae,"Brickellia cordifolia",75090,Elliot,Brickellia,cordifolia,,,,,,,,,,"A. Gholson, Jr.",,,,1988,,,,,,"[Label note:] Gift from A. Gholson, Jr. to FLAS, 11/23/88.",,,,,"field values redacted: eventDate, month, day, startDayOfYear, verbatimEventDate, recordNumber, locality, informationWithheld",,,,flowering,,,,,,"Preserved herbarium specimens","United States",Florida,Jefferson,,,,1,,,,,,,,,,,,,,,,,,FLASCAT,en,,"2018-03-20 14:52:43",e4d32ee0-35b5-4943-b11f-a306e14bb55d,249,urn:uuid:a7498d04-1e88-4e7f-8a3b-ca71379821ee,http://sernecportal.org/portal/collections/individual/index.php?occid=16036898
16039207,FLAS,,FLAS,PreservedSpecimen,a782a67e-f5b6-4b10-a5aa-8278edea1e4f,179109,,Plantae,Magnoliophyta,,Asterales,Asteraceae,"Brickellia cordifolia",75090,Elliot,Brickellia,cordifolia,,,,,,,,,,"Robert Merrill King, Angus Gholson, Jr. and Wilson Baker",,,,1992,,,,,,"[Label heading:] Asteraceae of Florida. Cytological Vouchers. --[Label footing:] Collected for the United States National Herbarium. Smithsonian Institution, Washington, DC, USA.",,,,,"field values redacted: eventDate, month, day, startDayOfYear, verbatimEventDate, recordNumber, locality, informationWithheld",,,,fruiting,,,,,,"Preserved herbarium specimens","United States",Florida,Jefferson,,,,1,,,,,,,,,,,,,,,,,,FLASCAT,en,,"2018-03-20 14:52:43",a782a67e-f5b6-4b10-a5aa-8278edea1e4f,249,urn:uuid:b13a9f03-6c29-4c0a-8586-c016a9d14302,http://sernecportal.org/portal/collections/individual/index.php?occid=16039207
16039988,FLAS,,FLAS,PreservedSpecimen,2016d5e0-ff0c-4116-b184-00533e0a8535,181288,,Plantae,Magnoliophyta,,Asterales,Asteraceae,"Brickellia cordifolia",75090,Elliot,Brickellia,cordifolia,,,,,,,,,,"William J. Dunn",,,,1979,,,,,,"[Label heading:] Flora of San Felasco Hammock State Preserve",,,,,"field values redacted: eventDate, month, day, startDayOfYear, verbatimEventDate, recordNumber, locality, informationWithheld",,,,fruiting,,,,,,"Preserved herbarium specimens","United States",Florida,Alachua,,,,1,,,,,,,,,,,,,,,,,,FLASCAT,en,,"2018-03-20 14:52:43",2016d5e0-ff0c-4116-b184-00533e0a8535,249,urn:uuid:27ef9730-564b-4e9c-8344-91acdc4fbce8,http://sernecportal.org/portal/collections/individual/index.php?occid=16039988
16063686,FLAS,,FLAS,PreservedSpecimen,48b24817-a5cf-4f75-b699-d31f18fc2f70,223360,,Plantae,Magnoliophyta,,Asterales,Asteraceae,"Brickellia cordifolia",75090,Elliot,Brickellia,cordifolia,,,,,,,,,,"Susan C. Carr",,,,2001,,,,,,"[Label footing:] [Fire-adapted Pineland Vegetation of Florida:] FL Nongame Program project NG98-016. Plot FL131.",,,,,"field values redacted: eventDate, month, day, startDayOfYear, verbatimEventDate, recordNumber, locality, geodeticDatum, informationWithheld",,,,flowering,,,,,,"Preserved herbarium specimens","United States",Florida,Alachua,,,,1,,,,,,,,,,,,,,,,,,FLASCAT,en,,"2018-03-20 14:52:43",48b24817-a5cf-4f75-b699-d31f18fc2f70,249,urn:uuid:1a86aa42-9fd5-4dc9-9f10-d0322ed6d3e8,http://sernecportal.org/portal/collections/individual/index.php?occid=16063686
16069314,FLAS,,FLAS,PreservedSpecimen,4af87548-195e-48d3-b93d-7955a636d9ab,229953,,Plantae,Magnoliophyta,,Asterales,Asteraceae,"Brickellia cordifolia",75090,Elliot,Brickellia,cordifolia,,,,,,,,,,"R.F. Thorne",,6115,1947-08-18,1947,8,18,230,,"Aug 18, 1947","[Label heading:] McMaster University Herbarium. --[Non-label note:] Herbarium of L.O. Gaiser. A-110. [stamped on sheet] --[Admin. note:] Has a second label with the following heading: ""Herbarium of Emory University Field Station, Newton Georgia. Flora of Southwestern Georgia. Gulf Coastal Plane."" The county given on this label is ""Early County.""",,,,,"location information not given for endangered species",,,,"flowering and fruiting",,,,,,"Preserved herbarium specimens","United States",Georgia,Clay,,"United States: Georgia: Clay County. [...] in dry woods. [Sensitive locality data has been removed: contact the UF Herbarium if you require more detailed information.]",,,,,,,,,,,,,,,,,,,,FLASCAT,en,,"2018-03-20 14:49:18",4af87548-195e-48d3-b93d-7955a636d9ab,249,urn:uuid:d851a83f-b731-40e7-abfa-e41608d0c464,http://sernecportal.org/portal/collections/individual/index.php?occid=16069314
16080664,FLAS,,FLAS,PreservedSpecimen,ffb87fa5-f2a1-4bf2-b2cf-6c0abf3479ca,245306,,Plantae,Magnoliophyta,,Asterales,Asteraceae,"Brickellia cordifolia",75090,Elliot,Brickellia,cordifolia,,,,,,,,,,"A. Gholson, Jr.",,7277,1978-08-01,1978,8,1,213,,"1 August 1978","[Commentary ann.:] From the Angus K. Gholson, Jr. Herbarium (""AKG"") donated to the University of Florida Herbarium by Angus K. Gholson, Jr. on 29 December 1989.",,,,,"location information not given for endangered species",,,,"flowering and fruiting",,,,,,"Preserved herbarium specimens","United States",Georgia,Seminole,,"United States: Georgia: Seminole County. In Riverside Acres subdivisoni, north of Butler's Ferry Concession, on Chattahoochee River Arm of Lake Seminole. Under oak, hickory, with scattered pines; rich woods with good drainage. Leaves deltoid-ovate or nearly lanceolate above, crenate-serrate; heads many-flowered, corolla pale purple; pappus purplish; leaves normally opposite.",,,,,,,,,,,,,,,,,,,,FLASCAT,en,,"2018-03-20 14:49:18",ffb87fa5-f2a1-4bf2-b2cf-6c0abf3479ca,249,urn:uuid:55db36f2-233d-4d2c-86fa-13230bddcce3,http://sernecportal.org/portal/collections/individual/index.php?occid=16080664
16080665,FLAS,,FLAS,PreservedSpecimen,17ed7ddd-6e9f-445e-b8a3-bcfaeef097cb,245307,,Plantae,Magnoliophyta,,Asterales,Asteraceae,"Brickellia cordifolia",75090,Elliot,Brickellia,cordifolia,,,,,,,,,,"A. Gholson, Jr.",,11511,1985-10-07,1985,10,7,280,,"7 October 1985","[Commentary ann.:] From the Angus K. Gholson, Jr. Herbarium (""AKG"") donated to the University of Florida Herbarium by Angus K. Gholson, Jr. on 29 December 1989.",,,,,"location information not given for endangered species",,,,"flowering and fruiting",,,,,,"Preserved herbarium specimens","United States",Georgia,Seminole,,"United States: Georgia: Seminole County. [...] Rich, low, Hardwood - Pine Hammock, near the Ranger Station Boat Basin. Taxon infrequent. [Sensitive locality data has been removed: contact the UF Herbarium if you require more detailed information.]",,,,,,,,,,,,,,,,,,,,FLASCAT,en,,"2018-03-20 14:49:18",17ed7ddd-6e9f-445e-b8a3-bcfaeef097cb,249,urn:uuid:9e2c2bde-d8cc-406d-b0d3-59b568fe1a6d,http://sernecportal.org/portal/collections/individual/index.php?occid=16080665
16080666,FLAS,,FLAS,PreservedSpecimen,bdc8e645-7c43-495c-b1cf-6b5556658cba,245308,,Plantae,Magnoliophyta,,Asterales,Asteraceae,"Brickellia cordifolia",75090,Elliot,Brickellia,cordifolia,,,,,,,,,,"A. Gholson, Jr.",,11069,1984-09-05,1984,9,5,249,,"5 Sept. 1984","[Commentary ann.:] From the Angus K. Gholson, Jr. Herbarium (""AKG"") donated to the University of Florida Herbarium by Angus K. Gholson, Jr. on 29 December 1989.",,,,,"location information not given for endangered species",,,,"flowering and fruiting",,,,,,"Preserved herbarium specimens","United States",Georgia,Seminole,,"United States: Georgia: Seminole County. [...] Rich, low, damp to mesic, flat, hardwood - Pine woods slightly above the permanent elevation of Lake Seminole. Plants not common; corollas anthocyanic; pappus bristles purplish; leaves all or nearly all, opposite, and with long petioles. [Sensitive locality data has been removed: contact the UF Herbarium if you require more detailed information.]",,,,,,,,,,,,,,,,,,,,FLASCAT,en,,"2018-03-20 14:49:18",bdc8e645-7c43-495c-b1cf-6b5556658cba,249,urn:uuid:f6c5da19-ceb1-442e-b3ed-ccab7ed43cbc,http://sernecportal.org/portal/collections/individual/index.php?occid=16080666
16080667,FLAS,,FLAS,PreservedSpecimen,554f204b-85e2-4a7e-a179-fca01f1d05b1,245309,,Plantae,Magnoliophyta,,Asterales,Asteraceae,"Brickellia cordifolia",75090,Elliot,Brickellia,cordifolia,,,,,,,,,,"A. Gholson, Jr.",,6555,1977-08-17,1977,8,17,229,,"17 August 1977","[Commentary ann.:] From the Angus K. Gholson, Jr. Herbarium (""AKG"") donated to the University of Florida Herbarium by Angus K. Gholson, Jr. on 29 December 1989.",,,,,"location information not given for endangered species",,,,"flowering and fruiting",,,,,,"Preserved herbarium specimens","United States",Georgia,Seminole,,"United States: Georgia: Seminole County. [...] Mesic woods with oak & hickory near shoreline of Lake Seminole. Median leaf blades deltoid-ovate to nearly lanceolate above, long petiolate; heads rather large, pinkish to pale purple; inner bracts linear, obtuse. [Sensitive locality data has been removed: contact the UF Herbarium if you require more detailed information.]",,,,,,,,,,,,,,,,,,,,FLASCAT,en,,"2018-03-20 14:49:18",554f204b-85e2-4a7e-a179-fca01f1d05b1,249,urn:uuid:ff78b8ad-c03c-43de-8d1e-30330b5f4fa7,http://sernecportal.org/portal/collections/individual/index.php?occid=16080667
16080857,FLAS,,FLAS,PreservedSpecimen,ed1e0a5f-a711-483d-91b4-b0e4ae015558,258455,,Plantae,Magnoliophyta,,Asterales,Asteraceae,"Brickellia cordifolia",75090,Elliot,Brickellia,cordifolia,,,,,,,,,,"A. Gholson, Jr.",,,,1988,,,,,,"[Commentary ann.:] From the Angus K. Gholson, Jr. Herbarium donated to the University of Florida Herbarium by Angus K. Gholson, Jr. on 29 December 1989.",,,,,"field values redacted: eventDate, month, day, startDayOfYear, verbatimEventDate, recordNumber, locality, informationWithheld",,,,"flowering and fruiting",,,,,,"Preserved herbarium specimens","United States",Florida,Jefferson,,,,1,,,,,,,,,,,,,,,,,,FLASCAT,en,,"2018-03-20 14:52:43",ed1e0a5f-a711-483d-91b4-b0e4ae015558,249,urn:uuid:40395d41-893a-448e-905f-68f40115b05f,http://sernecportal.org/portal/collections/individual/index.php?occid=16080857
16795551,UNA,,,S,,UNA00016942,,Plantae,Magnoliophyta,,Asterales,Asteraceae,"Brickellia cordifolia",75090,Elliot,Brickellia,cordifolia,,,"Robert R. Haynes",1986/00/00,,,,,,"Eugene A. Smith",,,,1880,,,,,,"| Both Present",,,,,"field values redacted: eventDate, month, day, startDayOfYear, verbatimEventDate, recordNumber, decimalLatitude, decimalLongitude, coordinateUncertaintyInMeters, verbatimCoordinates",,,,,,,,,,,"United States",Alabama,Dale,,,,1,,,,,,,,,,,,,,,,,,,,,"1000-01-01 01:00:00",UNA00016942,286,urn:uuid:5939aa2d-fab2-45e8-9de5-d2b36faff577,http://sernecportal.org/portal/collections/individual/index.php?occid=16795551
16795552,UNA,,,S,,UNA00056196,,Plantae,Magnoliophyta,,Asterales,Asteraceae,"Brickellia cordifolia",75090,Elliot,Brickellia,cordifolia,,,,0000/00/00,,,,,,"John R. MacDonald",,,,1998,,,,,,"steep slopes overlooking river | uncommon, on upper mesic slope | Both Present",,,,,"field values redacted: eventDate, month, day, startDayOfYear, verbatimEventDate, recordNumber, locality, minimumElevationInMeters, maximumElevationInMeters, decimalLatitude, decimalLongitude, coordinateUncertaintyInMeters, verbatimCoordinates",,,,,,,,,,,"United States",Alabama,Geneva,,,,1,,,,,,,,,,,,,,,,,,,,,"1000-01-01 01:00:00",UNA00056196,286,urn:uuid:5f78d607-5d19-4b0b-9128-5d7f2c61d4a2,http://sernecportal.org/portal/collections/individual/index.php?occid=16795552
16795553,UNA,,,S,,UNA00045771,,Plantae,Magnoliophyta,,Asterales,Asteraceae,"Brickellia cordifolia",75090,Elliot,Brickellia,cordifolia,,,,0000/00/00,,,,,,"John R. MacDonald | John R. MacDonald #",,,,1998,,,,,,"near edge of woods- | -colony of about 100 plants",,,,,"field values redacted: eventDate, month, day, startDayOfYear, verbatimEventDate, recordNumber, locality, decimalLatitude, decimalLongitude, coordinateUncertaintyInMeters, verbatimCoordinates",,,,,,,,,,,"United States",Alabama,Houston,,,,1,,,,,,,,,,,,,,,,,,,,,"1000-01-01 01:00:00",UNA00045771,286,urn:uuid:ffadd49d-9873-4c61-b887-57f3e1be7498,http://sernecportal.org/portal/collections/individual/index.php?occid=16795553
16795554,UNA,,,S,,UNA00064688,,Plantae,Magnoliophyta,,Asterales,Asteraceae,"Brickellia cordifolia",75090,Elliot,Brickellia,cordifolia,,,,0000/00/00,,,,,,"Alfred Schotz",,,,2005,,,,,,"| mesic soil under filtered canopy of Acer barbatum, Quercus alba, Carya cordiformis, and Carya alba | Flowers Present",,,,,"field values redacted: eventDate, month, day, startDayOfYear, verbatimEventDate, recordNumber, locality, decimalLatitude, decimalLongitude, coordinateUncertaintyInMeters, verbatimCoordinates",,,,,,,,,,,"United States",Alabama,Houston,,,,1,,,,,,,,,,,,,,,,,,,,,"2006-06-23 22:04:13",UNA00064688,286,urn:uuid:1d96479b-daea-4127-b55e-126540b27e3e,http://sernecportal.org/portal/collections/individual/index.php?occid=16795554
16795555,UNA,,,S,,UNA00045419,,Plantae,Magnoliophyta,,Asterales,Asteraceae,"Brickellia cordifolia",75090,Elliot,Brickellia,cordifolia,,,"Robert R. Haynes",1986/00/00,,,,,,"C. Baker with Earle",,,,1896,,,,,,"| Fruits Present",,,,,"field values redacted: eventDate, month, day, startDayOfYear, verbatimEventDate, recordNumber, locality, decimalLatitude, decimalLongitude, coordinateUncertaintyInMeters, verbatimCoordinates",,,,,,,,,,,"United States",Alabama,Lee,,,,1,,,,,,,,,,,,,,,,,,,,,"1000-01-01 01:00:00",UNA00045419,286,urn:uuid:082ee2f9-0104-4c7b-94f5-14dc8e224df6,http://sernecportal.org/portal/collections/individual/index.php?occid=16795555
16795556,UNA,,,S,,UNA00064671,,Plantae,Magnoliophyta,,Asterales,Asteraceae,"Brickellia cordifolia",75090,Elliot,Brickellia,cordifolia,,,,0000/00/00,,,,,,"Alfred Schotz",,,,2004,,,,,,"forested slope | under filtered canopy of Quercus alba, Liriodendron tulipifera, Fagus grandifolia, & Carya glabra | Flowers Present",,,,,"field values redacted: eventDate, month, day, startDayOfYear, verbatimEventDate, recordNumber, locality, decimalLatitude, decimalLongitude, coordinateUncertaintyInMeters, verbatimCoordinates",,,,,,,,,,,"United States",Alabama,Russell,,,,1,,,,,,,,,,,,,,,,,,,,,"2006-06-12 22:06:05",UNA00064671,286,urn:uuid:37f67250-9a82-4ad5-a345-be8ec1143ada,http://sernecportal.org/portal/collections/individual/index.php?occid=16795556
17211468,NCU,,,PreservedSpecimen,b8b7bf69-f8af-4b79-9ba4-153e0f4b4dc0,NCU00047207,5260,Plantae,Magnoliophyta,,Asterales,Asteraceae,"Brickellia cordifolia",75090,Elliot,Brickellia,cordifolia,,,,,,,,,,"Harbison, T. [Thomas]",,,,,,,,,,,,,,,"field values redacted: recordNumber, locality",,,,,,,,,,,"United States",Alabama,Montgomery,,,,1,,,,,,,,,,,,,,,,,,,,,"2018-01-09 10:14:15",,206,urn:uuid:b8b7bf69-f8af-4b79-9ba4-153e0f4b4dc0,http://sernecportal.org/portal/collections/individual/index.php?occid=17211468
17211470,NCU,,,PreservedSpecimen,0ae638f7-7108-48d2-a77a-33b58273f61c,NCU00047208,102820,Plantae,Magnoliophyta,,Asterales,Asteraceae,"Brickellia cordifolia",75090,Elliot,Brickellia,cordifolia,,,,,,,,,,"Godfrey, R. [Robert]",,,,1957,,,,,,,,,,,"field values redacted: eventDate, month, day, startDayOfYear, recordNumber, locality",,,,,,,,,,,"United States",Florida,Jefferson,,,,1,,,,,,,,,,,,,,,,,,,,,"2018-01-09 10:14:15",,206,urn:uuid:0ae638f7-7108-48d2-a77a-33b58273f61c,http://sernecportal.org/portal/collections/individual/index.php?occid=17211470
17211480,NCU,,,PreservedSpecimen,00bc142c-f7f1-436f-93d7-37325e2cc72f,NCU00052792,575409,Plantae,Magnoliophyta,,Asterales,Asteraceae,"Brickellia cordifolia",75090,Elliot,Brickellia,cordifolia,,,,,,,,,,"Buckley, Samuel",,,,1847,,,,,,,,,,,"field values redacted: eventDate, month, verbatimEventDate, recordNumber, locality",,,,,,,,,,,"United States",Alabama,,,,,1,,,,,,,,,,,,,,,,,,,,,"2018-07-09 12:37:50",,206,urn:uuid:00bc142c-f7f1-436f-93d7-37325e2cc72f,http://sernecportal.org/portal/collections/individual/index.php?occid=17211480
17526337,USF,Herb,,PreservedSpecimen,40675A5F-BF37-4D3B-B385-7F3A07D077D8,4142,,Plantae,Magnoliophyta,,Asterales,Asteraceae,"Brickellia cordifolia",75090,Elliot,Brickellia,cordifolia,,,"R. K. Godfrey",,,,,,,"R. K. Godfrey",,,,1957,,,,,,,,,,,"field values redacted: eventDate, month, day, startDayOfYear, verbatimEventDate, recordNumber, habitat",,"{""habit"":""Plants to ca. 1 m high; flowers purplish-red.""}",,"Flower |",,,,,,,"United States",Florida,"Jefferson Co.",,,,1,,,,,,,,,,,,,,,,,,,en,,"2018-03-29 14:00:43",40675A5F-BF37-4D3B-B385-7F3A07D077D8,382,urn:uuid:d043c115-0062-4b61-bc25-243b3117847c,http://sernecportal.org/portal/collections/individual/index.php?occid=17526337
18387151,POM,RSA-POM,,PreservedSpecimen,77579db4-d3b3-4f3c-aec6-468ad85a0d47,RSA0037699,200172,Plantae,Magnoliophyta,,Asterales,Asteraceae,"Brickellia cordifolia",75090,Elliot,Brickellia,cordifolia,,,,,,,,,,"Marcus E. Jones",,s.n.,1932-03-26,1932,3,26,86,,,,,,,,,,,,,,,"flowers & fruits",,,"Herbarium sheet - 1",Mexico,Unknown,,,Sabinal.,,,,,,,,,,,,,,,,,,,,,,,"2018-09-21 11:35:59",77579db4-d3b3-4f3c-aec6-468ad85a0d47,415,urn:uuid:d61e5d69-9a7e-4f4f-a047-895f30a07bf0,http://sernecportal.org/portal/collections/individual/index.php?occid=18387151
18481098,RSA,RSA-POM,,PreservedSpecimen,388223c6-8d81-4d63-b4d5-2f4e72fe57b9,RSA0078671,839446,Plantae,Magnoliophyta,,Asterales,Asteraceae,"Brickellia cordifolia",75090,Elliot,Brickellia,cordifolia,,,,,,,,,,"Richard Carter, W. Baker, G. Nelson",,17218,2006-09-17,2006,9,17,260,,,,"Rolling upland, old field.",,,,,,,"Pinus taeda, Pinus echinata, Carya glabra, Liquidambar styraciflua, Prunus serotina, Rhus copallina, Aster tortifolius, Elephantopus, Verbesina virginica, Trichostema dichotoma",,,,,,,"Herbarium sheet - 1","United States",Georgia,"Grady County",,"Mistletoe Plantation, between Meridian Rd. and Ochlocknee Rivr, ca. 0.3 airmile NNW of headquarters.",,,,30.69092,-84.25615,,,,,,,,,,,,,,,,,,"2018-09-21 11:35:59",388223c6-8d81-4d63-b4d5-2f4e72fe57b9,415,urn:uuid:a97e23f5-4669-4455-b2c6-1788c816ea2c,http://sernecportal.org/portal/collections/individual/index.php?occid=18481098
19263854,USF,Herb,,PreservedSpecimen,2F85D8E5-3790-4820-9F28-E00154A04712,244376,,Plantae,Magnoliophyta,,Asterales,Asteraceae,"Brickellia cordifolia",75090,Elliot,Brickellia,cordifolia,,,,,,,,,,"L. Norris",,,,2007,,,,,,,,,,,"field values redacted: eventDate, month, day, startDayOfYear, verbatimEventDate, recordNumber, habitat",,"{""habit"":""Ca. 40 plants.""}",,"Flower |",,,,,,,"United States",Florida,"Wakulla Co.",,,,1,,,,,,,,,,,,,,,,,,,en,,"2018-03-29 14:00:43",2F85D8E5-3790-4820-9F28-E00154A04712,382,urn:uuid:0312f850-97cc-433f-ae53-87f3b9a96db8,http://sernecportal.org/portal/collections/individual/index.php?occid=19263854
19579076,Brown,BRU,,PreservedSpecimen,da229094-1e5e-455f-bad9-a92ba8d99590,PBRU00049661,,Plantae,Magnoliophyta,,Asterales,Asteraceae,"Brickellia cordifolia",75090,Elliot,Brickellia,cordifolia,,,,,,,,,,,,,,,,,,,,,,,,,,,,,,,,,,,,"United States of America",Florida,,,,,1,,,,,,,,,,,,,,,,,,,,,"2018-04-04 14:52:11",1553103,423,urn:uuid:0f124a8a-f5b3-48cf-9d4a-2549ae3f4666,http://sernecportal.org/portal/collections/individual/index.php?occid=19579076
19717232,GA,,,PreservedSpecimen,1f547429-2219-4596-aa84-9d140fbfce6c,GA233782,,Plantae,Magnoliophyta,,Asterales,Asteraceae,"Brickellia cordifolia",75090,Elliot,Brickellia,cordifolia,,,,,,,,,,,,,,,,,,,,,,,,,"field values redacted: locality",,,,,,,,,,,"United States",Alabama,"Macon County",,,,1,,,,,,,,,,,,,,,,,,,,,"2018-05-02 16:03:16",1f547429-2219-4596-aa84-9d140fbfce6c,258,urn:uuid:0ac6f4ca-7014-419a-8c69-fec957e6e27d,http://sernecportal.org/portal/collections/individual/index.php?occid=19717232
20269471,DUKE,,,PreservedSpecimen,74c334d5-909c-43aa-ae9f-2a1b4d689ce8,DUKE10133198,,Plantae,Magnoliophyta,,Asterales,Asteraceae,"Brickellia cordifolia",75090,Elliot,Brickellia,cordifolia,,,,,,,,,,,,,,,,,,,,,,,,,,,,,,,,,,,,"United States",Florida,Jefferson,,,,1,,,,,,,,,,,,,,,,,,,,"Layne Huiet","2018-07-13 11:16:28",,192,urn:uuid:74c334d5-909c-43aa-ae9f-2a1b4d689ce8,http://sernecportal.org/portal/collections/individual/index.php?occid=20269471
20269472,DUKE,,,PreservedSpecimen,864173f0-dd99-490c-be3b-6af9ba31585d,DUKE10133199,,Plantae,Magnoliophyta,,Asterales,Asteraceae,"Brickellia cordifolia",75090,Elliot,Brickellia,cordifolia,,,,,,,,,,,,,,,,,,,,,,,,,,,,,,,,,,,,"United States",Alabama,Houston,,,,1,,,,,,,,,,,,,,,,,,,,"Layne Huiet","2018-07-13 11:16:28",,192,urn:uuid:864173f0-dd99-490c-be3b-6af9ba31585d,http://sernecportal.org/portal/collections/individual/index.php?occid=20269472
20269473,DUKE,,,PreservedSpecimen,14810291-027b-433a-a9c5-ee911f87e2a2,DUKE10133200,,Plantae,Magnoliophyta,,Asterales,Asteraceae,"Brickellia cordifolia",75090,Elliot,Brickellia,cordifolia,,,,,,,,,,,,,,,,,,,,,,,,,,,,,,,,,,,,"United States",Alabama,Macon,,,,1,,,,,,,,,,,,,,,,,,,,"Layne Huiet","2018-07-13 11:16:28",,192,urn:uuid:14810291-027b-433a-a9c5-ee911f87e2a2,http://sernecportal.org/portal/collections/individual/index.php?occid=20269473
