<?xml version="1.0" encoding="ISO-8859-1"?>
<eml:eml xmlns:eml="eml://ecoinformatics.org/eml-2.1.1" xmlns:dc="http://purl.org/dc/terms/" xmlns:xsi="http://www.w3.org/2001/XMLSchema-instance" xsi:schemaLocation="eml://ecoinformatics.org/eml-2.1.1 http://rs.gbif.org/schema/eml-gbif-profile/1.0.1/eml.xsd" packageId="bcd469de-eb65-4ddc-8bc9-c611a60d9466" system="http://symbiota.org" scope="system" xml:lang="eng"><dataset><title xml:lang="eng">SERNEC general data extract</title><creator id="17dd4489-ee9c-414a-b99b-871873f3d335"><organizationName>SERNEC</organizationName><electronicMailAddress>herrick.brown@gmail.com</electronicMailAddress><onlineUrl>http://sernecportal.org/portal/index.php</onlineUrl></creator><metadataProvider><organizationName>SERNEC</organizationName><electronicMailAddress>herrick.brown@gmail.com</electronicMailAddress><onlineUrl>http://sernecportal.org/portal/index.php</onlineUrl></metadataProvider><pubDate>2018-10-11</pubDate><language>eng</language></dataset><additionalMetadata><metadata><symbiota><dateStamp>2018-10-11T12:48:03-07:00</dateStamp><citation identifier="6c55db8e-dedf-4771-b9b8-e08f3ce0dfcf">SERNEC - 6c55db8e-dedf-4771-b9b8-e08f3ce0dfcf</citation><physical><characterEncoding>ISO-8859-1</characterEncoding><dataFormat><externallyDefinedFormat><formatName>Darwin Core Archive</formatName></externallyDefinedFormat></dataFormat></physical><collection identifier="b39167b5-1732-4bbf-aeda-9b8ede470fbd" id="40"><alternateIdentifier>http://sernecportal.org/portal/collections/misc/collprofiles.php?collid=40</alternateIdentifier><parentCollectionIdentifier>NY</parentCollectionIdentifier><collectionIdentifier></collectionIdentifier><collectionName>New York Botanical Garden</collectionName><resourceLogoUrl>http://swbiodiversity.org/seinet/content/collicon/ny.jpg</resourceLogoUrl><onlineUrl>http://sciweb.nybg.org/science2/SteereHerbarium.asp</onlineUrl><intellectualRights>http://creativecommons.org/licenses/by-nc/3.0/</intellectualRights><associatedParty><userId>1305</userId><individualName>barbara Thiers</individualName><surname>Thiers</surname><givenname>barbara</givenname><electronicMailAddress>bthiers@nybg.org</electronicMailAddress><positionName>Director of the Herbarium</positionName></associatedParty><abstract><para>With more than 7.8 million preserved specimens, the William and Lynda Steere Herbarium is the largest herbarium in the Western Hemisphere.</para></abstract></collection><collection identifier="6c244ca0-69a1-46f9-b16d-5303db8fd0f1" id="106"><alternateIdentifier>http://sernecportal.org/portal/collections/misc/collprofiles.php?collid=106</alternateIdentifier><parentCollectionIdentifier>BRY</parentCollectionIdentifier><collectionIdentifier>V</collectionIdentifier><collectionName>Brigham Young University, S. L. Welsh Herbarium</collectionName><resourceLogoUrl>http://swbiodiversity.org/seinet/content/collicon/bry.gif</resourceLogoUrl><onlineUrl>http://mlbean.byu.edu/ResearchCollections/Collections/VascularPlants.aspx</onlineUrl><intellectualRights>http://creativecommons.org/licenses/by-nc/3.0/</intellectualRights><additionalInfo>Brigham Young University</additionalInfo><associatedParty><individualName>Robert Johnson / Leigh Johnson</individualName><electronicMailAddress>bry.db@byu.edu</electronicMailAddress></associatedParty><abstract><para>&lt;b&gt;Note: We reorganized our image file structure on our server out of necessity; most specimen images will not be viewable until a solution for remapping images is developed.&lt;/b&gt;&lt;br&gt;&lt;br&gt; &lt;b&gt;Vascular Plants. &lt;/b&gt;The herbarium has completed databasing the non-seed vascular plants, gymnosperms, and most monocots (still working on the grasses). Dicots are an ongoing effort; they are only complete for select groups and recently cataloged material. Some records that are incomplete, duplicate sheets, or that otherwise need additional attention may not be uploaded for searching here.&lt;br&gt;&lt;br&gt;The herbarium at BYU is recognized by the Index Herbariorum acronym 'BRY'. 'V' indicates the vascular plant portion of BRY housed in the S.L. Welsh Herbarium. The S.L. Welsh herbarium also houses a smaller collection gifted to Brigham Young University from the Ogden Forest Service, which maintains its Index Herbariorum acronym 'OGDF'. BRY also encompasses the Herbarium of Non-Vascular Cryptogams (including lichenized fungi), which is administered independently and curated by Steven Leavitt and emeritus curator Larry L. St.Clair. &lt;br&gt;&lt;br&gt;Information made available here electronically, including specimen data and images, has been produced by support from Brigham Young University, NSF grant DBI&#8211;1203616, the Grand Canyon Trust, and a Utah-BLM Challenge Cost-Share agreement. Any opinions, findings, and conclusions or recommendations expressed in this material are those of our herbarium and do not necessarily reflect the views of the National Science Foundation or other supporting agencies. &lt;br&gt;&lt;br&gt; &lt;b&gt;Please acknowledge the use of BRY/OGDF specimens in publications or products that have benefitted from the use of these data.&lt;/b&gt;&lt;br&gt;&lt;hr&gt;</para></abstract></collection><collection identifier="120a109a-fef1-4ea6-b7d7-6a5f8f0e5c18" id="157"><alternateIdentifier>http://sernecportal.org/portal/collections/misc/collprofiles.php?collid=157</alternateIdentifier><parentCollectionIdentifier>MO</parentCollectionIdentifier><collectionIdentifier></collectionIdentifier><collectionName>Missouri Botanical Garden</collectionName><resourceLogoUrl>http://swbiodiversity.org/seinet/content/collicon/mo.jpg</resourceLogoUrl><onlineUrl>http://www.mobot.org</onlineUrl><intellectualRights>http://creativecommons.org/licenses/by/3.0/</intellectualRights><additionalInfo>Missouri Botanical Garden</additionalInfo><associatedParty><individualName>Jim Solomon</individualName><electronicMailAddress>jim.solomon@mobot.org</electronicMailAddress></associatedParty><abstract><para>Plants are essential to sustaining the stability and quality of human life on this planet. At the Missouri Botanical Garden, we have dedicated ourselves to helping conserve biological diversity while there is still something left to protect. Our research provides scientific information essential to decision makers, from conservation and land use to social and environmental policy. We have taken the lead in making information widely accessible via the Internet, maintaining the world's largest botanical database and the premier botanical website, TROPICOS. Garden scientists conduct the most productive and geographically widespread botanical research program in the world. A tiny sample of its herbarium records are presented here; providing more will require funding.</para></abstract></collection><collection identifier="afa92649-e7ab-404c-8650-5a31604ff168" id="249"><alternateIdentifier>http://sernecportal.org/portal/collections/misc/collprofiles.php?collid=249</alternateIdentifier><parentCollectionIdentifier>FLAS</parentCollectionIdentifier><collectionIdentifier></collectionIdentifier><collectionName>University of Florida Herbarium</collectionName><resourceLogoUrl>http://sernecportal.org/portal/content/collicon/FLAS-.jpg</resourceLogoUrl><onlineUrl>http://www.floridamuseum.ufl.edu/herbarium</onlineUrl><intellectualRights>http://creativecommons.org/licenses/by-nc/3.0/</intellectualRights><additionalInfo>University of Florida</additionalInfo><abstract></abstract><associatedParty><userId>5047</userId><individualName>Kent Perkins</individualName><surname>Perkins</surname><givenname>Kent</givenname><electronicMailAddress>kperkins@flmnh.ufl.edu</electronicMailAddress><positionName>Collection Manager</positionName></associatedParty></collection><collection identifier="eefc8d2f-42bb-4ba2-92d7-52a4290a6fac" id="382"><alternateIdentifier>http://sernecportal.org/portal/collections/misc/collprofiles.php?collid=382</alternateIdentifier><parentCollectionIdentifier>USF</parentCollectionIdentifier><collectionIdentifier></collectionIdentifier><collectionName>University of South Florida Herbarium</collectionName><resourceLogoUrl>http://sernecportal.org/portal/content/collicon/usf.jpg</resourceLogoUrl><onlineUrl>http://biology.usf.edu/cmmb/research/herbarium.aspx</onlineUrl><intellectualRights>http://creativecommons.org/licenses/by/3.0/</intellectualRights><associatedParty><userId>5308</userId><individualName>Alan Franck</individualName><surname>Franck</surname><givenname>Alan</givenname><electronicMailAddress>afranck@mail.usf.edu</electronicMailAddress><positionName>Herbarium Curator</positionName></associatedParty><abstract><para>The USF Herbarium was established as a research and teaching collection in 1958 by George R. Cooley, two years after the founding of the University of South Florida. The USF Herbarium is the second largest collection in Florida, the seventh largest in the southeastern United States, and ranks in the upper third of the world's herbaria in size. The herbarium contains approximately 280,000 specimens, consisting of about 260,000 specimens of vascular plants, 14,000 algae, 2,800 bryophytes, 1,300 lichens, and 300 macrofungi. The collection contains approximately 400 type specimens. The herbarium is richest in specimens from Florida (~40%), with additional holdings from North America north of Mexico (~35%), Latin America and the West Indies (~15%), and the Eastern Hemisphere (~10%). Specific groups well represented in the herbarium include Acanthaceae, Apocynaceae, Begoniaceae, Bromeliaceae, Fabaceae, Orchidaceae, and pteridophytes (ferns).</para></abstract></collection></symbiota></metadata></additionalMetadata></eml:eml>
