coreid,identifier,accessURI,thumbnailAccessURI,goodQualityAccessURI,rights,Owner,UsageTerms,WebStatement,caption,comments,providerManagedID,MetadataDate,format,associatedSpecimenReference,type,subtype,metadataLanguage
14810502,http://sweetgum.nybg.org/images3/652/040/01445215.jpg,http://sweetgum.nybg.org/images3/652/040/01445215.jpg,http://sweetgum.nybg.org/images3/652/040/01445215.thumb.jpg,,,"New York Botanical Garden (NY)","CC BY-NC (Attribution-Non-Commercial)",http://creativecommons.org/licenses/by-nc/3.0/,,,urn:uuid:054f4b23-4c9c-4524-b130-6c5b30cc5c1b,"2017-06-20 18:41:04",image/jpeg,http://sernecportal.org/portal/collections/individual/index.php?occid=14810502,StillImage,Photograph,en
15201676,http://sweetgum.nybg.org/images3/652/037/01445212.jpg,http://sweetgum.nybg.org/images3/652/037/01445212.jpg,http://sweetgum.nybg.org/images3/652/037/01445212.thumb.jpg,,,"New York Botanical Garden (NY)","CC BY-NC (Attribution-Non-Commercial)",http://creativecommons.org/licenses/by-nc/3.0/,,,urn:uuid:ea240856-36dd-4971-b14f-c7698bc04c20,"2017-06-20 18:41:04",image/jpeg,http://sernecportal.org/portal/collections/individual/index.php?occid=15201676,StillImage,Photograph,en
18881767,http://cdn.flmnh.ufl.edu/Herbarium/jpg/263/263133a1.jpg,http://cdn.flmnh.ufl.edu/Herbarium/jpg/263/263133a1.jpg,http://sernecportal.org/imglib/sernec/FLAS/00263/263133a1_1522615988_tn.jpg,http://sernecportal.org/imglib/sernec/FLAS/00263/263133a1_1522615988_web.jpg,,"University of Florida","CC BY-NC (Attribution-Non-Commercial)",http://creativecommons.org/licenses/by-nc/3.0/,,,urn:uuid:260d1336-6d58-4b2d-8574-a89a8a4a5c25,"2018-03-18 15:05:44",image/jpeg,http://sernecportal.org/portal/collections/individual/index.php?occid=18881767,StillImage,Photograph,en
19338303,https://cdn.plantatlas.org/img/specimens/USF/272277.jpg,https://cdn.plantatlas.org/img/specimens/USF/272277.jpg,https://cdn.plantatlas.org/img/specimens/USF/thumbs/272277.jpg,,,"University of South Florida Herbarium (USF)","CC BY (Attribution)",http://creativecommons.org/licenses/by/3.0/,,,urn:uuid:ff3305a0-a756-4eaf-ab77-9f508e1d9721,"2018-03-29 10:29:17",image/jpeg,http://sernecportal.org/portal/collections/individual/index.php?occid=19338303,StillImage,Photograph,en
19369937,https://cdn.plantatlas.org/img/specimens/USF/286650.jpg,https://cdn.plantatlas.org/img/specimens/USF/286650.jpg,https://cdn.plantatlas.org/img/specimens/USF/thumbs/286650.jpg,,,"University of South Florida Herbarium (USF)","CC BY (Attribution)",http://creativecommons.org/licenses/by/3.0/,,,urn:uuid:40c4f67e-6a43-4a4f-8c36-a5bb34d7e85f,"2018-03-29 10:29:17",image/jpeg,http://sernecportal.org/portal/collections/individual/index.php?occid=19369937,StillImage,Photograph,en
19390929,https://cdn.plantatlas.org/img/specimens/USF/262913.jpg,https://cdn.plantatlas.org/img/specimens/USF/262913.jpg,https://cdn.plantatlas.org/img/specimens/USF/thumbs/262913.jpg,http://sernecportal.org/imglib/sernec/misc/201804/262913_1523496845_web.jpg,,"University of South Florida Herbarium (USF)","CC BY (Attribution)",http://creativecommons.org/licenses/by/3.0/,,,urn:uuid:ed44a9b1-298c-4589-af0f-332724e9fa88,"2018-03-29 10:29:17",image/jpeg,http://sernecportal.org/portal/collections/individual/index.php?occid=19390929,StillImage,Photograph,en
19390930,https://cdn.plantatlas.org/img/specimens/USF/262907.jpg,https://cdn.plantatlas.org/img/specimens/USF/262907.jpg,https://cdn.plantatlas.org/img/specimens/USF/thumbs/262907.jpg,,,"University of South Florida Herbarium (USF)","CC BY (Attribution)",http://creativecommons.org/licenses/by/3.0/,,,urn:uuid:f817104d-bb69-4d02-a324-eea67521b985,"2018-03-29 10:29:17",image/jpeg,http://sernecportal.org/portal/collections/individual/index.php?occid=19390930,StillImage,Photograph,en
19390931,https://cdn.plantatlas.org/img/specimens/USF/262851.jpg,https://cdn.plantatlas.org/img/specimens/USF/262851.jpg,https://cdn.plantatlas.org/img/specimens/USF/thumbs/262851.jpg,http://sernecportal.org/imglib/sernec/USF/00262/262851_1530556547_web.jpg,,"University of South Florida Herbarium (USF)","CC BY (Attribution)",http://creativecommons.org/licenses/by/3.0/,,,urn:uuid:e7659cb2-b987-4248-a4fc-c4b805d49216,"2018-03-29 10:29:17",image/jpeg,http://sernecportal.org/portal/collections/individual/index.php?occid=19390931,StillImage,Photograph,en
