coreid,identifiedBy,identifiedByID,dateIdentified,identificationQualifier,scientificName,identificationIsCurrent,scientificNameAuthorship,genus,specificEpithet,taxonRank,infraspecificEpithet,identificationReferences,identificationRemarks,recordId,modified
945834,"J. Rzedowski",,s.d.,,"Dalbergia brownei",0,"(Jacq.) Schinz",,,,,,,urn:uuid:796a9e41-185f-419d-9484-ce14ba4dcf59,"2014-07-25 19:26:02"
893065,"A. Barnely",,1975-01-01,,"Dalbergia amerimnon",0,Benth.,,,,,,,urn:uuid:dc714dd0-4f0b-404a-86e4-5177ad403f01,"2014-07-25 19:26:02"
893067,"Walter S. Phillips",,1935-05-12,,"Dalbergia amerimnon",0,Benth.,,,,,,,urn:uuid:b28d38ca-1b9d-49d5-ac88-636c9504a0c3,"2014-07-25 19:26:02"
945830,"J. Rzedowski",,s.d.,,"Dalbergia brownei",0,"(Jacq.) Schinz",,,,,,,urn:uuid:777aba03-3edd-4e55-927c-46d0ecab75f2,"2014-07-25 19:26:02"
893068,"F. Ventura A.",,1972-04-05,,"Dalbergia brownei",0,"(Jacq.) Schinz",,,,,,,urn:uuid:e9fd1ac3-b814-4c3f-9fd1-adcac5eca682,"2014-07-25 19:26:02"
945831,"J. Rzedowski",,s.d.,,"Dalbergia brownei",0,"(Jacq.) Schinz",,,,,,,urn:uuid:13525230-1a2b-4745-ade4-7a0eb4b08c56,"2014-07-25 19:26:02"
945832,"J. Rzedowski",,s.d.,,"Dalbergia brownei",0,"(Jacq.) Schinz",,,,,,,urn:uuid:c2571915-3aa0-4b62-9c7a-2f4b4e2ebe94,"2014-07-25 19:26:02"
945833,"J. Rzedowski",,s.d.,,"Dalbergia brownei",0,"(Jacq.) Schinz",,,,,,,urn:uuid:de9f55d8-eb6e-44ca-8313-636ddd01e44c,"2014-07-25 19:26:02"
893066,"Walter M. Buswell",,1938-03-02,,"Dalbergia amerimnon",0,Benth.,,,,,,,urn:uuid:adfc530d-ad5a-4ff1-b54f-42c5139c9f1d,"2014-07-25 19:26:02"
4033600,unknown,,unknown,,"Dalbergia brownei",1,,Dalbergia,brownei,,,,bd292540-14e0-11e3-8973-bc305bdb3ca6,urn:uuid:89293a6c-2420-42ab-a371-eb223d8e53cc,"2014-02-21 20:08:59"
