coreid,identifier,accessURI,thumbnailAccessURI,goodQualityAccessURI,rights,Owner,UsageTerms,WebStatement,caption,comments,providerManagedID,MetadataDate,format,associatedSpecimenReference,type,subtype,metadataLanguage
1123840,http://hasbrouck.asu.edu/imglib/seinet/ASU/ASU0019/ASU0019979.jpg,http://hasbrouck.asu.edu/imglib/seinet/ASU/ASU0019/ASU0019979.jpg,http://hasbrouck.asu.edu/imglib/seinet/ASU/ASU0019/ASU0019979_tn.jpg,http://hasbrouck.asu.edu/imglib/seinet/ASU/ASU0019/ASU0019979.jpg,,"Arizona State University Vascular Plant Herbarium (ASU-Plants)","CC BY-NC (Attribution-Non-Commercial)",http://creativecommons.org/licenses/by-nc/3.0/,,,urn:uuid:5cc58ca2-e075-4993-bc27-cd9434a53da7,"2011-10-14 04:12:52",image/jpeg,http://sernecportal.org/portal/collections/individual/index.php?occid=1123840,StillImage,Photograph,en
1123840,http://hasbrouck.asu.edu/imglib/seinet/ASU/ASU0019/ASU0019979a_lg.jpg,http://hasbrouck.asu.edu/imglib/seinet/ASU/ASU0019/ASU0019979a_lg.jpg,http://hasbrouck.asu.edu/imglib/seinet/ASU/ASU0019/ASU0019979a_tn.jpg,http://hasbrouck.asu.edu/imglib/seinet/ASU/ASU0019/ASU0019979a.jpg,,"Arizona State University Vascular Plant Herbarium (ASU-Plants)","CC BY-NC (Attribution-Non-Commercial)",http://creativecommons.org/licenses/by-nc/3.0/,,,urn:uuid:05cec6a5-06c5-48cf-b82a-d40f7a4c2cb5,"2012-08-03 13:37:58",image/jpeg,http://sernecportal.org/portal/collections/individual/index.php?occid=1123840,StillImage,Photograph,en
1123841,http://hasbrouck.asu.edu/imglib/seinet/ASU/ASU0019/ASU0019980.jpg,http://hasbrouck.asu.edu/imglib/seinet/ASU/ASU0019/ASU0019980.jpg,http://hasbrouck.asu.edu/imglib/seinet/ASU/ASU0019/ASU0019980_tn.jpg,http://hasbrouck.asu.edu/imglib/seinet/ASU/ASU0019/ASU0019980.jpg,,"Arizona State University Vascular Plant Herbarium (ASU-Plants)","CC BY-NC (Attribution-Non-Commercial)",http://creativecommons.org/licenses/by-nc/3.0/,,,urn:uuid:d81cc9e3-6e8d-4e8b-8c98-d5fce24fe7f7,"2011-10-14 04:12:52",image/jpeg,http://sernecportal.org/portal/collections/individual/index.php?occid=1123841,StillImage,Photograph,en
1123841,http://hasbrouck.asu.edu/imglib/seinet/ASU/ASU0019/ASU0019980a_lg.jpg,http://hasbrouck.asu.edu/imglib/seinet/ASU/ASU0019/ASU0019980a_lg.jpg,http://hasbrouck.asu.edu/imglib/seinet/ASU/ASU0019/ASU0019980a_tn.jpg,http://hasbrouck.asu.edu/imglib/seinet/ASU/ASU0019/ASU0019980a.jpg,,"Arizona State University Vascular Plant Herbarium (ASU-Plants)","CC BY-NC (Attribution-Non-Commercial)",http://creativecommons.org/licenses/by-nc/3.0/,,,urn:uuid:ea440da8-c5e4-4d18-9593-a3918ecc841e,"2012-08-03 13:37:59",image/jpeg,http://sernecportal.org/portal/collections/individual/index.php?occid=1123841,StillImage,Photograph,en
1123842,http://hasbrouck.asu.edu/imglib/seinet/ASU/ASU0019/ASU0019981.jpg,http://hasbrouck.asu.edu/imglib/seinet/ASU/ASU0019/ASU0019981.jpg,http://hasbrouck.asu.edu/imglib/seinet/ASU/ASU0019/ASU0019981_tn.jpg,http://hasbrouck.asu.edu/imglib/seinet/ASU/ASU0019/ASU0019981.jpg,,"Arizona State University Vascular Plant Herbarium (ASU-Plants)","CC BY-NC (Attribution-Non-Commercial)",http://creativecommons.org/licenses/by-nc/3.0/,,,urn:uuid:c59c1b0f-b994-4b9f-9876-d4afc9be1070,"2011-10-14 04:12:52",image/jpeg,http://sernecportal.org/portal/collections/individual/index.php?occid=1123842,StillImage,Photograph,en
1123843,http://hasbrouck.asu.edu/imglib/seinet/ASU/ASU0019/ASU0019982.jpg,http://hasbrouck.asu.edu/imglib/seinet/ASU/ASU0019/ASU0019982.jpg,http://hasbrouck.asu.edu/imglib/seinet/ASU/ASU0019/ASU0019982_tn.jpg,http://hasbrouck.asu.edu/imglib/seinet/ASU/ASU0019/ASU0019982.jpg,,"Arizona State University Vascular Plant Herbarium (ASU-Plants)","CC BY-NC (Attribution-Non-Commercial)",http://creativecommons.org/licenses/by-nc/3.0/,,,urn:uuid:93c8be9c-95fe-450c-8d53-0065b9b413a8,"2011-10-14 04:12:53",image/jpeg,http://sernecportal.org/portal/collections/individual/index.php?occid=1123843,StillImage,Photograph,en
1123845,http://hasbrouck.asu.edu/imglib/seinet/ASU/ASU0019/ASU0019977.jpg,http://hasbrouck.asu.edu/imglib/seinet/ASU/ASU0019/ASU0019977.jpg,http://hasbrouck.asu.edu/imglib/seinet/ASU/ASU0019/ASU0019977_tn.jpg,http://hasbrouck.asu.edu/imglib/seinet/ASU/ASU0019/ASU0019977.jpg,,"Arizona State University Vascular Plant Herbarium (ASU-Plants)","CC BY-NC (Attribution-Non-Commercial)",http://creativecommons.org/licenses/by-nc/3.0/,,,urn:uuid:a9a19bbf-a291-40a0-84d2-59d9aa1cb0bb,"2011-10-14 04:12:51",image/jpeg,http://sernecportal.org/portal/collections/individual/index.php?occid=1123845,StillImage,Photograph,en
1123845,http://hasbrouck.asu.edu/imglib/seinet/ASU/ASU0019/ASU0019977a_lg.jpg,http://hasbrouck.asu.edu/imglib/seinet/ASU/ASU0019/ASU0019977a_lg.jpg,http://hasbrouck.asu.edu/imglib/seinet/ASU/ASU0019/ASU0019977a_tn.jpg,http://hasbrouck.asu.edu/imglib/seinet/ASU/ASU0019/ASU0019977a.jpg,,"Arizona State University Vascular Plant Herbarium (ASU-Plants)","CC BY-NC (Attribution-Non-Commercial)",http://creativecommons.org/licenses/by-nc/3.0/,,,urn:uuid:f7d4edd6-22f3-4394-bfe4-d08c6f3574a9,"2012-08-03 13:37:55",image/jpeg,http://sernecportal.org/portal/collections/individual/index.php?occid=1123845,StillImage,Photograph,en
1123847,http://hasbrouck.asu.edu/imglib/seinet/ASU/ASU0019/ASU0019985.jpg,http://hasbrouck.asu.edu/imglib/seinet/ASU/ASU0019/ASU0019985.jpg,http://hasbrouck.asu.edu/imglib/seinet/ASU/ASU0019/ASU0019985_tn.jpg,http://hasbrouck.asu.edu/imglib/seinet/ASU/ASU0019/ASU0019985.jpg,,"Arizona State University Vascular Plant Herbarium (ASU-Plants)","CC BY-NC (Attribution-Non-Commercial)",http://creativecommons.org/licenses/by-nc/3.0/,,,urn:uuid:d410b69e-1f06-4b64-9e46-706f3cfc0d51,"2011-10-14 04:12:53",image/jpeg,http://sernecportal.org/portal/collections/individual/index.php?occid=1123847,StillImage,Photograph,en
1123847,http://hasbrouck.asu.edu/imglib/seinet/ASU/ASU0019/ASU0019985a_lg.jpg,http://hasbrouck.asu.edu/imglib/seinet/ASU/ASU0019/ASU0019985a_lg.jpg,http://hasbrouck.asu.edu/imglib/seinet/ASU/ASU0019/ASU0019985a_tn.jpg,http://hasbrouck.asu.edu/imglib/seinet/ASU/ASU0019/ASU0019985a.jpg,,"Arizona State University Vascular Plant Herbarium (ASU-Plants)","CC BY-NC (Attribution-Non-Commercial)",http://creativecommons.org/licenses/by-nc/3.0/,,,urn:uuid:d4e95aac-2b54-4345-8439-668603f50cd1,"2012-08-03 13:38:04",image/jpeg,http://sernecportal.org/portal/collections/individual/index.php?occid=1123847,StillImage,Photograph,en
4033600,https://api.idigbio.org/v2/media/3112e2ee1edac69a2744f80e10c781b9?size=fullsize,https://api.idigbio.org/v2/media/3112e2ee1edac69a2744f80e10c781b9?size=fullsize,https://api.idigbio.org/v2/media/3112e2ee1edac69a2744f80e10c781b9?size=thumbnail,https://api.idigbio.org/v2/media/3112e2ee1edac69a2744f80e10c781b9?size=webview,,"University of New Mexico Herbarium (UNM-Vascular Plants)","CC BY-NC (Attribution-Non-Commercial)",http://creativecommons.org/licenses/by-nc/3.0/,,,urn:uuid:4e772b9b-901b-4124-9efb-c579ffef5c0c,"2018-03-22 14:54:10",image/jpeg,http://sernecportal.org/portal/collections/individual/index.php?occid=4033600,StillImage,Photograph,en
4443264,http://fm-digital-assets.fieldmuseum.org/180/609/FABA_dalb_brow_mex_1901635.jpg,http://fm-digital-assets.fieldmuseum.org/180/609/FABA_dalb_brow_mex_1901635.jpg,http://midwestherbaria.org/imglib/midwest/F_Botany/201705/FABA_dalb_brow_mex_1901635_1495913068_tn.jpg,http://midwestherbaria.org/imglib/midwest/F_Botany/201705/FABA_dalb_brow_mex_1901635_1495913068_web.jpg,,"Field Museum of Natural History (F-Botany)","CC BY-NC (Attribution-Non-Commercial)",http://creativecommons.org/licenses/by-nc/3.0/,,,urn:uuid:93e6c87d-a21b-49dc-a5ab-308a90e973a1,"2017-01-24 11:00:45",image/jpeg,http://sernecportal.org/portal/collections/individual/index.php?occid=4443264,StillImage,Photograph,en
8873667,https://bisque.cyverse.org/image_service/image/00-TYt9CbRJLcx2xvLsuXeXyW/resize:4000/format:jpeg,https://bisque.cyverse.org/image_service/image/00-TYt9CbRJLcx2xvLsuXeXyW/resize:4000/format:jpeg,"https://bisque.cyverse.org/image_service/image/00-TYt9CbRJLcx2xvLsuXeXyW/thumbnail:200,200",https://bisque.cyverse.org/image_service/image/00-TYt9CbRJLcx2xvLsuXeXyW/resize:1250/format:jpeg,,"University of Mary Washington Herbarium (MWCF)","CC BY-NC (Attribution-Non-Commercial)",http://creativecommons.org/licenses/by-nc/3.0/,,,urn:uuid:556a70a4-600d-4a3d-9978-4703cfc52fe1,"2017-11-30 23:26:05",image/jpeg,http://sernecportal.org/portal/collections/individual/index.php?occid=8873667,StillImage,Photograph,en
13724597,https://bisque.cyverse.org/image_service/image/00-L7vRrAhwPgwSFrizNxrkpj?resize=4000&format=jpeg,https://bisque.cyverse.org/image_service/image/00-L7vRrAhwPgwSFrizNxrkpj?resize=4000&format=jpeg,"https://bisque.cyverse.org/image_service/image/00-L7vRrAhwPgwSFrizNxrkpj?thumbnail=200,200",https://bisque.cyverse.org/image_service/image/00-L7vRrAhwPgwSFrizNxrkpj?resize=1250&format=jpeg,,"Eastern Kentucky University, Ronald L. Jones Herbarium (EKY)","CC BY-NC (Attribution-Non-Commercial)",http://creativecommons.org/licenses/by-nc/3.0/,,,urn:uuid:7359b779-38bf-418d-9852-ab9f4f71881e,"2017-03-31 12:53:17",image/jpeg,http://sernecportal.org/portal/collections/individual/index.php?occid=13724597,StillImage,Photograph,en
13916487,https://botanydb.colorado.edu/COLO_V/01684/01684240.jpg,https://botanydb.colorado.edu/COLO_V/01684/01684240.jpg,https://botanydb.colorado.edu/COLO_V/01684/01684240_tn.jpg,https://botanydb.colorado.edu/COLO_V/01684/01684240.jpg,,"University of Colorado Museum of Natural History Herbarium Vascular Plant Collection (COLO-V)","CC BY-NC (Attribution-Non-Commercial)",http://creativecommons.org/licenses/by-nc/3.0/,,,urn:uuid:78ff0bf3-78e4-4191-b0bd-fb6aa9887630,"2017-05-18 12:35:55",image/jpeg,http://sernecportal.org/portal/collections/individual/index.php?occid=13916487,StillImage,Photograph,en
14667093,http://sweetgum.nybg.org/images3/2135/436/02563783.jpg,http://sweetgum.nybg.org/images3/2135/436/02563783.jpg,http://sweetgum.nybg.org/images3/2135/436/02563783.thumb.jpg,,,"New York Botanical Garden (NY)","CC BY-NC (Attribution-Non-Commercial)",http://creativecommons.org/licenses/by-nc/3.0/,,,urn:uuid:40ba0555-ccb3-40a1-a6b2-df56fd9481ed,"2017-06-20 18:41:04",image/jpeg,http://sernecportal.org/portal/collections/individual/index.php?occid=14667093,StillImage,Photograph,en
14687521,http://sweetgum.nybg.org/images3/2135/433/02563780.jpg,http://sweetgum.nybg.org/images3/2135/433/02563780.jpg,http://sweetgum.nybg.org/images3/2135/433/02563780.thumb.jpg,,,"New York Botanical Garden (NY)","CC BY-NC (Attribution-Non-Commercial)",http://creativecommons.org/licenses/by-nc/3.0/,,,urn:uuid:67f71c35-cbe3-473b-a5e8-16cb4977b333,"2017-06-20 18:41:04",image/jpeg,http://sernecportal.org/portal/collections/individual/index.php?occid=14687521,StillImage,Photograph,en
14701496,http://sweetgum.nybg.org/images3/759/222/1617671.jpg,http://sweetgum.nybg.org/images3/759/222/1617671.jpg,http://sweetgum.nybg.org/images3/759/222/1617671.thumb.jpg,,,"New York Botanical Garden (NY)","CC BY-NC (Attribution-Non-Commercial)",http://creativecommons.org/licenses/by-nc/3.0/,,,urn:uuid:e05903a4-7471-4307-ae99-53d0f034e2f8,"2017-06-20 18:41:04",image/jpeg,http://sernecportal.org/portal/collections/individual/index.php?occid=14701496,StillImage,Photograph,en
14728084,http://sweetgum.nybg.org/images3/759/230/1617679.jpg,http://sweetgum.nybg.org/images3/759/230/1617679.jpg,http://sweetgum.nybg.org/images3/759/230/1617679.thumb.jpg,,,"New York Botanical Garden (NY)","CC BY-NC (Attribution-Non-Commercial)",http://creativecommons.org/licenses/by-nc/3.0/,,,urn:uuid:20013f8f-3efa-49ec-b4a0-c7559795718c,"2017-06-20 18:41:04",image/jpeg,http://sernecportal.org/portal/collections/individual/index.php?occid=14728084,StillImage,Photograph,en
14733101,http://sweetgum.nybg.org/images3/2135/435/02563782.jpg,http://sweetgum.nybg.org/images3/2135/435/02563782.jpg,http://sweetgum.nybg.org/images3/2135/435/02563782.thumb.jpg,,,"New York Botanical Garden (NY)","CC BY-NC (Attribution-Non-Commercial)",http://creativecommons.org/licenses/by-nc/3.0/,,,urn:uuid:c85cbb93-e2af-4c44-b8a1-ec15d60a816b,"2017-06-20 18:41:04",image/jpeg,http://sernecportal.org/portal/collections/individual/index.php?occid=14733101,StillImage,Photograph,en
14754494,http://sweetgum.nybg.org/images3/2135/428/02563775.jpg,http://sweetgum.nybg.org/images3/2135/428/02563775.jpg,http://sweetgum.nybg.org/images3/2135/428/02563775.thumb.jpg,,,"New York Botanical Garden (NY)","CC BY-NC (Attribution-Non-Commercial)",http://creativecommons.org/licenses/by-nc/3.0/,,,urn:uuid:0f1d097f-c7d9-4a45-8df2-094a61aaa94d,"2017-06-20 18:41:04",image/jpeg,http://sernecportal.org/portal/collections/individual/index.php?occid=14754494,StillImage,Photograph,en
14756229,http://sweetgum.nybg.org/images3/2135/434/02563781.jpg,http://sweetgum.nybg.org/images3/2135/434/02563781.jpg,http://sweetgum.nybg.org/images3/2135/434/02563781.thumb.jpg,,,"New York Botanical Garden (NY)","CC BY-NC (Attribution-Non-Commercial)",http://creativecommons.org/licenses/by-nc/3.0/,,,urn:uuid:e4f7ca38-c72a-4fd4-b047-c3cadfd1c0ac,"2017-06-20 18:41:04",image/jpeg,http://sernecportal.org/portal/collections/individual/index.php?occid=14756229,StillImage,Photograph,en
14781422,http://sweetgum.nybg.org/images3/2135/429/02563776.jpg,http://sweetgum.nybg.org/images3/2135/429/02563776.jpg,http://sweetgum.nybg.org/images3/2135/429/02563776.thumb.jpg,,,"New York Botanical Garden (NY)","CC BY-NC (Attribution-Non-Commercial)",http://creativecommons.org/licenses/by-nc/3.0/,,,urn:uuid:927e83bc-d3ad-4041-bc86-9a4308425b0b,"2017-06-20 18:41:04",image/jpeg,http://sernecportal.org/portal/collections/individual/index.php?occid=14781422,StillImage,Photograph,en
14783423,http://sweetgum.nybg.org/images3/2135/443/02563790.jpg,http://sweetgum.nybg.org/images3/2135/443/02563790.jpg,http://sweetgum.nybg.org/images3/2135/443/02563790.thumb.jpg,,,"New York Botanical Garden (NY)","CC BY-NC (Attribution-Non-Commercial)",http://creativecommons.org/licenses/by-nc/3.0/,,,urn:uuid:afaa0d5a-472e-49a5-8aa8-d376f7de519a,"2017-06-20 18:41:04",image/jpeg,http://sernecportal.org/portal/collections/individual/index.php?occid=14783423,StillImage,Photograph,en
14785746,http://sweetgum.nybg.org/images3/1695/512/02518251.jpg,http://sweetgum.nybg.org/images3/1695/512/02518251.jpg,http://sweetgum.nybg.org/images3/1695/512/02518251.thumb.jpg,,,"New York Botanical Garden (NY)","CC BY-NC (Attribution-Non-Commercial)",http://creativecommons.org/licenses/by-nc/3.0/,,,urn:uuid:5b0a706b-35ed-4074-8874-0e4c2fb561c1,"2017-06-20 18:41:04",image/jpeg,http://sernecportal.org/portal/collections/individual/index.php?occid=14785746,StillImage,Photograph,en
14795657,http://sweetgum.nybg.org/images3/2135/442/02563789.jpg,http://sweetgum.nybg.org/images3/2135/442/02563789.jpg,http://sweetgum.nybg.org/images3/2135/442/02563789.thumb.jpg,,,"New York Botanical Garden (NY)","CC BY-NC (Attribution-Non-Commercial)",http://creativecommons.org/licenses/by-nc/3.0/,,,urn:uuid:d65fd3e3-fe95-4bfb-bdd6-babab799ddd1,"2017-06-20 18:41:04",image/jpeg,http://sernecportal.org/portal/collections/individual/index.php?occid=14795657,StillImage,Photograph,en
14816810,http://sweetgum.nybg.org/images3/2135/439/02563786.jpg,http://sweetgum.nybg.org/images3/2135/439/02563786.jpg,http://sweetgum.nybg.org/images3/2135/439/02563786.thumb.jpg,,,"New York Botanical Garden (NY)","CC BY-NC (Attribution-Non-Commercial)",http://creativecommons.org/licenses/by-nc/3.0/,,,urn:uuid:dd1ff335-5f79-49b9-9c90-fbe7dd575c09,"2017-06-20 18:41:04",image/jpeg,http://sernecportal.org/portal/collections/individual/index.php?occid=14816810,StillImage,Photograph,en
14822737,http://sweetgum.nybg.org/images3/2135/431/02563778.jpg,http://sweetgum.nybg.org/images3/2135/431/02563778.jpg,http://sweetgum.nybg.org/images3/2135/431/02563778.thumb.jpg,,,"New York Botanical Garden (NY)","CC BY-NC (Attribution-Non-Commercial)",http://creativecommons.org/licenses/by-nc/3.0/,,,urn:uuid:7655ba93-b302-45e6-bd52-c218d2dd1afc,"2017-06-20 18:41:04",image/jpeg,http://sernecportal.org/portal/collections/individual/index.php?occid=14822737,StillImage,Photograph,en
14865160,http://sweetgum.nybg.org/images3/759/236/1617685.jpg,http://sweetgum.nybg.org/images3/759/236/1617685.jpg,http://sweetgum.nybg.org/images3/759/236/1617685.thumb.jpg,,,"New York Botanical Garden (NY)","CC BY-NC (Attribution-Non-Commercial)",http://creativecommons.org/licenses/by-nc/3.0/,,,urn:uuid:2a2c38f8-eb82-49d3-94cc-51814e93444f,"2017-06-20 18:41:04",image/jpeg,http://sernecportal.org/portal/collections/individual/index.php?occid=14865160,StillImage,Photograph,en
14945325,http://sweetgum.nybg.org/images3/2135/438/02563785.jpg,http://sweetgum.nybg.org/images3/2135/438/02563785.jpg,http://sweetgum.nybg.org/images3/2135/438/02563785.thumb.jpg,,,"New York Botanical Garden (NY)","CC BY-NC (Attribution-Non-Commercial)",http://creativecommons.org/licenses/by-nc/3.0/,,,urn:uuid:b661f8d1-3ccc-4be1-b78b-9dcfdf5088d5,"2017-06-20 18:41:04",image/jpeg,http://sernecportal.org/portal/collections/individual/index.php?occid=14945325,StillImage,Photograph,en
14958003,http://sweetgum.nybg.org/images3/2135/430/02563777.jpg,http://sweetgum.nybg.org/images3/2135/430/02563777.jpg,http://sweetgum.nybg.org/images3/2135/430/02563777.thumb.jpg,,,"New York Botanical Garden (NY)","CC BY-NC (Attribution-Non-Commercial)",http://creativecommons.org/licenses/by-nc/3.0/,,,urn:uuid:3ce3bfcb-2289-4627-834a-e66f9141fbed,"2017-06-20 18:41:04",image/jpeg,http://sernecportal.org/portal/collections/individual/index.php?occid=14958003,StillImage,Photograph,en
14997625,http://sweetgum.nybg.org/images3/2135/432/02563779.jpg,http://sweetgum.nybg.org/images3/2135/432/02563779.jpg,http://sweetgum.nybg.org/images3/2135/432/02563779.thumb.jpg,,,"New York Botanical Garden (NY)","CC BY-NC (Attribution-Non-Commercial)",http://creativecommons.org/licenses/by-nc/3.0/,,,urn:uuid:fafa23b7-362b-458f-9beb-70b194faa33b,"2017-06-20 18:41:04",image/jpeg,http://sernecportal.org/portal/collections/individual/index.php?occid=14997625,StillImage,Photograph,en
15027393,http://sweetgum.nybg.org/images3/2094/776/02698712.jpg,http://sweetgum.nybg.org/images3/2094/776/02698712.jpg,http://sweetgum.nybg.org/images3/2094/776/02698712.thumb.jpg,,,"New York Botanical Garden (NY)","CC BY-NC (Attribution-Non-Commercial)",http://creativecommons.org/licenses/by-nc/3.0/,,,urn:uuid:83d80334-e3f1-4012-9172-f3fbd2e7f34d,"2017-06-20 18:41:04",image/jpeg,http://sernecportal.org/portal/collections/individual/index.php?occid=15027393,StillImage,Photograph,en
15041275,http://sweetgum.nybg.org/images3/2135/440/02563787.jpg,http://sweetgum.nybg.org/images3/2135/440/02563787.jpg,http://sweetgum.nybg.org/images3/2135/440/02563787.thumb.jpg,,,"New York Botanical Garden (NY)","CC BY-NC (Attribution-Non-Commercial)",http://creativecommons.org/licenses/by-nc/3.0/,,,urn:uuid:a31a37f7-0e27-42dc-999d-96d92eca2886,"2017-06-20 18:41:04",image/jpeg,http://sernecportal.org/portal/collections/individual/index.php?occid=15041275,StillImage,Photograph,en
15160499,http://sweetgum.nybg.org/images3/759/233/1617682.jpg,http://sweetgum.nybg.org/images3/759/233/1617682.jpg,http://sweetgum.nybg.org/images3/759/233/1617682.thumb.jpg,,,"New York Botanical Garden (NY)","CC BY-NC (Attribution-Non-Commercial)",http://creativecommons.org/licenses/by-nc/3.0/,,,urn:uuid:bffffe20-0f3f-4d8d-b71d-3db168043dbc,"2017-06-20 18:41:04",image/jpeg,http://sernecportal.org/portal/collections/individual/index.php?occid=15160499,StillImage,Photograph,en
15231943,http://sweetgum.nybg.org/images3/759/232/1617681.jpg,http://sweetgum.nybg.org/images3/759/232/1617681.jpg,http://sweetgum.nybg.org/images3/759/232/1617681.thumb.jpg,,,"New York Botanical Garden (NY)","CC BY-NC (Attribution-Non-Commercial)",http://creativecommons.org/licenses/by-nc/3.0/,,,urn:uuid:b1aa157c-6b6f-41a6-ab66-eaefb8f9789e,"2017-06-20 18:41:04",image/jpeg,http://sernecportal.org/portal/collections/individual/index.php?occid=15231943,StillImage,Photograph,en
15244681,http://sweetgum.nybg.org/images3/2135/437/02563784.jpg,http://sweetgum.nybg.org/images3/2135/437/02563784.jpg,http://sweetgum.nybg.org/images3/2135/437/02563784.thumb.jpg,,,"New York Botanical Garden (NY)","CC BY-NC (Attribution-Non-Commercial)",http://creativecommons.org/licenses/by-nc/3.0/,,,urn:uuid:edd59de2-3cf5-4889-8942-0345961e0f95,"2017-06-20 18:41:04",image/jpeg,http://sernecportal.org/portal/collections/individual/index.php?occid=15244681,StillImage,Photograph,en
15270629,http://sweetgum.nybg.org/images3/2135/441/02563788.jpg,http://sweetgum.nybg.org/images3/2135/441/02563788.jpg,http://sernecportal.org/imglib/mam/NY/02563/02563788_1516793166_tn.jpg,http://sernecportal.org/imglib/mam/NY/02563/02563788_1516793166_web.jpg,,"New York Botanical Garden (NY)","CC BY-NC (Attribution-Non-Commercial)",http://creativecommons.org/licenses/by-nc/3.0/,,,urn:uuid:d9ec25b6-f96e-4d2a-95b2-961c4a40e0dc,"2017-06-20 18:41:04",image/jpeg,http://sernecportal.org/portal/collections/individual/index.php?occid=15270629,StillImage,Photograph,en
18862886,http://cdn.flmnh.ufl.edu/Herbarium/jpg/064/64026a1.jpg,http://cdn.flmnh.ufl.edu/Herbarium/jpg/064/64026a1.jpg,http://sernecportal.org/imglib/sernec/FLAS/00064/64026a1_1522356390_tn.jpg,http://sernecportal.org/imglib/sernec/FLAS/00064/64026a1_1522356390_web.jpg,,"University of Florida","CC BY-NC (Attribution-Non-Commercial)",http://creativecommons.org/licenses/by-nc/3.0/,,,urn:uuid:18dc3ab8-e51d-4311-8f32-bc72bfcae262,"2018-03-18 15:05:44",image/jpeg,http://sernecportal.org/portal/collections/individual/index.php?occid=18862886,StillImage,Photograph,en
18863186,http://cdn.flmnh.ufl.edu/Herbarium/jpg/083/83737a1.jpg,http://cdn.flmnh.ufl.edu/Herbarium/jpg/083/83737a1.jpg,http://sernecportal.org/imglib/sernec/FLAS/00083/83737a1_1522617685_tn.jpg,http://sernecportal.org/imglib/sernec/FLAS/00083/83737a1_1522617685_web.jpg,,"University of Florida","CC BY-NC (Attribution-Non-Commercial)",http://creativecommons.org/licenses/by-nc/3.0/,,,urn:uuid:3749c5f2-0696-4abe-bdc6-fab3aa590508,"2018-03-18 15:05:44",image/jpeg,http://sernecportal.org/portal/collections/individual/index.php?occid=18863186,StillImage,Photograph,en
18863374,http://cdn.flmnh.ufl.edu/Herbarium/jpg/096/96628a1.jpg,http://cdn.flmnh.ufl.edu/Herbarium/jpg/096/96628a1.jpg,http://sernecportal.org/imglib/sernec/FLAS/00096/96628a1_1521474252_tn.jpg,http://sernecportal.org/imglib/sernec/FLAS/00096/96628a1_1521474252_web.jpg,,"University of Florida","CC BY-NC (Attribution-Non-Commercial)",http://creativecommons.org/licenses/by-nc/3.0/,,,urn:uuid:fdc68999-5941-420f-b541-33c560e936fb,"2018-03-18 15:05:44",image/jpeg,http://sernecportal.org/portal/collections/individual/index.php?occid=18863374,StillImage,Photograph,en
18863489,http://cdn.flmnh.ufl.edu/Herbarium/jpg/102/102544a1.jpg,http://cdn.flmnh.ufl.edu/Herbarium/jpg/102/102544a1.jpg,http://sernecportal.org/imglib/sernec/FLAS/00102/102544a1_1522427625_tn.jpg,http://sernecportal.org/imglib/sernec/FLAS/00102/102544a1_1522427625_web.jpg,,"University of Florida","CC BY-NC (Attribution-Non-Commercial)",http://creativecommons.org/licenses/by-nc/3.0/,,,urn:uuid:ddeb1cfe-6d69-435f-962a-238e4361f352,"2018-03-18 15:05:44",image/jpeg,http://sernecportal.org/portal/collections/individual/index.php?occid=18863489,StillImage,Photograph,en
18865286,http://cdn.flmnh.ufl.edu/Herbarium/jpg/160/160895a1.jpg,http://cdn.flmnh.ufl.edu/Herbarium/jpg/160/160895a1.jpg,http://sernecportal.org/imglib/sernec/FLAS/00160/160895a1_1522430469_tn.jpg,http://sernecportal.org/imglib/sernec/FLAS/00160/160895a1_1522430469_web.jpg,,"University of Florida","CC BY-NC (Attribution-Non-Commercial)",http://creativecommons.org/licenses/by-nc/3.0/,,,urn:uuid:0c4fa507-1ad0-4a2e-979d-5e8e2d3f27e2,"2018-03-18 15:05:44",image/jpeg,http://sernecportal.org/portal/collections/individual/index.php?occid=18865286,StillImage,Photograph,en
