<?xml version="1.0" encoding="ISO-8859-1"?>
<eml:eml xmlns:eml="eml://ecoinformatics.org/eml-2.1.1" xmlns:dc="http://purl.org/dc/terms/" xmlns:xsi="http://www.w3.org/2001/XMLSchema-instance" xsi:schemaLocation="eml://ecoinformatics.org/eml-2.1.1 http://rs.gbif.org/schema/eml-gbif-profile/1.0.1/eml.xsd" packageId="d9028908-7735-4a1d-87c6-85cd13263429" system="http://symbiota.org" scope="system" xml:lang="eng"><dataset><title xml:lang="eng">SERNEC general data extract</title><creator id="17dd4489-ee9c-414a-b99b-871873f3d335"><organizationName>SERNEC</organizationName><electronicMailAddress>herrick.brown@gmail.com</electronicMailAddress><onlineUrl>http://sernecportal.org/portal/index.php</onlineUrl></creator><metadataProvider><organizationName>SERNEC</organizationName><electronicMailAddress>herrick.brown@gmail.com</electronicMailAddress><onlineUrl>http://sernecportal.org/portal/index.php</onlineUrl></metadataProvider><pubDate>2018-10-11</pubDate><language>eng</language></dataset><additionalMetadata><metadata><symbiota><dateStamp>2018-10-11T13:01:21-07:00</dateStamp><citation identifier="897ee78e-9550-46dc-8f49-008a41b89dcf">SERNEC - 897ee78e-9550-46dc-8f49-008a41b89dcf</citation><physical><characterEncoding>ISO-8859-1</characterEncoding><dataFormat><externallyDefinedFormat><formatName>Darwin Core Archive</formatName></externallyDefinedFormat></dataFormat></physical><collection identifier="b39167b5-1732-4bbf-aeda-9b8ede470fbd" id="40"><alternateIdentifier>http://sernecportal.org/portal/collections/misc/collprofiles.php?collid=40</alternateIdentifier><parentCollectionIdentifier>NY</parentCollectionIdentifier><collectionIdentifier></collectionIdentifier><collectionName>New York Botanical Garden</collectionName><resourceLogoUrl>http://swbiodiversity.org/seinet/content/collicon/ny.jpg</resourceLogoUrl><onlineUrl>http://sciweb.nybg.org/science2/SteereHerbarium.asp</onlineUrl><intellectualRights>http://creativecommons.org/licenses/by-nc/3.0/</intellectualRights><associatedParty><userId>1305</userId><individualName>barbara Thiers</individualName><surname>Thiers</surname><givenname>barbara</givenname><electronicMailAddress>bthiers@nybg.org</electronicMailAddress><positionName>Director of the Herbarium</positionName></associatedParty><abstract><para>With more than 7.8 million preserved specimens, the William and Lynda Steere Herbarium is the largest herbarium in the Western Hemisphere.</para></abstract></collection><collection identifier="120a109a-fef1-4ea6-b7d7-6a5f8f0e5c18" id="157"><alternateIdentifier>http://sernecportal.org/portal/collections/misc/collprofiles.php?collid=157</alternateIdentifier><parentCollectionIdentifier>MO</parentCollectionIdentifier><collectionIdentifier></collectionIdentifier><collectionName>Missouri Botanical Garden</collectionName><resourceLogoUrl>http://swbiodiversity.org/seinet/content/collicon/mo.jpg</resourceLogoUrl><onlineUrl>http://www.mobot.org</onlineUrl><intellectualRights>http://creativecommons.org/licenses/by/3.0/</intellectualRights><additionalInfo>Missouri Botanical Garden</additionalInfo><associatedParty><individualName>Jim Solomon</individualName><electronicMailAddress>jim.solomon@mobot.org</electronicMailAddress></associatedParty><abstract><para>Plants are essential to sustaining the stability and quality of human life on this planet. At the Missouri Botanical Garden, we have dedicated ourselves to helping conserve biological diversity while there is still something left to protect. Our research provides scientific information essential to decision makers, from conservation and land use to social and environmental policy. We have taken the lead in making information widely accessible via the Internet, maintaining the world's largest botanical database and the premier botanical website, TROPICOS. Garden scientists conduct the most productive and geographically widespread botanical research program in the world. A tiny sample of its herbarium records are presented here; providing more will require funding.</para></abstract></collection><collection identifier="7a265b8e-90e3-42e9-9a7d-f86f6e810fba" id="160"><alternateIdentifier>http://sernecportal.org/portal/collections/misc/collprofiles.php?collid=160</alternateIdentifier><parentCollectionIdentifier>ARCH</parentCollectionIdentifier><collectionIdentifier>herbarium</collectionIdentifier><collectionName>Archbold Biological Station</collectionName><resourceLogoUrl>http://nansh.org/portal/content/collicon/arch-herbarium.jpg</resourceLogoUrl><onlineUrl>http://www.archbold-station.org/</onlineUrl><intellectualRights>http://creativecommons.org/licenses/by-nc/3.0/</intellectualRights><associatedParty><userId>2127</userId><individualName>Eric Menges</individualName><surname>Menges</surname><givenname>Eric</givenname><electronicMailAddress>emenges@archbold-station.org</electronicMailAddress></associatedParty><abstract><para>The Archbold Biological Station herbarium has over 4200 vascular plant specimens and is located in the laboratory of the Plant Ecology Program in the Richard Archbold Research Center at Archbold Biological Station in Lake Placid, FL. The collection consists predominately of plants collected from central and south Florida, with a strong emphasis on the southern Lake Wales Ridge near and on the property of Archbold Biological Station. Additional collections include bryophytes and lichens. The Archbold Biological Station is also known as the Leonard J. Brass Herbarium, named in honor of worldwide plant collector, palm expert, explorer, conservationist, and botanist, L.J. Brass (1900-1971). Dr. Brass founded this herbarium and collected the majority of its specimens. In February 2010, we also dedicated this collection to Dorothy Mundell, in appreciation of her long-time service to the herbarium. Carl Weekley and Rebecca Yahr also made significant contributions to the ABS herbarium. Eric Menges is currently the curator. Nomenclature used as determined by Wunderlin (http://florida.plantatlas.usf.edu/) or (http://plants.usda.gov)</para></abstract></collection><collection identifier="1925c38c-9725-4d6b-8028-32775678f2cb" id="190"><alternateIdentifier>http://sernecportal.org/portal/collections/misc/collprofiles.php?collid=190</alternateIdentifier><parentCollectionIdentifier>WJC</parentCollectionIdentifier><collectionIdentifier></collectionIdentifier><collectionName>William Jewell College Herbarium</collectionName><resourceLogoUrl>http://swbiodiversity.org/seinet/content/collicon/wjc.jpg</resourceLogoUrl><onlineUrl></onlineUrl><intellectualRights>http://creativecommons.org/licenses/by-nc/3.0/</intellectualRights><additionalInfo>Wiiliam Jewell College</additionalInfo><associatedParty><userId>4770</userId><individualName>Jennifer Schafer</individualName><surname>Schafer</surname><givenname>Jennifer</givenname><electronicMailAddress>schaferj@william.jewell.edu</electronicMailAddress></associatedParty><abstract><para>The herbarium was founded in 1877. It contains approximately 15,000 specimens and specializes in the plants of Missouri.</para></abstract></collection><collection identifier="17f2d0fa-39a6-4465-8055-1d6fc12eeda2" id="206"><alternateIdentifier>http://sernecportal.org/portal/collections/misc/collprofiles.php?collid=206</alternateIdentifier><parentCollectionIdentifier>NCU</parentCollectionIdentifier><collectionIdentifier></collectionIdentifier><collectionName>University of North Carolina Chapel Hill Herbarium</collectionName><resourceLogoUrl>http://sernecportal.org/portal/content/collicon/ncu.jpg</resourceLogoUrl><onlineUrl>http://www.herbarium.unc.edu/</onlineUrl><intellectualRights>http://creativecommons.org/licenses/by-nc/3.0/</intellectualRights><associatedParty><userId>4937</userId><individualName>Carol Ann McCormick</individualName><surname>McCormick</surname><givenname>Carol Ann</givenname><electronicMailAddress>mccormick@unc.edu</electronicMailAddress><positionName>Curator</positionName></associatedParty><abstract><para>The University of North Carolina Chapel Hill Herbarium (NCU) is a Department of the North Carolina Botanical Garden of the University of North Carolina at Chapel Hill. The vascular plant collection is world-wide in scope, and focuses on the native flora of the Southeastern United States. Approximately 450,000 of our ca. 600,000 specimens will be imaged &amp; databased for THE KEY TO THE CABINETS: BUILDING &amp; SUSTAINING A RESEARCH DATABASE FOR A GLOBAL BIODIVERSITY HOTSPOT. NCU also curates plant fossils (esp. Devonian and collections of Patricia Gensel), fungi (esp. collections of W.C. Coker, J.N. Couch, A. B. Seymour), lichens (esp. collections of Gary Perlmutter), bryophytes, and algae (esp. red marine algae of temperate zones and collections of Max Hommersand &amp; Paul Gabrielson). NCU is open to the public &amp; welcomes researchers; contact Curator to reserve on-campus parking permit.</para></abstract></collection><collection identifier="afa92649-e7ab-404c-8650-5a31604ff168" id="249"><alternateIdentifier>http://sernecportal.org/portal/collections/misc/collprofiles.php?collid=249</alternateIdentifier><parentCollectionIdentifier>FLAS</parentCollectionIdentifier><collectionIdentifier></collectionIdentifier><collectionName>University of Florida Herbarium</collectionName><resourceLogoUrl>http://sernecportal.org/portal/content/collicon/FLAS-.jpg</resourceLogoUrl><onlineUrl>http://www.floridamuseum.ufl.edu/herbarium</onlineUrl><intellectualRights>http://creativecommons.org/licenses/by-nc/3.0/</intellectualRights><additionalInfo>University of Florida</additionalInfo><abstract></abstract><associatedParty><userId>5047</userId><individualName>Kent Perkins</individualName><surname>Perkins</surname><givenname>Kent</givenname><electronicMailAddress>kperkins@flmnh.ufl.edu</electronicMailAddress><positionName>Collection Manager</positionName></associatedParty></collection><collection identifier="7105565b-6cd4-400b-917b-fa3d8da78576" id="282"><alternateIdentifier>http://sernecportal.org/portal/collections/misc/collprofiles.php?collid=282</alternateIdentifier><parentCollectionIdentifier>MWCF</parentCollectionIdentifier><collectionIdentifier></collectionIdentifier><collectionName>University of Mary Washington Herbarium</collectionName><onlineUrl>http://umwplantcollections.net/herbarium/</onlineUrl><intellectualRights>http://creativecommons.org/licenses/by-nc/3.0/</intellectualRights><abstract></abstract><associatedParty><userId>5421</userId><individualName>Jill Spear</individualName><surname>Spear</surname><givenname>Jill</givenname><electronicMailAddress>jspear@umw.edu</electronicMailAddress><positionName>Assistant Herbarium Curator</positionName></associatedParty><associatedParty><userId>5438</userId><individualName>April Wynn</individualName><surname>Wynn</surname><givenname>April</givenname><electronicMailAddress>awynn@umw.edu</electronicMailAddress><positionName>Assistant Professor of Biological Sciences</positionName></associatedParty></collection><collection identifier="a3883acd-bc7d-40f2-a6e4-372a3435e5d1" id="328"><alternateIdentifier>http://sernecportal.org/portal/collections/misc/collprofiles.php?collid=328</alternateIdentifier><parentCollectionIdentifier>CM</parentCollectionIdentifier><collectionIdentifier></collectionIdentifier><collectionName>Carnegie Museum of Natural History Herbarium</collectionName><resourceLogoUrl>http://intermountainbiota.org/portal/content/collicon/cm.jpg</resourceLogoUrl><onlineUrl>http://www.carnegiemnh.org/botany/collection.html</onlineUrl><intellectualRights>http://creativecommons.org/publicdomain/zero/1.0/</intellectualRights><additionalInfo>Carnegie Museum of Natural History</additionalInfo><associatedParty><userId>6197</userId><individualName>Bonnie Isaac</individualName><surname>Isaac</surname><givenname>Bonnie</givenname><electronicMailAddress>IsaacB@CarnegieMNH.org</electronicMailAddress></associatedParty><abstract><para>The Carnegie Museum herbarium (CM) has over 530,000 worldwide vascular plant specimens as well as the best representation in any herbarium of specimens from western Pennsylvania and the Upper Ohio Basin. CM holds the private herbarium of Hannibal and Tyrecca Davis containing 20,000 specimens with a concentration on Rubus (Rosaceae).</para></abstract></collection><collection identifier="eefc8d2f-42bb-4ba2-92d7-52a4290a6fac" id="382"><alternateIdentifier>http://sernecportal.org/portal/collections/misc/collprofiles.php?collid=382</alternateIdentifier><parentCollectionIdentifier>USF</parentCollectionIdentifier><collectionIdentifier></collectionIdentifier><collectionName>University of South Florida Herbarium</collectionName><resourceLogoUrl>http://sernecportal.org/portal/content/collicon/usf.jpg</resourceLogoUrl><onlineUrl>http://biology.usf.edu/cmmb/research/herbarium.aspx</onlineUrl><intellectualRights>http://creativecommons.org/licenses/by/3.0/</intellectualRights><associatedParty><userId>5308</userId><individualName>Alan Franck</individualName><surname>Franck</surname><givenname>Alan</givenname><electronicMailAddress>afranck@mail.usf.edu</electronicMailAddress><positionName>Herbarium Curator</positionName></associatedParty><abstract><para>The USF Herbarium was established as a research and teaching collection in 1958 by George R. Cooley, two years after the founding of the University of South Florida. The USF Herbarium is the second largest collection in Florida, the seventh largest in the southeastern United States, and ranks in the upper third of the world's herbaria in size. The herbarium contains approximately 280,000 specimens, consisting of about 260,000 specimens of vascular plants, 14,000 algae, 2,800 bryophytes, 1,300 lichens, and 300 macrofungi. The collection contains approximately 400 type specimens. The herbarium is richest in specimens from Florida (~40%), with additional holdings from North America north of Mexico (~35%), Latin America and the West Indies (~15%), and the Eastern Hemisphere (~10%). Specific groups well represented in the herbarium include Acanthaceae, Apocynaceae, Begoniaceae, Bromeliaceae, Fabaceae, Orchidaceae, and pteridophytes (ferns).</para></abstract></collection></symbiota></metadata></additionalMetadata></eml:eml>
