coreid,identifier,accessURI,thumbnailAccessURI,goodQualityAccessURI,rights,Owner,UsageTerms,WebStatement,caption,comments,providerManagedID,MetadataDate,format,associatedSpecimenReference,type,subtype,metadataLanguage
14671111,http://sweetgum.nybg.org/images3/575/026/01379399.jpg,http://sweetgum.nybg.org/images3/575/026/01379399.jpg,http://sweetgum.nybg.org/images3/575/026/01379399.thumb.jpg,,,"New York Botanical Garden (NY)","CC BY-NC (Attribution-Non-Commercial)",http://creativecommons.org/licenses/by-nc/3.0/,,,urn:uuid:45a78249-960e-42b6-a25d-797571ecfe16,"2017-06-20 18:41:04",image/jpeg,http://sernecportal.org/portal/collections/individual/index.php?occid=14671111,StillImage,Photograph,en
14767265,http://sweetgum.nybg.org/images3/575/042/01379415.jpg,http://sweetgum.nybg.org/images3/575/042/01379415.jpg,http://sweetgum.nybg.org/images3/575/042/01379415.thumb.jpg,,,"New York Botanical Garden (NY)","CC BY-NC (Attribution-Non-Commercial)",http://creativecommons.org/licenses/by-nc/3.0/,,,urn:uuid:b1ac8b9e-6d1b-4518-a099-0198a3a95545,"2017-06-20 18:41:04",image/jpeg,http://sernecportal.org/portal/collections/individual/index.php?occid=14767265,StillImage,Photograph,en
14781592,http://sweetgum.nybg.org/images3/1695/349/02514318.jpg,http://sweetgum.nybg.org/images3/1695/349/02514318.jpg,http://sweetgum.nybg.org/images3/1695/349/02514318.thumb.jpg,,,"New York Botanical Garden (NY)","CC BY-NC (Attribution-Non-Commercial)",http://creativecommons.org/licenses/by-nc/3.0/,,,urn:uuid:dc424eac-121c-4536-8e5e-dbcf6d2c86ef,"2017-06-20 18:41:04",image/jpeg,http://sernecportal.org/portal/collections/individual/index.php?occid=14781592,StillImage,Photograph,en
14822665,http://sweetgum.nybg.org/images3/575/034/01379407.jpg,http://sweetgum.nybg.org/images3/575/034/01379407.jpg,http://sweetgum.nybg.org/images3/575/034/01379407.thumb.jpg,,,"New York Botanical Garden (NY)","CC BY-NC (Attribution-Non-Commercial)",http://creativecommons.org/licenses/by-nc/3.0/,,,urn:uuid:0b841606-7cb7-4168-89c4-5323fa4bf9c0,"2017-06-20 18:41:04",image/jpeg,http://sernecportal.org/portal/collections/individual/index.php?occid=14822665,StillImage,Photograph,en
14869518,http://sweetgum.nybg.org/images3/1805/728/02578829.jpg,http://sweetgum.nybg.org/images3/1805/728/02578829.jpg,http://sweetgum.nybg.org/images3/1805/728/02578829.thumb.jpg,,,"New York Botanical Garden (NY)","CC BY-NC (Attribution-Non-Commercial)",http://creativecommons.org/licenses/by-nc/3.0/,,,urn:uuid:670b64d7-3f99-425e-9e2b-a2571a51362d,"2017-06-20 18:41:04",image/jpeg,http://sernecportal.org/portal/collections/individual/index.php?occid=14869518,StillImage,Photograph,en
14877071,http://sweetgum.nybg.org/images3/575/041/01379414.jpg,http://sweetgum.nybg.org/images3/575/041/01379414.jpg,http://sweetgum.nybg.org/images3/575/041/01379414.thumb.jpg,,,"New York Botanical Garden (NY)","CC BY-NC (Attribution-Non-Commercial)",http://creativecommons.org/licenses/by-nc/3.0/,,,urn:uuid:c0d99498-d3a5-434b-ade8-fbcf309d264d,"2017-06-20 18:41:04",image/jpeg,http://sernecportal.org/portal/collections/individual/index.php?occid=14877071,StillImage,Photograph,en
14956866,http://sweetgum.nybg.org/images3/575/032/01379405.jpg,http://sweetgum.nybg.org/images3/575/032/01379405.jpg,http://sweetgum.nybg.org/images3/575/032/01379405.thumb.jpg,,,"New York Botanical Garden (NY)","CC BY-NC (Attribution-Non-Commercial)",http://creativecommons.org/licenses/by-nc/3.0/,,,urn:uuid:3f261384-608e-47a0-92c6-cb0f46a70b16,"2017-06-20 18:41:04",image/jpeg,http://sernecportal.org/portal/collections/individual/index.php?occid=14956866,StillImage,Photograph,en
15134717,http://sweetgum.nybg.org/images3/575/044/01379417.jpg,http://sweetgum.nybg.org/images3/575/044/01379417.jpg,http://sweetgum.nybg.org/images3/575/044/01379417.thumb.jpg,,,"New York Botanical Garden (NY)","CC BY-NC (Attribution-Non-Commercial)",http://creativecommons.org/licenses/by-nc/3.0/,,,urn:uuid:dd2588df-8b85-4c14-ae81-16f5dc583056,"2017-06-20 18:41:04",image/jpeg,http://sernecportal.org/portal/collections/individual/index.php?occid=15134717,StillImage,Photograph,en
15174548,http://sweetgum.nybg.org/images3/1695/352/02514321.jpg,http://sweetgum.nybg.org/images3/1695/352/02514321.jpg,http://sweetgum.nybg.org/images3/1695/352/02514321.thumb.jpg,,,"New York Botanical Garden (NY)","CC BY-NC (Attribution-Non-Commercial)",http://creativecommons.org/licenses/by-nc/3.0/,,,urn:uuid:e0cc0c86-fa80-47b7-a65a-c1ac02822db7,"2017-06-20 18:41:04",image/jpeg,http://sernecportal.org/portal/collections/individual/index.php?occid=15174548,StillImage,Photograph,en
15181144,http://sweetgum.nybg.org/images3/575/040/01379413.jpg,http://sweetgum.nybg.org/images3/575/040/01379413.jpg,http://sweetgum.nybg.org/images3/575/040/01379413.thumb.jpg,,,"New York Botanical Garden (NY)","CC BY-NC (Attribution-Non-Commercial)",http://creativecommons.org/licenses/by-nc/3.0/,,,urn:uuid:aaba79e3-6c74-4411-b20e-2de0d72f2c21,"2017-06-20 18:41:04",image/jpeg,http://sernecportal.org/portal/collections/individual/index.php?occid=15181144,StillImage,Photograph,en
15244350,http://sweetgum.nybg.org/images3/575/027/01379400.jpg,http://sweetgum.nybg.org/images3/575/027/01379400.jpg,http://sweetgum.nybg.org/images3/575/027/01379400.thumb.jpg,,,"New York Botanical Garden (NY)","CC BY-NC (Attribution-Non-Commercial)",http://creativecommons.org/licenses/by-nc/3.0/,,,urn:uuid:bacd31eb-182d-4e3d-b4f2-d064c6748065,"2017-06-20 18:41:04",image/jpeg,http://sernecportal.org/portal/collections/individual/index.php?occid=15244350,StillImage,Photograph,en
15280115,http://sweetgum.nybg.org/images3/575/045/01379418.jpg,http://sweetgum.nybg.org/images3/575/045/01379418.jpg,http://sweetgum.nybg.org/images3/575/045/01379418.thumb.jpg,,,"New York Botanical Garden (NY)","CC BY-NC (Attribution-Non-Commercial)",http://creativecommons.org/licenses/by-nc/3.0/,,,urn:uuid:08f37b6e-5273-416f-a00e-196ff6d169b6,"2017-06-20 18:41:04",image/jpeg,http://sernecportal.org/portal/collections/individual/index.php?occid=15280115,StillImage,Photograph,en
15290552,http://sweetgum.nybg.org/images3/1695/350/02514319.jpg,http://sweetgum.nybg.org/images3/1695/350/02514319.jpg,http://sweetgum.nybg.org/images3/1695/350/02514319.thumb.jpg,,,"New York Botanical Garden (NY)","CC BY-NC (Attribution-Non-Commercial)",http://creativecommons.org/licenses/by-nc/3.0/,,,urn:uuid:b46d18ee-721e-4e15-a6fb-caa792f72633,"2017-06-20 18:41:04",image/jpeg,http://sernecportal.org/portal/collections/individual/index.php?occid=15290552,StillImage,Photograph,en
19376556,https://cdn.plantatlas.org/img/specimens/USF/142883.jpg,https://cdn.plantatlas.org/img/specimens/USF/142883.jpg,https://cdn.plantatlas.org/img/specimens/USF/thumbs/142883.jpg,http://sernecportal.org/imglib/sernec/USF/00142/142883_1526963229_web.jpg,,"University of South Florida Herbarium (USF)","CC BY (Attribution)",http://creativecommons.org/licenses/by/3.0/,,,urn:uuid:6880e4e9-3129-4aa4-bcde-db8104de6266,"2018-03-29 10:29:17",image/jpeg,http://sernecportal.org/portal/collections/individual/index.php?occid=19376556,StillImage,Photograph,en
