id,institutionCode,collectionCode,ownerInstitutionCode,basisOfRecord,occurrenceID,catalogNumber,otherCatalogNumbers,kingdom,phylum,class,order,family,scientificName,taxonID,scientificNameAuthorship,genus,specificEpithet,taxonRank,infraspecificEpithet,identifiedBy,dateIdentified,identificationReferences,identificationRemarks,taxonRemarks,identificationQualifier,typeStatus,recordedBy,associatedCollectors,recordNumber,eventDate,year,month,day,startDayOfYear,endDayOfYear,verbatimEventDate,occurrenceRemarks,habitat,substrate,verbatimAttributes,fieldNumber,informationWithheld,dataGeneralizations,dynamicProperties,associatedTaxa,reproductiveCondition,establishmentMeans,cultivationStatus,lifeStage,sex,individualCount,preparations,country,stateProvince,county,municipality,locality,locationRemarks,localitySecurity,localitySecurityReason,decimalLatitude,decimalLongitude,geodeticDatum,coordinateUncertaintyInMeters,verbatimCoordinates,georeferencedBy,georeferenceProtocol,georeferenceSources,georeferenceVerificationStatus,georeferenceRemarks,minimumElevationInMeters,maximumElevationInMeters,minimumDepthInMeters,maximumDepthInMeters,verbatimDepth,verbatimElevation,disposition,language,recordEnteredBy,modified,sourcePrimaryKey-dbpk,collId,recordId,references
4141376,ARCH,herbarium,,PreservedSpecimen,urn:uuid:0ca1bd6e-ba3e-47b3-8cfc-5605716d698c,ARCH03314,3314,Plantae,Magnoliophyta,,Santalales,LORANTHACEAE,"Phoradendron rubrum",95249,"(L.) Griseb.",Phoradendron,rubrum,,,,,,,,,,"L.J. Brass",,,,1963,,,,,,,,,"Fruit 2-3 mm diameter, lemon yellow to light orange.",,"field values redacted: eventDate, month, day, startDayOfYear, locality, habitat",,,,,,,,,,,U.S.A.,Florida,Monroe,,,,1,,,,,,,,,,,,,,,,,,,,,"2015-07-22 16:50:29",ARCH03314,160,urn:uuid:0e43d383-badd-4ea7-af13-9c96efecd5fd,http://sernecportal.org/portal/collections/individual/index.php?occid=4141376
4141377,ARCH,herbarium,,PreservedSpecimen,urn:uuid:3b57213d-0af7-48be-88ea-538ca8967f94,ARCH03315,3315,Plantae,Magnoliophyta,,Santalales,LORANTHACEAE,"Phoradendron rubrum",95249,"(L.) Griseb.",Phoradendron,rubrum,,,,,,,,,,"L.J. Brass",,,,1945,,,,,,,,,"Leaves dark green.",,"field values redacted: eventDate, month, day, startDayOfYear, recordNumber, locality, habitat",,,,,,,,,,,U.S.A.,Florida,Glades,,,,1,,,,,,,,,,,,,,,,,,,,,"2015-07-22 16:50:29",ARCH03315,160,urn:uuid:2cceeb8a-7c78-4359-b455-45368776f451,http://sernecportal.org/portal/collections/individual/index.php?occid=4141377
7342203,WJC,,,PreservedSpecimen,2b1f9548-2a1f-449f-a765-1e36fb576aee,WJC0000401,s.p.,Plantae,Magnoliophyta,,Santalales,Santalaceae,"Phoradendron rubrum",95249,"(L.) Griseb.",Phoradendron,rubrum,,,"Assumed to be collector","Assumed to be collection date",,,,,,"Wanda Ponder","C. Alvarez",7648,1952-10-18,1952,10,18,292,,10-18-52,,,,,,,,,,Non-reproductive,,,,,,,Paraguay,Asuncion,,,"Near Asuncion",,,,,,,,,,,,,,,,,,,,,,lamba,"2015-08-20 11:41:02",,190,urn:uuid:2b1f9548-2a1f-449f-a765-1e36fb576aee,http://sernecportal.org/portal/collections/individual/index.php?occid=7342203
10848050,MO,,MOBOT,PreservedSpecimen,urn:catalog:MO:Tropicos:100792958,100792958,,Plantae,Magnoliophyta,,Santalales,Santalaceae,"Phoradendron rubrum",95249,"(L.) Griseb.",Phoradendron,rubrum,,,,,,,,,,"J. Richard Abbott",,,,2008,,,,,,,,,,,"field values redacted: eventDate, month, day, startDayOfYear, verbatimEventDate, recordNumber, locality, decimalLatitude, decimalLongitude",,,,,,,,,,,"United States",Florida,Dade,,,,1,,,,,,,,,,,,,,,,,,,,,"2015-03-11 09:59:00",urn:catalog:MO:Tropicos:100792958,157,urn:uuid:7a112273-bd29-4b5b-9493-a4c92db02a32,http://sernecportal.org/portal/collections/individual/index.php?occid=10848050
11602683,MWCF,,,PreservedSpecimen,521c75f6-3931-49a8-a988-3c58822b903d,MWCF-0004044,,Plantae,Magnoliophyta,,Santalales,Santalaceae,"Phoradendron rubrum",95249,"(L.) Griseb.",Phoradendron,rubrum,,,,,,,,,,,,,,,,,,,,,,,,,,,,,,,,,,,,Jamaica,"Saint Andrew",,,,,,,,,,,,,,,,,,,,,,,,en,econtomp,"2016-11-19 03:32:25",,282,urn:uuid:521c75f6-3931-49a8-a988-3c58822b903d,http://sernecportal.org/portal/collections/individual/index.php?occid=11602683
11602684,MWCF,,,PreservedSpecimen,9256bc51-f021-4515-bee1-a92ea555a8a6,MWCF-0004045,,Plantae,Magnoliophyta,,Santalales,Santalaceae,"Phoradendron rubrum",95249,"(L.) Griseb.",Phoradendron,rubrum,,,,,,,,,,,,,,,,,,,,,,,,,,,,,,,,,,,,Jamaica,"Saint Andrew",,,,,,,,,,,,,,,,,,,,,,,,en,econtomp,"2016-11-19 03:32:25",,282,urn:uuid:9256bc51-f021-4515-bee1-a92ea555a8a6,http://sernecportal.org/portal/collections/individual/index.php?occid=11602684
11602686,MWCF,,,PreservedSpecimen,6b3fd76a-0a58-4d82-bf2b-76c4439be82a,MWCF-0004046,,Plantae,Magnoliophyta,,Santalales,Santalaceae,"Phoradendron rubrum",95249,"(L.) Griseb.",Phoradendron,rubrum,,,,,,,,,,,,,,,,,,,,,,,,,,,,,,,,,,,,Jamaica,"Saint Andrew",,,,,,,,,,,,,,,,,,,,,,,,en,econtomp,"2016-11-19 03:32:25",,282,urn:uuid:6b3fd76a-0a58-4d82-bf2b-76c4439be82a,http://sernecportal.org/portal/collections/individual/index.php?occid=11602686
12230794,CM,,,PreservedSpecimen,FF885894-AA8A-4EAB-9257-21345F81050F,CM433647,,Plantae,Magnoliophyta,,Santalales,Santalaceae,"Phoradendron rubrum",95249,"(L.) Griseb.",Phoradendron,rubrum,,,,,,,,,,"Pringle, C.G.",,80,1903-01-31,1903,1,31,31,,"31 Jan 1903",,,,,,,,,,,,0,,,,,Cuba,"Santa Clara",,,"Colonia Limones, Ingenio Soledad, near Cienfuegos",,0,,,,,,",",,,,,,,,,,,,,,,"2003-03-10 00:00:00",CM433647,328,urn:uuid:b26cd635-ed7b-468a-8b2f-8323101a8401,http://sernecportal.org/portal/collections/individual/index.php?occid=12230794
13683375,NCU,,,PreservedSpecimen,2368d9c7-1dba-4e51-9486-79a53fa69af1,NCU00268331,,Plantae,Magnoliophyta,,Santalales,Santalaceae,"Phoradendron rubrum",95249,"(L.) Griseb.",Phoradendron,rubrum,,,,,,,,,,,,,,,,,,,,,,,,,,,,,,,,,,,,"United States",Florida,Monroe,,,,1,,,,,,,,,,,,,,,,,,,en,ruthmoffatt,"2017-03-24 12:32:21",,206,urn:uuid:2368d9c7-1dba-4e51-9486-79a53fa69af1,http://sernecportal.org/portal/collections/individual/index.php?occid=13683375
14671111,NY,,,PreservedSpecimen,038f4e30-5214-4827-ad0a-d7661c406f6c,1379399,,Plantae,Magnoliophyta,,Santalales,Santalaceae,"Phoradendron rubrum",95249,"(L.) Griseb.",Phoradendron,rubrum,,,,,,,,,,,,,,,,,,,,,,,,,,,,,,,,,,,,,,,,,,,,,,,,,,,,,,,,,,,,,en,,"2016-10-21 00:00:00",038f4e30-5214-4827-ad0a-d7661c406f6c,40,urn:uuid:2fa77aa8-9fc9-4613-9197-d727d80602cc,http://sernecportal.org/portal/collections/individual/index.php?occid=14671111
14767265,NY,,,PreservedSpecimen,2a90cb13-432d-4a0b-b9bf-37856abc8c3c,1379415,,Plantae,Magnoliophyta,,Santalales,Santalaceae,"Phoradendron rubrum",95249,"(L.) Griseb.",Phoradendron,rubrum,,,,,,,,,,,,,,,,,,,,,,,,,,,,,,,,,,,,,,,,,,,,,,,,,,,,,,,,,,,,,en,,"2016-10-21 00:00:00",2a90cb13-432d-4a0b-b9bf-37856abc8c3c,40,urn:uuid:d09999ae-e471-41ff-9941-e856f50b2afe,http://sernecportal.org/portal/collections/individual/index.php?occid=14767265
14781592,NY,,,PreservedSpecimen,306c2f1a-04d8-4a7e-9d1c-9dd5d6b5826c,2514318,,Plantae,Magnoliophyta,,Santalales,Santalaceae,"Phoradendron rubrum",95249,"(L.) Griseb.",Phoradendron,rubrum,,,,,,,,,,,,,,,,,,,,,,,,,,,,,,,,,,,,,,,,,,,,,,,,,,,,,,,,,,,,,en,,"2016-09-28 00:00:00",306c2f1a-04d8-4a7e-9d1c-9dd5d6b5826c,40,urn:uuid:8fc976d6-a609-4f2c-a205-e3e68a7817a4,http://sernecportal.org/portal/collections/individual/index.php?occid=14781592
14822665,NY,,,PreservedSpecimen,411b6a76-b668-4f81-9aac-7a79fafb3de0,1379407,,Plantae,Magnoliophyta,,Santalales,Santalaceae,"Phoradendron rubrum",95249,"(L.) Griseb.",Phoradendron,rubrum,,,,,,,,,,,,,,,,,,,,,,,,,,,,,,,,,,,,,,,,,,,,,,,,,,,,,,,,,,,,,en,,"2016-10-21 00:00:00",411b6a76-b668-4f81-9aac-7a79fafb3de0,40,urn:uuid:8a91a0ef-d2b5-4e9a-86c4-5fb4bf6e4964,http://sernecportal.org/portal/collections/individual/index.php?occid=14822665
14869518,NY,,,PreservedSpecimen,540ee7cd-38fe-4fca-b0ac-c5f1a42492e0,2578829,,Plantae,Magnoliophyta,,Santalales,Santalaceae,"Phoradendron rubrum",95249,"(L.) Griseb.",Phoradendron,rubrum,,,,,,,,,,,,,,,,,,,,,,,,,,,,,,,,,,,,,,,,,,,,,,,,,,,,,,,,,,,,,en,,"2016-11-07 00:00:00",540ee7cd-38fe-4fca-b0ac-c5f1a42492e0,40,urn:uuid:159f1519-0529-42d4-b2db-c7d9ab4771ad,http://sernecportal.org/portal/collections/individual/index.php?occid=14869518
14877071,NY,,,PreservedSpecimen,570b668b-b38e-472c-92b6-c47e3da12270,1379414,,Plantae,Magnoliophyta,,Santalales,Santalaceae,"Phoradendron rubrum",95249,"(L.) Griseb.",Phoradendron,rubrum,,,,,,,,,,,,,,,,,,,,,,,,,,,,,,,,,,,,,,,,,,,,,,,,,,,,,,,,,,,,,en,,"2016-10-21 00:00:00",570b668b-b38e-472c-92b6-c47e3da12270,40,urn:uuid:fb35fd66-823b-4d78-9f75-90a6e33dc720,http://sernecportal.org/portal/collections/individual/index.php?occid=14877071
14956866,NY,,,PreservedSpecimen,77420af8-66e0-4f5b-8073-0ee80749db9b,1379405,,Plantae,Magnoliophyta,,Santalales,Santalaceae,"Phoradendron rubrum",95249,"(L.) Griseb.",Phoradendron,rubrum,,,,,,,,,,,,,,,,,,,,,,,,,,,,,,,,,,,,,,,,,,,,,,,,,,,,,,,,,,,,,en,,"2016-10-21 00:00:00",77420af8-66e0-4f5b-8073-0ee80749db9b,40,urn:uuid:f4e1c019-674d-4f9a-977c-a7bf1f357e9a,http://sernecportal.org/portal/collections/individual/index.php?occid=14956866
15134717,NY,,,PreservedSpecimen,bf3f28ed-0b3a-4a0c-8f4f-ff695793f906,1379417,,Plantae,Magnoliophyta,,Santalales,Santalaceae,"Phoradendron rubrum",95249,"(L.) Griseb.",Phoradendron,rubrum,,,,,,,,,,,,,,,,,,,,,,,,,,,,,,,,,,,,,,,,,,,,,,,,,,,,,,,,,,,,,en,,"2016-10-21 00:00:00",bf3f28ed-0b3a-4a0c-8f4f-ff695793f906,40,urn:uuid:e7b542fd-f114-4fc5-9df9-d663aaf961bb,http://sernecportal.org/portal/collections/individual/index.php?occid=15134717
15174548,NY,,,PreservedSpecimen,cf3be1a8-ce04-47d4-8f06-8f02c0ada156,2514321,,Plantae,Magnoliophyta,,Santalales,Santalaceae,"Phoradendron rubrum",95249,"(L.) Griseb.",Phoradendron,rubrum,,,,,,,,,,,,,,,,,,,,,,,,,,,,,,,,,,,,,,,,,,,,,,,,,,,,,,,,,,,,,en,,"2016-09-28 00:00:00",cf3be1a8-ce04-47d4-8f06-8f02c0ada156,40,urn:uuid:09d6e9c7-942a-4ca6-878b-26c236884852,http://sernecportal.org/portal/collections/individual/index.php?occid=15174548
15181144,NY,,,PreservedSpecimen,d1e8da0b-483a-48c5-b52e-9fff295a87c4,1379413,,Plantae,Magnoliophyta,,Santalales,Santalaceae,"Phoradendron rubrum",95249,"(L.) Griseb.",Phoradendron,rubrum,,,,,,,,,,,,,,,,,,,,,,,,,,,,,,,,,,,,,,,,,,,,,,,,,,,,,,,,,,,,,en,,"2016-10-21 00:00:00",d1e8da0b-483a-48c5-b52e-9fff295a87c4,40,urn:uuid:2af29f1c-29a4-4d91-ae45-f3bb24360b3a,http://sernecportal.org/portal/collections/individual/index.php?occid=15181144
15244350,NY,,,PreservedSpecimen,eb6da442-5f04-44b8-b4fb-69dd9347d334,1379400,,Plantae,Magnoliophyta,,Santalales,Santalaceae,"Phoradendron rubrum",95249,"(L.) Griseb.",Phoradendron,rubrum,,,,,,,,,,,,,,,,,,,,,,,,,,,,,,,,,,,,,,,,,,,,,,,,,,,,,,,,,,,,,en,,"2016-10-21 00:00:00",eb6da442-5f04-44b8-b4fb-69dd9347d334,40,urn:uuid:4701417b-ed45-4f73-bd8d-a3ca139cec58,http://sernecportal.org/portal/collections/individual/index.php?occid=15244350
15280115,NY,,,PreservedSpecimen,fa0267b2-b0ee-4b51-830d-34aaf2e36c92,1379418,,Plantae,Magnoliophyta,,Santalales,Santalaceae,"Phoradendron rubrum",95249,"(L.) Griseb.",Phoradendron,rubrum,,,,,,,,,,,,,,,,,,,,,,,,,,,,,,,,,,,,,,,,,,,,,,,,,,,,,,,,,,,,,en,,"2016-10-21 00:00:00",fa0267b2-b0ee-4b51-830d-34aaf2e36c92,40,urn:uuid:1fc357d8-623a-41c2-be68-0f173d8e5931,http://sernecportal.org/portal/collections/individual/index.php?occid=15280115
15290552,NY,,,PreservedSpecimen,fe4052b1-70c4-4a47-b7a4-08b3fe9c1676,2514319,,Plantae,Magnoliophyta,,Santalales,Santalaceae,"Phoradendron rubrum",95249,"(L.) Griseb.",Phoradendron,rubrum,,,,,,,,,,,,,,,,,,,,,,,,,,,,,,,,,,,,,,,,,,,,,,,,,,,,,,,,,,,,,en,,"2016-09-28 00:00:00",fe4052b1-70c4-4a47-b7a4-08b3fe9c1676,40,urn:uuid:e4a069aa-7fc3-4545-8c76-c3aa80967904,http://sernecportal.org/portal/collections/individual/index.php?occid=15290552
16020196,FLAS,,FLAS,PreservedSpecimen,c11546d2-c03e-4b21-8369-ee47510b9b63,42737,,Plantae,Magnoliophyta,,Santalales,Loranthaceae,"Phoradendron rubrum",95249,"(L.) Griseb.",Phoradendron,rubrum,,,,,,,,,,"S.J. Lynch",,,,1944,,,,,,,,,,,"field values redacted: eventDate, month, day, startDayOfYear, verbatimEventDate, locality, informationWithheld",,,,fruiting,,,,,,"Preserved herbarium specimens","United States",Florida,Monroe,,,,1,,,,,,,,,,,,,,,,,,FLASCAT,en,,"2018-03-20 14:52:43",c11546d2-c03e-4b21-8369-ee47510b9b63,249,urn:uuid:bea679f4-9b87-4435-9710-eb83cd125a7b,http://sernecportal.org/portal/collections/individual/index.php?occid=16020196
16031796,FLAS,,FLAS,PreservedSpecimen,4291087e-7323-454c-b454-8c6b5cded167,135773,,Plantae,Magnoliophyta,,Santalales,Loranthaceae,"Phoradendron rubrum",95249,"(L.) Griseb.",Phoradendron,rubrum,,,,,,,,,,"G.N. Avery & C. Clift",,,,1976,,,,,,,,,,,"field values redacted: eventDate, month, day, startDayOfYear, verbatimEventDate, recordNumber, locality, informationWithheld",,,,"flowering and fruiting",,,,,,"Preserved herbarium specimens","United States",Florida,Monroe,,,,1,,,,,,,,,,,,,,,,,,FLASCAT,en,,"2018-03-20 14:52:43",4291087e-7323-454c-b454-8c6b5cded167,249,urn:uuid:8df51dc4-8b5d-4116-b7ad-a7ea5e317dc4,http://sernecportal.org/portal/collections/individual/index.php?occid=16031796
16040061,FLAS,,FLAS,PreservedSpecimen,f8481ba4-1dfb-4f56-a49a-9520048868fc,181361,,Plantae,Magnoliophyta,,Santalales,Loranthaceae,"Phoradendron rubrum",95249,"(L.) Griseb.",Phoradendron,rubrum,,,,,,,,,,"Wendy B. Zomlefer",,,,1992,,,,,,,,,,,"field values redacted: eventDate, month, day, startDayOfYear, verbatimEventDate, recordNumber, locality, informationWithheld",,,,flowering,,,,,,"Preserved herbarium specimens","United States",Florida,Miami-Dade,,,,1,,,,,,,,,,,,,,,,,,FLASCAT,en,,"2018-03-20 14:52:43",f8481ba4-1dfb-4f56-a49a-9520048868fc,249,urn:uuid:550b2b60-7962-4721-a733-8dd2031b1fde,http://sernecportal.org/portal/collections/individual/index.php?occid=16040061
16071541,FLAS,,FLAS,PreservedSpecimen,e5a16a5f-c639-44da-8e88-fa7f4966f7c6,232322,,Plantae,Magnoliophyta,,Santalales,Loranthaceae,"Phoradendron rubrum",95249,"(L.) Griseb.",Phoradendron,rubrum,,,,,,,,,,"J. Richard Abbott",,,,2008,,,,,,"[DNA ann.:] Voucher for plant DNA banking and BARFF (Barcoding the Flora of Florida) by J. Richard Abbott, Kurt M. Neubig, W. Mark Whitten, Norris H. Williams & Kent D. Perkins. [2012]",,,,,"field values redacted: eventDate, month, day, startDayOfYear, verbatimEventDate, recordNumber, locality, decimalLatitude, decimalLongitude, informationWithheld",,,,flowering,cultivated,,,,,"Preserved herbarium specimens","United States",Florida,Miami-Dade,,,,1,,,,,,,,,,,,,,,,,,FLASCAT,en,,"2018-03-20 14:52:43",e5a16a5f-c639-44da-8e88-fa7f4966f7c6,249,urn:uuid:79a0fda7-63be-4e0e-a47e-54b4a5357d56,http://sernecportal.org/portal/collections/individual/index.php?occid=16071541
19262292,USF,Herb,,PreservedSpecimen,1D5DCB71-6F57-409D-9586-C1845EB9530A,127376,,Plantae,Magnoliophyta,,Santalales,Viscaceae,"Phoradendron rubrum",95249,"(L.) Griseb.",Phoradendron,rubrum,,,,,,,,,,"G. N. Avery, C. Clift",,,,1976,,,,,,,,,,,"field values redacted: eventDate, month, day, startDayOfYear, verbatimEventDate, recordNumber, habitat",,"{""habit"":""On Swietenia mahagoni; plants more or less globose, ca. 1 m diameter; leaves dull green, to 8 cm long x 3.5 cm wide; fruit globose, 4 mm diameter, pinkish orange, the tepals yellow.""}",,"Fertile |",,,,,,,"United States",Florida,"Monroe Co.",,,,1,,,,,,,,,,,,,,,,,,,en,,"2018-03-29 14:00:43",1D5DCB71-6F57-409D-9586-C1845EB9530A,382,urn:uuid:d91d1dbb-eb5d-4ecd-b770-381dc3f2dfad,http://sernecportal.org/portal/collections/individual/index.php?occid=19262292
19262293,USF,Herb,,PreservedSpecimen,FA186D20-1544-4C97-A600-5C4B6D9B817A,56834,,Plantae,Magnoliophyta,,Santalales,Viscaceae,"Phoradendron rubrum",95249,"(L.) Griseb.",Phoradendron,rubrum,,,,,,,,,,"F. C. Craighead",,,,1963,,,,,,,,,,,"field values redacted: eventDate, month, day, startDayOfYear, verbatimEventDate, recordNumber",,"{""habit"":""Berries lemmon to orange colored, 2-5 mm diameter.""}",,"Fertile |",,,,,,,"United States",Florida,"Monroe Co.",,,,1,,,,,,,,,,,,,,,,,,,en,,"2018-03-29 14:00:43",FA186D20-1544-4C97-A600-5C4B6D9B817A,382,urn:uuid:0cfc41a3-7a1d-4c82-8bc4-d9e8bf37bff0,http://sernecportal.org/portal/collections/individual/index.php?occid=19262293
19376556,USF,Herb,,PreservedSpecimen,50815863-0250-41B2-975D-38B6A7BFD95C,142883,,Plantae,Magnoliophyta,,Santalales,Viscaceae,"Phoradendron rubrum",95249,"(L.) Griseb.",Phoradendron,rubrum,,,,,,,,,,"R. P. Sauleda, D. S. Correll",,2288,1979-04-11,1979,4,11,101,,1979-4-11,,Pinelands.,,,,,,,,,,,,,,,Bahamas,"Great Abaco Island",,,"Camp Abaco Road, near first ridge.",,,,,,,,,,,,,,,,,,,,,en,,"2018-03-29 13:56:44",50815863-0250-41B2-975D-38B6A7BFD95C,382,urn:uuid:11bb3695-ec07-489e-b600-675b0dd36beb,http://sernecportal.org/portal/collections/individual/index.php?occid=19376556
