<?xml version="1.0" encoding="ISO-8859-1"?>
<eml:eml xmlns:eml="eml://ecoinformatics.org/eml-2.1.1" xmlns:dc="http://purl.org/dc/terms/" xmlns:xsi="http://www.w3.org/2001/XMLSchema-instance" xsi:schemaLocation="eml://ecoinformatics.org/eml-2.1.1 http://rs.gbif.org/schema/eml-gbif-profile/1.0.1/eml.xsd" packageId="46ff4baf-2f4c-40e8-8bec-9640ab2cc73e" system="http://symbiota.org" scope="system" xml:lang="eng"><dataset><title xml:lang="eng">SERNEC general data extract</title><creator id="17dd4489-ee9c-414a-b99b-871873f3d335"><organizationName>SERNEC</organizationName><electronicMailAddress>herrick.brown@gmail.com</electronicMailAddress><onlineUrl>http://sernecportal.org/portal/index.php</onlineUrl></creator><metadataProvider><organizationName>SERNEC</organizationName><electronicMailAddress>herrick.brown@gmail.com</electronicMailAddress><onlineUrl>http://sernecportal.org/portal/index.php</onlineUrl></metadataProvider><pubDate>2018-10-11</pubDate><language>eng</language></dataset><additionalMetadata><metadata><symbiota><dateStamp>2018-10-11T12:30:19-07:00</dateStamp><citation identifier="c0d67c1a-6c72-42d3-b6d0-8d4902ac6719">SERNEC - c0d67c1a-6c72-42d3-b6d0-8d4902ac6719</citation><physical><characterEncoding>ISO-8859-1</characterEncoding><dataFormat><externallyDefinedFormat><formatName>Darwin Core Archive</formatName></externallyDefinedFormat></dataFormat></physical><collection identifier="343cbd43-46a3-4534-9465-ffb0b1132d62" id="9"><alternateIdentifier>http://sernecportal.org/portal/collections/misc/collprofiles.php?collid=9</alternateIdentifier><parentCollectionIdentifier>UCR</parentCollectionIdentifier><collectionIdentifier></collectionIdentifier><collectionName>University of California, Riverside Plant Herbarium</collectionName><resourceLogoUrl>http://swbiodiversity.org/seinet/content/collicon/ucr.jpg</resourceLogoUrl><onlineUrl>http://herbarium.ucr.edu/Herbarium.html</onlineUrl><intellectualRights>http://creativecommons.org/licenses/by-nc/3.0/</intellectualRights><abstract></abstract><associatedParty><userId>1752</userId><individualName>Andrew Sanders</individualName><surname>Sanders</surname><givenname>Andrew</givenname><electronicMailAddress>andrew.sanders@ucr.edu</electronicMailAddress><positionName>Sr. Museum Scientist/Herbarium Curator</positionName></associatedParty></collection><collection identifier="5f887025-5ee0-453e-b25b-360c1f5e870a" id="130"><alternateIdentifier>http://sernecportal.org/portal/collections/misc/collprofiles.php?collid=130</alternateIdentifier><parentCollectionIdentifier>MWI</parentCollectionIdentifier><collectionIdentifier></collectionIdentifier><collectionName>Western Illinois University, &#8203;R. M. Myers Herbarium</collectionName><resourceLogoUrl>http://sernecportal.org/portal/content/collicon/mwi.jpg</resourceLogoUrl><onlineUrl>http://wiu.edu/users/mfer1/MWI.html</onlineUrl><intellectualRights>http://creativecommons.org/licenses/by/3.0/</intellectualRights><additionalInfo>Western Illinois University</additionalInfo><associatedParty><userId>989</userId><individualName>Eric Ribbens</individualName><surname>Ribbens</surname><givenname>Eric</givenname><electronicMailAddress>e-ribbens@wiu.edu</electronicMailAddress></associatedParty><abstract><para>The R.M. Myers Herbarium contains more than 75,000 specimens, of which most are from western Illinois or southeastern Iowa. We hold a major collection of moss specimens from western Illinois, as well as a set of &lt;i&gt;Opuntia fragilis&lt;/i&gt; specimens that document most areas where it grows in the midwest.</para></abstract></collection><collection identifier="2bed6ae5-afde-45bb-95a9-c4918414f02d" id="196"><alternateIdentifier>http://sernecportal.org/portal/collections/misc/collprofiles.php?collid=196</alternateIdentifier><parentCollectionIdentifier>BOON</parentCollectionIdentifier><collectionIdentifier></collectionIdentifier><collectionName>Appalachian State University, I. W. Carpenter, Jr. Herbarium</collectionName><resourceLogoUrl>http://sernecportal.org/portal/content/collicon/boon.jpg</resourceLogoUrl><onlineUrl>http://herbarium.appstate.edu/</onlineUrl><intellectualRights>http://creativecommons.org/publicdomain/zero/1.0/</intellectualRights><associatedParty><userId>4811</userId><individualName>Zack Murrell</individualName><surname>Murrell</surname><givenname>Zack</givenname><electronicMailAddress>murrellze@appstate.edu</electronicMailAddress><positionName>Curator</positionName></associatedParty><abstract><para>The I.W. Carpenter, Jr. Herbarium contains 30,220 as of 6/7/18. The three main functions of the ASU Herbarium are for teaching, maintenance of vouchers, and development of a research herbarium with a focus on the flora of the Southern Appalachians.</para></abstract></collection><collection identifier="17f2d0fa-39a6-4465-8055-1d6fc12eeda2" id="206"><alternateIdentifier>http://sernecportal.org/portal/collections/misc/collprofiles.php?collid=206</alternateIdentifier><parentCollectionIdentifier>NCU</parentCollectionIdentifier><collectionIdentifier></collectionIdentifier><collectionName>University of North Carolina Chapel Hill Herbarium</collectionName><resourceLogoUrl>http://sernecportal.org/portal/content/collicon/ncu.jpg</resourceLogoUrl><onlineUrl>http://www.herbarium.unc.edu/</onlineUrl><intellectualRights>http://creativecommons.org/licenses/by-nc/3.0/</intellectualRights><associatedParty><userId>4937</userId><individualName>Carol Ann McCormick</individualName><surname>McCormick</surname><givenname>Carol Ann</givenname><electronicMailAddress>mccormick@unc.edu</electronicMailAddress><positionName>Curator</positionName></associatedParty><abstract><para>The University of North Carolina Chapel Hill Herbarium (NCU) is a Department of the North Carolina Botanical Garden of the University of North Carolina at Chapel Hill. The vascular plant collection is world-wide in scope, and focuses on the native flora of the Southeastern United States. Approximately 450,000 of our ca. 600,000 specimens will be imaged &amp; databased for THE KEY TO THE CABINETS: BUILDING &amp; SUSTAINING A RESEARCH DATABASE FOR A GLOBAL BIODIVERSITY HOTSPOT. NCU also curates plant fossils (esp. Devonian and collections of Patricia Gensel), fungi (esp. collections of W.C. Coker, J.N. Couch, A. B. Seymour), lichens (esp. collections of Gary Perlmutter), bryophytes, and algae (esp. red marine algae of temperate zones and collections of Max Hommersand &amp; Paul Gabrielson). NCU is open to the public &amp; welcomes researchers; contact Curator to reserve on-campus parking permit.</para></abstract></collection><collection identifier="30fb0e54-d6f8-4750-b0ec-a305e49637ca" id="216"><alternateIdentifier>http://sernecportal.org/portal/collections/misc/collprofiles.php?collid=216</alternateIdentifier><parentCollectionIdentifier>MISSA</parentCollectionIdentifier><collectionIdentifier></collectionIdentifier><collectionName>Mississippi State University</collectionName><resourceLogoUrl>http://sernecportal.org/portal/content/collicon/missa.jpg</resourceLogoUrl><onlineUrl>http://herbarium.biology.msstate.edu/</onlineUrl><intellectualRights>http://creativecommons.org/licenses/by-nc/3.0/</intellectualRights><abstract></abstract><associatedParty><individualName>Lisa Wallace</individualName><electronicMailAddress>lwallace404@gmail.com</electronicMailAddress><positionName>Director</positionName></associatedParty></collection><collection identifier="afa92649-e7ab-404c-8650-5a31604ff168" id="249"><alternateIdentifier>http://sernecportal.org/portal/collections/misc/collprofiles.php?collid=249</alternateIdentifier><parentCollectionIdentifier>FLAS</parentCollectionIdentifier><collectionIdentifier></collectionIdentifier><collectionName>University of Florida Herbarium</collectionName><resourceLogoUrl>http://sernecportal.org/portal/content/collicon/FLAS-.jpg</resourceLogoUrl><onlineUrl>http://www.floridamuseum.ufl.edu/herbarium</onlineUrl><intellectualRights>http://creativecommons.org/licenses/by-nc/3.0/</intellectualRights><additionalInfo>University of Florida</additionalInfo><abstract></abstract><associatedParty><userId>5047</userId><individualName>Kent Perkins</individualName><surname>Perkins</surname><givenname>Kent</givenname><electronicMailAddress>kperkins@flmnh.ufl.edu</electronicMailAddress><positionName>Collection Manager</positionName></associatedParty></collection><collection identifier="28be2df2-5062-4277-a5d8-fdd890b9b10b" id="278"><alternateIdentifier>http://sernecportal.org/portal/collections/misc/collprofiles.php?collid=278</alternateIdentifier><parentCollectionIdentifier>IND</parentCollectionIdentifier><collectionIdentifier></collectionIdentifier><collectionName>Indiana University Herbarium (Deam Herbarium)</collectionName><resourceLogoUrl>http://swbiodiversity.org/seinet/content/collicon/ind.png</resourceLogoUrl><onlineUrl>https://biology.indiana.edu/research/facilities-resources/herbarium.html</onlineUrl><intellectualRights>http://creativecommons.org/licenses/by-nc/3.0/</intellectualRights><additionalInfo>The Trustees of Indiana University</additionalInfo><associatedParty><userId>5333</userId><individualName>Eric Knox</individualName><surname>Knox</surname><givenname>Eric</givenname><electronicMailAddress>eknox@indiana.edu</electronicMailAddress><positionName>Director</positionName></associatedParty><abstract><para>The Department of Biology administers the Indiana University Herbarium (IND). Founded in 1885, the herbarium houses over 152,000 specimens of vascular plants, including the collections of Charles C. Deam on which the Flora of Indiana is based.</para></abstract></collection><collection identifier="a3883acd-bc7d-40f2-a6e4-372a3435e5d1" id="328"><alternateIdentifier>http://sernecportal.org/portal/collections/misc/collprofiles.php?collid=328</alternateIdentifier><parentCollectionIdentifier>CM</parentCollectionIdentifier><collectionIdentifier></collectionIdentifier><collectionName>Carnegie Museum of Natural History Herbarium</collectionName><resourceLogoUrl>http://intermountainbiota.org/portal/content/collicon/cm.jpg</resourceLogoUrl><onlineUrl>http://www.carnegiemnh.org/botany/collection.html</onlineUrl><intellectualRights>http://creativecommons.org/publicdomain/zero/1.0/</intellectualRights><additionalInfo>Carnegie Museum of Natural History</additionalInfo><associatedParty><userId>6197</userId><individualName>Bonnie Isaac</individualName><surname>Isaac</surname><givenname>Bonnie</givenname><electronicMailAddress>IsaacB@CarnegieMNH.org</electronicMailAddress></associatedParty><abstract><para>The Carnegie Museum herbarium (CM) has over 530,000 worldwide vascular plant specimens as well as the best representation in any herbarium of specimens from western Pennsylvania and the Upper Ohio Basin. CM holds the private herbarium of Hannibal and Tyrecca Davis containing 20,000 specimens with a concentration on Rubus (Rosaceae).</para></abstract></collection><collection identifier="eefc8d2f-42bb-4ba2-92d7-52a4290a6fac" id="382"><alternateIdentifier>http://sernecportal.org/portal/collections/misc/collprofiles.php?collid=382</alternateIdentifier><parentCollectionIdentifier>USF</parentCollectionIdentifier><collectionIdentifier></collectionIdentifier><collectionName>University of South Florida Herbarium</collectionName><resourceLogoUrl>http://sernecportal.org/portal/content/collicon/usf.jpg</resourceLogoUrl><onlineUrl>http://biology.usf.edu/cmmb/research/herbarium.aspx</onlineUrl><intellectualRights>http://creativecommons.org/licenses/by/3.0/</intellectualRights><associatedParty><userId>5308</userId><individualName>Alan Franck</individualName><surname>Franck</surname><givenname>Alan</givenname><electronicMailAddress>afranck@mail.usf.edu</electronicMailAddress><positionName>Herbarium Curator</positionName></associatedParty><abstract><para>The USF Herbarium was established as a research and teaching collection in 1958 by George R. Cooley, two years after the founding of the University of South Florida. The USF Herbarium is the second largest collection in Florida, the seventh largest in the southeastern United States, and ranks in the upper third of the world's herbaria in size. The herbarium contains approximately 280,000 specimens, consisting of about 260,000 specimens of vascular plants, 14,000 algae, 2,800 bryophytes, 1,300 lichens, and 300 macrofungi. The collection contains approximately 400 type specimens. The herbarium is richest in specimens from Florida (~40%), with additional holdings from North America north of Mexico (~35%), Latin America and the West Indies (~15%), and the Eastern Hemisphere (~10%). Specific groups well represented in the herbarium include Acanthaceae, Apocynaceae, Begoniaceae, Bromeliaceae, Fabaceae, Orchidaceae, and pteridophytes (ferns).</para></abstract></collection></symbiota></metadata></additionalMetadata></eml:eml>
