coreid,identifier,accessURI,thumbnailAccessURI,goodQualityAccessURI,rights,Owner,UsageTerms,WebStatement,caption,comments,providerManagedID,MetadataDate,format,associatedSpecimenReference,type,subtype,metadataLanguage
5525435,http://herbariumimages.appstate.edu/003650_22804.jpg,http://herbariumimages.appstate.edu/003650_22804.jpg,http://sernecportal.org/imglib/sernec/BOON/00022/003650_22804_tn.jpg,http://sernecportal.org/imglib/sernec/BOON/00022/003650_22804.jpg,,"Appalachian State University, I. W. Carpenter, Jr. Herbarium (BOON)","CC0 1.0 (Public-domain)",http://creativecommons.org/publicdomain/zero/1.0/,,,urn:uuid:d6ff1738-4859-4d42-93f5-2b7f94aa5966,"2015-02-09 18:57:50",image/jpeg,http://sernecportal.org/portal/collections/individual/index.php?occid=5525435,StillImage,Photograph,en
5525435,https://bisque.cyverse.org/image_service/image/00-vwCkBwwNbDpBKXKugL3JX8?resize=4000&format=jpeg,https://bisque.cyverse.org/image_service/image/00-vwCkBwwNbDpBKXKugL3JX8?resize=4000&format=jpeg,"https://bisque.cyverse.org/image_service/image/00-vwCkBwwNbDpBKXKugL3JX8?thumbnail=200,200",https://bisque.cyverse.org/image_service/image/00-vwCkBwwNbDpBKXKugL3JX8?resize=1250&format=jpeg,,"Appalachian State University, I. W. Carpenter, Jr. Herbarium (BOON)","CC0 1.0 (Public-domain)",http://creativecommons.org/publicdomain/zero/1.0/,,,urn:uuid:1f1518f2-c794-451e-9c4c-bffe8a127ef4,"2015-08-17 13:56:12",image/jpeg,http://sernecportal.org/portal/collections/individual/index.php?occid=5525435,StillImage,Photograph,en
5525446,http://herbariumimages.appstate.edu/003647_22801.jpg,http://herbariumimages.appstate.edu/003647_22801.jpg,http://sernecportal.org/imglib/sernec/BOON/00022/003647_22801_tn.jpg,http://sernecportal.org/imglib/sernec/BOON/00022/003647_22801.jpg,,"Appalachian State University, I. W. Carpenter, Jr. Herbarium (BOON)","CC0 1.0 (Public-domain)",http://creativecommons.org/publicdomain/zero/1.0/,,,urn:uuid:40e7621b-72ca-4e67-9afe-19d29c2f4855,"2015-02-09 18:57:40",image/jpeg,http://sernecportal.org/portal/collections/individual/index.php?occid=5525446,StillImage,Photograph,en
5525446,https://bisque.cyverse.org/image_service/image/00-EMwoMQwmTL6XYfjxFTbQpf?resize=4000&format=jpeg,https://bisque.cyverse.org/image_service/image/00-EMwoMQwmTL6XYfjxFTbQpf?resize=4000&format=jpeg,"https://bisque.cyverse.org/image_service/image/00-EMwoMQwmTL6XYfjxFTbQpf?thumbnail=200,200",https://bisque.cyverse.org/image_service/image/00-EMwoMQwmTL6XYfjxFTbQpf?resize=1250&format=jpeg,,"Appalachian State University, I. W. Carpenter, Jr. Herbarium (BOON)","CC0 1.0 (Public-domain)",http://creativecommons.org/publicdomain/zero/1.0/,,,urn:uuid:0c42a2c2-e884-47ac-8a8c-88103d1af031,"2015-08-17 13:56:12",image/jpeg,http://sernecportal.org/portal/collections/individual/index.php?occid=5525446,StillImage,Photograph,en
5525679,http://herbariumimages.appstate.edu/003653_22807.jpg,http://herbariumimages.appstate.edu/003653_22807.jpg,http://sernecportal.org/imglib/sernec/BOON/00022/003653_22807_tn.jpg,http://sernecportal.org/imglib/sernec/BOON/00022/003653_22807.jpg,,"Appalachian State University, I. W. Carpenter, Jr. Herbarium (BOON)","CC0 1.0 (Public-domain)",http://creativecommons.org/publicdomain/zero/1.0/,,,urn:uuid:7714942d-da82-426a-91b4-d86291a748ad,"2015-02-09 18:57:59",image/jpeg,http://sernecportal.org/portal/collections/individual/index.php?occid=5525679,StillImage,Photograph,en
5525679,https://bisque.cyverse.org/image_service/image/00-Jo93zc7APkqHzSwZJGf4yV?resize=4000&format=jpeg,https://bisque.cyverse.org/image_service/image/00-Jo93zc7APkqHzSwZJGf4yV?resize=4000&format=jpeg,"https://bisque.cyverse.org/image_service/image/00-Jo93zc7APkqHzSwZJGf4yV?thumbnail=200,200",https://bisque.cyverse.org/image_service/image/00-Jo93zc7APkqHzSwZJGf4yV?resize=1250&format=jpeg,,"Appalachian State University, I. W. Carpenter, Jr. Herbarium (BOON)","CC0 1.0 (Public-domain)",http://creativecommons.org/publicdomain/zero/1.0/,,,urn:uuid:34df0b60-9a0c-459a-88cb-5ce053616680,"2015-08-17 13:56:12",image/jpeg,http://sernecportal.org/portal/collections/individual/index.php?occid=5525679,StillImage,Photograph,en
5526301,http://herbariumimages.appstate.edu/003654_8242.jpg,http://herbariumimages.appstate.edu/003654_8242.jpg,http://sernecportal.org/imglib/sernec/BOON/00008/003654_8242_tn.jpg,http://sernecportal.org/imglib/sernec/BOON/00008/003654_8242.jpg,,"Appalachian State University, I. W. Carpenter, Jr. Herbarium (BOON)","CC0 1.0 (Public-domain)",http://creativecommons.org/publicdomain/zero/1.0/,,,urn:uuid:fb1d7963-f477-4c11-87c0-65cd503becee,"2015-02-09 18:58:02",image/jpeg,http://sernecportal.org/portal/collections/individual/index.php?occid=5526301,StillImage,Photograph,en
5526301,https://bisque.cyverse.org/image_service/image/00-VcvKVRKXMnPgQbddzz4seN?resize=4000&format=jpeg,https://bisque.cyverse.org/image_service/image/00-VcvKVRKXMnPgQbddzz4seN?resize=4000&format=jpeg,"https://bisque.cyverse.org/image_service/image/00-VcvKVRKXMnPgQbddzz4seN?thumbnail=200,200",https://bisque.cyverse.org/image_service/image/00-VcvKVRKXMnPgQbddzz4seN?resize=1250&format=jpeg,,"Appalachian State University, I. W. Carpenter, Jr. Herbarium (BOON)","CC0 1.0 (Public-domain)",http://creativecommons.org/publicdomain/zero/1.0/,,,urn:uuid:b681fa8f-3144-436e-835a-f34ea0086d77,"2015-08-17 13:56:12",image/jpeg,http://sernecportal.org/portal/collections/individual/index.php?occid=5526301,StillImage,Photograph,en
5526503,http://herbariumimages.appstate.edu/003648_22803.jpg,http://herbariumimages.appstate.edu/003648_22803.jpg,http://sernecportal.org/imglib/sernec/BOON/00022/003648_22803_tn.jpg,http://sernecportal.org/imglib/sernec/BOON/00022/003648_22803.jpg,,"Appalachian State University, I. W. Carpenter, Jr. Herbarium (BOON)","CC0 1.0 (Public-domain)",http://creativecommons.org/publicdomain/zero/1.0/,,,urn:uuid:f8805ae2-edb5-489e-964d-37537be99545,"2015-02-09 18:57:44",image/jpeg,http://sernecportal.org/portal/collections/individual/index.php?occid=5526503,StillImage,Photograph,en
5526503,https://bisque.cyverse.org/image_service/image/00-BL58V8zF7Q34He7bombiXY?resize=4000&format=jpeg,https://bisque.cyverse.org/image_service/image/00-BL58V8zF7Q34He7bombiXY?resize=4000&format=jpeg,"https://bisque.cyverse.org/image_service/image/00-BL58V8zF7Q34He7bombiXY?thumbnail=200,200",https://bisque.cyverse.org/image_service/image/00-BL58V8zF7Q34He7bombiXY?resize=1250&format=jpeg,,"Appalachian State University, I. W. Carpenter, Jr. Herbarium (BOON)","CC0 1.0 (Public-domain)",http://creativecommons.org/publicdomain/zero/1.0/,,,urn:uuid:46ca1d6f-d7d4-4c5c-b9fc-7c7478d74057,"2015-08-17 13:56:12",image/jpeg,http://sernecportal.org/portal/collections/individual/index.php?occid=5526503,StillImage,Photograph,en
5526593,http://herbariumimages.appstate.edu/003652_22806.jpg,http://herbariumimages.appstate.edu/003652_22806.jpg,http://sernecportal.org/imglib/sernec/BOON/00022/003652_22806_tn.jpg,http://sernecportal.org/imglib/sernec/BOON/00022/003652_22806.jpg,,"Appalachian State University, I. W. Carpenter, Jr. Herbarium (BOON)","CC0 1.0 (Public-domain)",http://creativecommons.org/publicdomain/zero/1.0/,,,urn:uuid:1e0d9fab-2734-4a00-8b5b-75c63954d13f,"2015-02-09 18:57:56",image/jpeg,http://sernecportal.org/portal/collections/individual/index.php?occid=5526593,StillImage,Photograph,en
5526593,https://bisque.cyverse.org/image_service/image/00-673puduWvcJCMU33Qn6xyc?resize=4000&format=jpeg,https://bisque.cyverse.org/image_service/image/00-673puduWvcJCMU33Qn6xyc?resize=4000&format=jpeg,"https://bisque.cyverse.org/image_service/image/00-673puduWvcJCMU33Qn6xyc?thumbnail=200,200",https://bisque.cyverse.org/image_service/image/00-673puduWvcJCMU33Qn6xyc?resize=1250&format=jpeg,,"Appalachian State University, I. W. Carpenter, Jr. Herbarium (BOON)","CC0 1.0 (Public-domain)",http://creativecommons.org/publicdomain/zero/1.0/,,,urn:uuid:dd455415-c626-4fe1-8650-8709711faf2c,"2015-08-17 13:56:12",image/jpeg,http://sernecportal.org/portal/collections/individual/index.php?occid=5526593,StillImage,Photograph,en
5526983,http://herbariumimages.appstate.edu/003646_22812.jpg,http://herbariumimages.appstate.edu/003646_22812.jpg,http://sernecportal.org/imglib/sernec/BOON/00022/003646_22812_tn.jpg,http://sernecportal.org/imglib/sernec/BOON/00022/003646_22812.jpg,,"Appalachian State University, I. W. Carpenter, Jr. Herbarium (BOON)","CC0 1.0 (Public-domain)",http://creativecommons.org/publicdomain/zero/1.0/,,,urn:uuid:e238735f-19eb-4eb2-9bde-7ac1bbd936a3,"2015-02-09 18:57:37",image/jpeg,http://sernecportal.org/portal/collections/individual/index.php?occid=5526983,StillImage,Photograph,en
5526983,https://bisque.cyverse.org/image_service/image/00-nPzgaZNVKKsjC4zfihhMp5?resize=4000&format=jpeg,https://bisque.cyverse.org/image_service/image/00-nPzgaZNVKKsjC4zfihhMp5?resize=4000&format=jpeg,"https://bisque.cyverse.org/image_service/image/00-nPzgaZNVKKsjC4zfihhMp5?thumbnail=200,200",https://bisque.cyverse.org/image_service/image/00-nPzgaZNVKKsjC4zfihhMp5?resize=1250&format=jpeg,,"Appalachian State University, I. W. Carpenter, Jr. Herbarium (BOON)","CC0 1.0 (Public-domain)",http://creativecommons.org/publicdomain/zero/1.0/,,,urn:uuid:6945c15a-ab83-4098-ba24-999f928bdd9f,"2015-08-17 13:56:12",image/jpeg,http://sernecportal.org/portal/collections/individual/index.php?occid=5526983,StillImage,Photograph,en
5527041,http://herbariumimages.appstate.edu/003645_22811.jpg,http://herbariumimages.appstate.edu/003645_22811.jpg,http://sernecportal.org/imglib/sernec/BOON/00022/003645_22811_tn.jpg,http://sernecportal.org/imglib/sernec/BOON/00022/003645_22811.jpg,,"Appalachian State University, I. W. Carpenter, Jr. Herbarium (BOON)","CC0 1.0 (Public-domain)",http://creativecommons.org/publicdomain/zero/1.0/,,,urn:uuid:5fb6b495-3326-4f8f-93ac-40b55ba38cee,"2015-02-09 18:57:33",image/jpeg,http://sernecportal.org/portal/collections/individual/index.php?occid=5527041,StillImage,Photograph,en
5527041,https://bisque.cyverse.org/image_service/image/00-7Nf2F96M2pEts8brBUyz2V?resize=4000&format=jpeg,https://bisque.cyverse.org/image_service/image/00-7Nf2F96M2pEts8brBUyz2V?resize=4000&format=jpeg,"https://bisque.cyverse.org/image_service/image/00-7Nf2F96M2pEts8brBUyz2V?thumbnail=200,200",https://bisque.cyverse.org/image_service/image/00-7Nf2F96M2pEts8brBUyz2V?resize=1250&format=jpeg,,"Appalachian State University, I. W. Carpenter, Jr. Herbarium (BOON)","CC0 1.0 (Public-domain)",http://creativecommons.org/publicdomain/zero/1.0/,,,urn:uuid:9dead13f-037b-4052-bf08-b58f80b70a8c,"2015-08-17 13:56:12",image/jpeg,http://sernecportal.org/portal/collections/individual/index.php?occid=5527041,StillImage,Photograph,en
5527076,http://herbariumimages.appstate.edu/003651_22805.jpg,http://herbariumimages.appstate.edu/003651_22805.jpg,http://sernecportal.org/imglib/sernec/BOON/00022/003651_22805_tn.jpg,http://sernecportal.org/imglib/sernec/BOON/00022/003651_22805.jpg,,"Appalachian State University, I. W. Carpenter, Jr. Herbarium (BOON)","CC0 1.0 (Public-domain)",http://creativecommons.org/publicdomain/zero/1.0/,,,urn:uuid:9b212eec-b6c5-4895-b610-6cfab7070fef,"2015-02-09 18:57:53",image/jpeg,http://sernecportal.org/portal/collections/individual/index.php?occid=5527076,StillImage,Photograph,en
5527076,https://bisque.cyverse.org/image_service/image/00-ukaqRuGhnmc3LWkjMRFckC?resize=4000&format=jpeg,https://bisque.cyverse.org/image_service/image/00-ukaqRuGhnmc3LWkjMRFckC?resize=4000&format=jpeg,"https://bisque.cyverse.org/image_service/image/00-ukaqRuGhnmc3LWkjMRFckC?thumbnail=200,200",https://bisque.cyverse.org/image_service/image/00-ukaqRuGhnmc3LWkjMRFckC?resize=1250&format=jpeg,,"Appalachian State University, I. W. Carpenter, Jr. Herbarium (BOON)","CC0 1.0 (Public-domain)",http://creativecommons.org/publicdomain/zero/1.0/,,,urn:uuid:d63a994f-2adb-4e84-b9e5-6d92bd93c6aa,"2015-08-17 13:56:12",image/jpeg,http://sernecportal.org/portal/collections/individual/index.php?occid=5527076,StillImage,Photograph,en
5527091,http://herbariumimages.appstate.edu/003644_22810.jpg,http://herbariumimages.appstate.edu/003644_22810.jpg,http://sernecportal.org/imglib/sernec/BOON/00022/003644_22810_tn.jpg,http://sernecportal.org/imglib/sernec/BOON/00022/003644_22810.jpg,,"Appalachian State University, I. W. Carpenter, Jr. Herbarium (BOON)","CC0 1.0 (Public-domain)",http://creativecommons.org/publicdomain/zero/1.0/,,,urn:uuid:eafb5a72-8221-4f0d-aa02-b6b0fad82d73,"2015-02-09 18:57:30",image/jpeg,http://sernecportal.org/portal/collections/individual/index.php?occid=5527091,StillImage,Photograph,en
5527091,https://bisque.cyverse.org/image_service/image/00-X9HDJnKaLvS3N3X6iptxNF?resize=4000&format=jpeg,https://bisque.cyverse.org/image_service/image/00-X9HDJnKaLvS3N3X6iptxNF?resize=4000&format=jpeg,"https://bisque.cyverse.org/image_service/image/00-X9HDJnKaLvS3N3X6iptxNF?thumbnail=200,200",https://bisque.cyverse.org/image_service/image/00-X9HDJnKaLvS3N3X6iptxNF?resize=1250&format=jpeg,,"Appalachian State University, I. W. Carpenter, Jr. Herbarium (BOON)","CC0 1.0 (Public-domain)",http://creativecommons.org/publicdomain/zero/1.0/,,,urn:uuid:8917f9aa-7cd1-454e-86ad-4a5d02ae1413,"2015-08-17 13:56:12",image/jpeg,http://sernecportal.org/portal/collections/individual/index.php?occid=5527091,StillImage,Photograph,en
5527365,http://herbariumimages.appstate.edu/003649_22802.jpg,http://herbariumimages.appstate.edu/003649_22802.jpg,http://sernecportal.org/imglib/sernec/BOON/00022/003649_22802_tn.jpg,http://sernecportal.org/imglib/sernec/BOON/00022/003649_22802.jpg,,"Appalachian State University, I. W. Carpenter, Jr. Herbarium (BOON)","CC0 1.0 (Public-domain)",http://creativecommons.org/publicdomain/zero/1.0/,,,urn:uuid:7c2d07eb-4ce8-4d89-95d5-fa36ff0e5619,"2015-02-09 18:57:47",image/jpeg,http://sernecportal.org/portal/collections/individual/index.php?occid=5527365,StillImage,Photograph,en
5527365,https://bisque.cyverse.org/image_service/image/00-K7oJiNM45FcdWxhUA6VZmP?resize=4000&format=jpeg,https://bisque.cyverse.org/image_service/image/00-K7oJiNM45FcdWxhUA6VZmP?resize=4000&format=jpeg,"https://bisque.cyverse.org/image_service/image/00-K7oJiNM45FcdWxhUA6VZmP?thumbnail=200,200",https://bisque.cyverse.org/image_service/image/00-K7oJiNM45FcdWxhUA6VZmP?resize=1250&format=jpeg,,"Appalachian State University, I. W. Carpenter, Jr. Herbarium (BOON)","CC0 1.0 (Public-domain)",http://creativecommons.org/publicdomain/zero/1.0/,,,urn:uuid:179f3c5c-aca9-4e0f-acb3-45e08e08efc6,"2015-08-17 13:56:12",image/jpeg,http://sernecportal.org/portal/collections/individual/index.php?occid=5527365,StillImage,Photograph,en
5777637,http://www.mississippiplants.org/images/specimens/MISSA000483/MISSA000483.JPG,http://www.mississippiplants.org/images/specimens/MISSA000483/MISSA000483.JPG,http://hasbrouck.asu.edu/imglib/seinet/misc/201501/MISSA000483_l_1422603598_tn.jpg,http://www.mississippiplants.org/images/specimens/MISSA000483/MISSA000483_l.JPG,,"Mississippi State University (MISSA)","CC BY-NC (Attribution-Non-Commercial)",http://creativecommons.org/licenses/by-nc/3.0/,,,urn:uuid:40136279-9b6f-4dcd-9e1b-48b2955ff824,"2015-01-30 01:42:46",image/jpeg,http://sernecportal.org/portal/collections/individual/index.php?occid=5777637,StillImage,Photograph,en
7901012,http://purl.dlib.indiana.edu/iudl/herbarium/full/IND-0002661,http://purl.dlib.indiana.edu/iudl/herbarium/full/IND-0002661,http://midwestherbaria.org/imglib/midwest/IND/IND-0002/IND-0002661_1485792308_tn.jpg,http://midwestherbaria.org/imglib/midwest/IND/IND-0002/IND-0002661_1485792308_web.jpg,,"The Trustees of Indiana University","CC BY-NC (Attribution-Non-Commercial)",http://creativecommons.org/licenses/by-nc/3.0/,,,urn:uuid:3ac64aa6-0853-4d77-9858-733fbbb99cc4,"2016-12-30 16:09:23",image/jpeg,http://sernecportal.org/portal/collections/individual/index.php?occid=7901012,StillImage,Photograph,en
7901013,http://purl.dlib.indiana.edu/iudl/herbarium/full/IND-0002660,http://purl.dlib.indiana.edu/iudl/herbarium/full/IND-0002660,http://midwestherbaria.org/imglib/midwest/IND/IND-0002/IND-0002660_1485351067_tn.jpg,http://midwestherbaria.org/imglib/midwest/IND/IND-0002/IND-0002660_1485351067_web.jpg,,"The Trustees of Indiana University","CC BY-NC (Attribution-Non-Commercial)",http://creativecommons.org/licenses/by-nc/3.0/,,,urn:uuid:fe469a38-6427-475b-9fec-f568334f51b6,"2016-12-30 16:09:23",image/jpeg,http://sernecportal.org/portal/collections/individual/index.php?occid=7901013,StillImage,Photograph,en
18866997,http://cdn.flmnh.ufl.edu/Herbarium/jpg/176/176195a1.jpg,http://cdn.flmnh.ufl.edu/Herbarium/jpg/176/176195a1.jpg,http://sernecportal.org/imglib/sernec/FLAS/00176/176195a1_1522615405_tn.jpg,http://sernecportal.org/imglib/sernec/FLAS/00176/176195a1_1522615405_web.jpg,,"University of Florida","CC BY-NC (Attribution-Non-Commercial)",http://creativecommons.org/licenses/by-nc/3.0/,,,urn:uuid:42173570-44a0-4379-8b0f-971883a580fb,"2018-03-18 15:05:44",image/jpeg,http://sernecportal.org/portal/collections/individual/index.php?occid=18866997,StillImage,Photograph,en
18866998,http://cdn.flmnh.ufl.edu/Herbarium/jpg/176/176196a1.jpg,http://cdn.flmnh.ufl.edu/Herbarium/jpg/176/176196a1.jpg,http://sernecportal.org/imglib/sernec/FLAS/00176/176196a1_1522357797_tn.jpg,http://sernecportal.org/imglib/sernec/FLAS/00176/176196a1_1522357797_web.jpg,,"University of Florida","CC BY-NC (Attribution-Non-Commercial)",http://creativecommons.org/licenses/by-nc/3.0/,,,urn:uuid:40801707-db47-457b-b4a9-45a819035d5e,"2018-03-18 15:05:44",image/jpeg,http://sernecportal.org/portal/collections/individual/index.php?occid=18866998,StillImage,Photograph,en
18870234,http://cdn.flmnh.ufl.edu/Herbarium/jpg/184/184079a1.jpg,http://cdn.flmnh.ufl.edu/Herbarium/jpg/184/184079a1.jpg,http://sernecportal.org/imglib/sernec/FLAS/00184/184079a1_1522618089_tn.jpg,http://sernecportal.org/imglib/sernec/FLAS/00184/184079a1_1522618089_web.jpg,,"University of Florida","CC BY-NC (Attribution-Non-Commercial)",http://creativecommons.org/licenses/by-nc/3.0/,,,urn:uuid:d7bdf626-d03b-4129-be2d-462857bd378d,"2018-03-18 15:05:44",image/jpeg,http://sernecportal.org/portal/collections/individual/index.php?occid=18870234,StillImage,Photograph,en
18870235,http://cdn.flmnh.ufl.edu/Herbarium/jpg/184/184080a1.jpg,http://cdn.flmnh.ufl.edu/Herbarium/jpg/184/184080a1.jpg,http://sernecportal.org/imglib/sernec/FLAS/00184/184080a1_1522291323_tn.jpg,http://sernecportal.org/imglib/sernec/FLAS/00184/184080a1_1522291323_web.jpg,,"University of Florida","CC BY-NC (Attribution-Non-Commercial)",http://creativecommons.org/licenses/by-nc/3.0/,,,urn:uuid:55819d16-518f-41c0-8435-3eb5c8801202,"2018-03-18 15:05:44",image/jpeg,http://sernecportal.org/portal/collections/individual/index.php?occid=18870235,StillImage,Photograph,en
18870236,http://cdn.flmnh.ufl.edu/Herbarium/jpg/184/184081a1.jpg,http://cdn.flmnh.ufl.edu/Herbarium/jpg/184/184081a1.jpg,http://sernecportal.org/imglib/sernec/FLAS/00184/184081a1_1522428759_tn.jpg,http://sernecportal.org/imglib/sernec/FLAS/00184/184081a1_1522428759_web.jpg,,"University of Florida","CC BY-NC (Attribution-Non-Commercial)",http://creativecommons.org/licenses/by-nc/3.0/,,,urn:uuid:c172bfcb-8132-4a4a-a561-89d1157d7f4c,"2018-03-18 15:05:44",image/jpeg,http://sernecportal.org/portal/collections/individual/index.php?occid=18870236,StillImage,Photograph,en
18870237,http://cdn.flmnh.ufl.edu/Herbarium/jpg/184/184082a1.jpg,http://cdn.flmnh.ufl.edu/Herbarium/jpg/184/184082a1.jpg,http://sernecportal.org/imglib/sernec/FLAS/00184/184082a1_1522356447_tn.jpg,http://sernecportal.org/imglib/sernec/FLAS/00184/184082a1_1522356447_web.jpg,,"University of Florida","CC BY-NC (Attribution-Non-Commercial)",http://creativecommons.org/licenses/by-nc/3.0/,,,urn:uuid:d249fff1-3776-48e2-a84f-06e41b214208,"2018-03-18 15:05:44",image/jpeg,http://sernecportal.org/portal/collections/individual/index.php?occid=18870237,StillImage,Photograph,en
18870238,http://cdn.flmnh.ufl.edu/Herbarium/jpg/184/184083a1.jpg,http://cdn.flmnh.ufl.edu/Herbarium/jpg/184/184083a1.jpg,http://sernecportal.org/imglib/sernec/FLAS/00184/184083a1_1522290739_tn.jpg,http://sernecportal.org/imglib/sernec/FLAS/00184/184083a1_1522290739_web.jpg,,"University of Florida","CC BY-NC (Attribution-Non-Commercial)",http://creativecommons.org/licenses/by-nc/3.0/,,,urn:uuid:da083b57-3225-4bba-8a3e-8da99f4ace6d,"2018-03-18 15:05:44",image/jpeg,http://sernecportal.org/portal/collections/individual/index.php?occid=18870238,StillImage,Photograph,en
18870239,http://cdn.flmnh.ufl.edu/Herbarium/jpg/184/184084a1.jpg,http://cdn.flmnh.ufl.edu/Herbarium/jpg/184/184084a1.jpg,http://sernecportal.org/imglib/sernec/FLAS/00184/184084a1_1522357505_tn.jpg,http://sernecportal.org/imglib/sernec/FLAS/00184/184084a1_1522357505_web.jpg,,"University of Florida","CC BY-NC (Attribution-Non-Commercial)",http://creativecommons.org/licenses/by-nc/3.0/,,,urn:uuid:af73ea80-c72f-4ec6-ba8e-ed53cdc8c733,"2018-03-18 15:05:44",image/jpeg,http://sernecportal.org/portal/collections/individual/index.php?occid=18870239,StillImage,Photograph,en
18879180,http://cdn.flmnh.ufl.edu/Herbarium/jpg/224/224666a1.jpg,http://cdn.flmnh.ufl.edu/Herbarium/jpg/224/224666a1.jpg,http://sernecportal.org/imglib/sernec/FLAS/00224/224666a1_1522429174_tn.jpg,http://sernecportal.org/imglib/sernec/FLAS/00224/224666a1_1522429174_web.jpg,,"University of Florida","CC BY-NC (Attribution-Non-Commercial)",http://creativecommons.org/licenses/by-nc/3.0/,,,urn:uuid:3c7af985-09d7-4c5f-a70b-ea5e3dad2a94,"2018-03-18 15:05:44",image/jpeg,http://sernecportal.org/portal/collections/individual/index.php?occid=18879180,StillImage,Photograph,en
19417593,https://cdn.plantatlas.org/img/specimens/USF/279984.jpg,https://cdn.plantatlas.org/img/specimens/USF/279984.jpg,https://cdn.plantatlas.org/img/specimens/USF/thumbs/279984.jpg,,,"University of South Florida Herbarium (USF)","CC BY (Attribution)",http://creativecommons.org/licenses/by/3.0/,,,urn:uuid:e086557b-6d26-457e-af53-77e2238733b1,"2018-03-29 10:29:17",image/jpeg,http://sernecportal.org/portal/collections/individual/index.php?occid=19417593,StillImage,Photograph,en
19417594,https://cdn.plantatlas.org/img/specimens/USF/56569.jpg,https://cdn.plantatlas.org/img/specimens/USF/56569.jpg,https://cdn.plantatlas.org/img/specimens/USF/thumbs/56569.jpg,,,"University of South Florida Herbarium (USF)","CC BY (Attribution)",http://creativecommons.org/licenses/by/3.0/,,,urn:uuid:5a372f46-cfb5-4329-a843-c22464a3127b,"2018-03-29 10:29:17",image/jpeg,http://sernecportal.org/portal/collections/individual/index.php?occid=19417594,StillImage,Photograph,en
