coreid,identifiedBy,identifiedByID,dateIdentified,identificationQualifier,scientificName,identificationIsCurrent,scientificNameAuthorship,genus,specificEpithet,taxonRank,infraspecificEpithet,identificationReferences,identificationRemarks,recordId,modified
660382,"Edward Gilbert",,"2002-03-21 00:00:00",,"Adiantum aleuticum",0,"(Rupr.) Paris",,,,,,,urn:uuid:a96de478-428a-43fd-ad12-8bb53cc8906b,"2011-04-14 22:42:33"
660382,unknown,,unknown,,"Adiantum pedatum",0,L.,,,,,,,urn:uuid:bc01515c-a513-4afe-8c76-82d9f3384762,"2013-11-25 18:04:51"
959956,"Mark Fishbein",,2003-05-21,,"Adiantum pedatum",0,L.,,,,,,,urn:uuid:2fee6594-78eb-475e-96f6-3e7b89f808a7,"2014-07-25 19:26:02"
4064168,unknown,,unknown,,"Adiantum pedatum",1,,Adiantum,pedatum,,,,be382356-14e0-11e3-8973-bc305bdb3ca6,urn:uuid:310d40e1-2d17-4a33-b9be-e002291e3941,"2014-02-21 20:08:59"
4064169,unknown,,unknown,,"Adiantum pedatum",1,,Adiantum,pedatum,,,,be38255e-14e0-11e3-8973-bc305bdb3ca6,urn:uuid:77175d2f-a90f-4ac6-b98c-8639c4851f19,"2014-02-21 20:08:59"
4064170,unknown,,unknown,,"Adiantum pedatum",1,,Adiantum,pedatum,,,,be38275f-14e0-11e3-8973-bc305bdb3ca6,urn:uuid:ab36fae1-e722-425f-a6b6-73ee78bcf093,"2014-02-21 20:08:59"
4064171,unknown,,unknown,,"Adiantum pedatum",1,,Adiantum,pedatum,,,,be382964-14e0-11e3-8973-bc305bdb3ca6,urn:uuid:05bb866f-f25d-461b-80d7-0fadd6b00388,"2014-02-21 20:08:59"
4064172,unknown,,unknown,,"Adiantum pedatum",1,,Adiantum,pedatum,,,,be38381d-14e0-11e3-8973-bc305bdb3ca6,urn:uuid:eca80306-c2a7-439f-a4ad-41105cd69225,"2014-02-21 20:08:59"
4064173,unknown,,unknown,,"Adiantum pedatum",1,,Adiantum,pedatum,,,,be383bd3-14e0-11e3-8973-bc305bdb3ca6,urn:uuid:b29b772e-d4e0-48ea-a66f-ba7ace20fba0,"2014-02-21 20:08:59"
4064175,unknown,,unknown,,"Adiantum pedatum",1,,Adiantum,pedatum,,,,be384f42-14e0-11e3-8973-bc305bdb3ca6,urn:uuid:f772b484-9981-4843-aefc-4c83e95a2372,"2014-02-21 20:08:59"
4064176,unknown,,unknown,,"Adiantum pedatum",1,,Adiantum,pedatum,,,,be38516d-14e0-11e3-8973-bc305bdb3ca6,urn:uuid:2ff5e458-8066-4e7f-95c9-d658a2f5ee5a,"2014-02-21 20:08:59"
4064177,unknown,,unknown,,"Adiantum pedatum",1,,Adiantum,pedatum,,,,be38601a-14e0-11e3-8973-bc305bdb3ca6,urn:uuid:b0ec5fc6-4fe1-49da-bcf6-3b685829b3b0,"2014-02-21 20:08:59"
4065329,unknown,,unknown,,"Adiantum pedatum",1,,Adiantum,pedatum,,,,be428ff7-14e0-11e3-8973-bc305bdb3ca6,urn:uuid:e4da183d-da7d-40e0-869b-5bbeeb1bc16e,"2014-02-21 20:08:59"
3084548,"V. Roth",,9/13/1977,,"Adiantum pedatum",0,,,,,,,,urn:uuid:90093132-e8ef-4791-b1bb-da4cc77b2132,"2012-03-08 14:42:09"
3448395,"Wunderlin, Richard P.",,1962,,"Adiantum pedatum",0,Raddi,Adiantum,pedatum,,,,,urn:uuid:65ee6bf7-8de2-40f1-a7bf-00a960de9e4b,"2013-08-10 13:38:01"
3448395,"Peck, James H.",,1977,,"Adiantum pedatum",0,Raddi,Adiantum,pedatum,,,,,urn:uuid:a06aa217-2eca-4d40-951e-10cc2ff88805,"2013-08-10 13:30:46"
3448396,"Wunderlin, Richard P.",,1962,,"Adiantum pedatum",0,Raddi,Adiantum,pedatum,,,,,urn:uuid:f446f756-1e37-4a66-8ecc-5d8dfc580c19,"2013-08-10 13:38:01"
3448396,"Peck, James H.",,1977,,"Adiantum pedatum",0,Raddi,Adiantum,pedatum,,,,,urn:uuid:0cdca986-078c-4725-b1fd-a2db52bf548b,"2013-08-10 13:30:46"
3449837,"Ribbens, Eric",,2004,,"Adiantum pedatum",0,Raddi,Adiantum,pedatum,,,,,urn:uuid:e0a91094-3d9c-48c9-bb7e-3c11a9127e6a,"2013-08-10 13:30:46"
3451211,"Ribbens, Eric",,2006,,"Adiantum pedatum",0,Raddi,Adiantum,pedatum,,,,,urn:uuid:24b23e0e-1d1e-468e-9015-ccd4a7471444,"2013-08-10 13:30:46"
3454379,"Myers, R. Maurice",,1949,,"Adiantum pedatum",0,Raddi,Adiantum,pedatum,,,,,urn:uuid:2b1a3594-6769-4fe0-bd5b-87cd6763c220,"2013-08-10 13:30:46"
3454380,"Place, N. C.",,1956,,"Adiantum pedatum",0,Raddi,Adiantum,pedatum,,,,,urn:uuid:886459d6-8b41-4cf7-8c09-0b7beea56561,"2013-08-10 13:30:46"
3454714,"Henry, Ron D.",,1978,,"Adiantum pedatum",0,Raddi,Adiantum,pedatum,,,,,urn:uuid:d4472954-f799-4801-8107-35179f8c6d4c,"2013-08-10 13:30:46"
3455382,"Shildneck, Paul",,1980,,"Adiantum pedatum",0,Raddi,Adiantum,pedatum,,,,,urn:uuid:5db023b1-4458-4671-89aa-626f70b71d46,"2013-08-10 13:30:46"
3458365,"Wirmum, Claire Kinyuy",,1985,,"Adiantum pedatum",0,Raddi,Adiantum,pedatum,,,,,urn:uuid:71502e8a-8af6-4488-8307-0f7eeab0deb3,"2013-08-10 13:30:46"
3459374,"Neal, Elden E.",,1968,,"Adiantum pedatum",0,Raddi,Adiantum,pedatum,,,,,urn:uuid:ca476466-9bae-41f9-be41-0f90be75655a,"2013-08-10 13:30:46"
3459375,"Myers, R. Maurice",,1970,,"Adiantum pedatum",0,Raddi,Adiantum,pedatum,,,,,urn:uuid:25f1f9a0-dae1-4cb7-ade3-9d1ee0b749b7,"2013-08-10 13:30:46"
3459376,"Fuller, George D.",,1948,,"Adiantum pedatum",0,Raddi,Adiantum,pedatum,,,,,urn:uuid:866cfa64-fff2-41ee-8df2-10de5a6c3b83,"2013-08-10 13:30:46"
3459377,"Linder, Carol",,1971,,"Adiantum pedatum",0,Raddi,Adiantum,pedatum,,,,,urn:uuid:318d5de6-ace1-4a37-8627-bda7a0708100,"2013-08-10 13:30:46"
3459378,"Winterringer, Glen S.",,1949,,"Adiantum pedatum",0,Raddi,Adiantum,pedatum,,,,,urn:uuid:39193367-585b-4d22-ba51-6ee10362d7d6,"2013-08-10 13:30:46"
3459379,"Hookum, L.",,1962,,"Adiantum pedatum",0,Raddi,Adiantum,pedatum,,,,,urn:uuid:8161880f-7069-4b56-8b97-eb9c18f45da7,"2013-08-10 13:30:46"
3459380,"Sholl, R. D.",,1969,,"Adiantum pedatum",0,Raddi,Adiantum,pedatum,,,,,urn:uuid:e041b68e-93a7-46ae-9028-307a407f206d,"2013-08-10 13:30:46"
3459381,"Myers, R. Maurice",,1962,,"Adiantum pedatum",0,Raddi,Adiantum,pedatum,,,,,urn:uuid:3a6efbac-8259-42ce-b695-42e151819cc0,"2013-08-10 13:30:46"
3459382,"Clausen, Alvin Tobias",,1965,,"Adiantum pedatum",0,Raddi,Adiantum,pedatum,,,,,urn:uuid:cabb4199-adb3-4b02-989c-046a129e93bb,"2013-08-10 13:30:46"
3459383,"Neal, Elden E.",,1967,,"Adiantum pedatum",0,Raddi,Adiantum,pedatum,,,,,urn:uuid:bd657856-07e7-4dbd-8b09-2bea04f217d9,"2013-08-10 13:30:46"
3459384,"Walsh, M.",,1964,,"Adiantum pedatum",0,Raddi,Adiantum,pedatum,,,,,urn:uuid:d280f6a1-f6f8-4df9-ac00-2200654535fe,"2013-08-10 13:30:46"
3459507,"Foulds, Harold E.",,1926,,"Adiantum pedatum",0,Raddi,Adiantum,pedatum,,,,,urn:uuid:ca1ed627-7fe4-4bee-b100-834ce7963455,"2013-08-10 13:30:46"
3459508,"Henry, Ron D.",,1971,,"Adiantum pedatum",0,Raddi,Adiantum,pedatum,,,,,urn:uuid:a88d6e3b-fa48-49a0-a896-231be8cdbf93,"2013-08-10 13:30:46"
3459509,"Henry, Ron D.",,1968,,"Adiantum pedatum",0,Raddi,Adiantum,pedatum,,,,,urn:uuid:4f8f60ac-b088-4557-ae80-5979e5f1beb4,"2013-08-10 13:30:46"
3459512,"Henry, Ron D.",,1966,,"Adiantum pedatum",0,Raddi,Adiantum,pedatum,,,,,urn:uuid:2340d383-526f-421e-81f8-e8745b0425c6,"2013-08-10 13:30:46"
3459514,"Henry, Ron D.",,1966,,"Adiantum pedatum",0,Raddi,Adiantum,pedatum,,,,,urn:uuid:6e0f3166-dd80-44f1-9303-f9a48335d2d1,"2013-08-10 13:30:46"
3459567,"Henry, Ron D.",,1971,,"Adiantum pedatum",0,Raddi,Adiantum,pedatum,,,,,urn:uuid:c18c756f-db44-4c2c-9cd0-a129a7644702,"2013-08-10 13:30:46"
3470689,"Thon, Mary Louise",,1962,,"Adiantum pedatum",0,Raddi,Adiantum,pedatum,,,,,urn:uuid:87125846-7cbf-4071-a415-6ee2e5533243,"2013-08-10 13:30:46"
3471887,"Anderson, B.",,1974,,"Adiantum pedatum",0,Raddi,Adiantum,pedatum,,,,,urn:uuid:a79ce66a-567f-471b-a8ec-0c5d803e293d,"2013-08-10 13:30:46"
3471995,"Anderson, B.",,1974,,"Adiantum pedatum",0,Raddi,Adiantum,pedatum,,,,,urn:uuid:d7a39948-cc1f-4db3-bc9c-7c031156e12f,"2013-08-10 13:30:46"
3474860,"Evers, Robert A.",,1957,,"Adiantum pedatum",0,Raddi,Adiantum,pedatum,,,,,urn:uuid:2c376ef8-e6f5-40cc-9deb-ebbe67159c3c,"2013-08-10 13:30:46"
3477179,"Rebman, Jon",,2001,,"Adiantum pedatum",0,Raddi,Adiantum,pedatum,,,,,urn:uuid:888c6102-4cbb-4a47-a39f-5f551574e070,"2013-08-10 13:30:46"
3477307,"Ribbens, Eric",,2005,,"Adiantum pedatum",0,Raddi,Adiantum,pedatum,,,,,urn:uuid:2c44f741-5899-4ba4-b9ce-716dcfffa960,"2013-08-10 13:30:46"
3479421,"Werth, Charles R.",,1981,,"Adiantum pedatum",0,Raddi,Adiantum,pedatum,,,,,urn:uuid:cf685873-f7ee-491a-ada8-b8e1386f0f5b,"2013-08-10 13:30:46"
3480185,"Ellen, Sister Mary",,1919,,"Adiantum pedatum",0,Raddi,Adiantum,pedatum,,,,,urn:uuid:2b4d4366-b36e-4e27-a9e2-d2303a489c75,"2013-08-10 13:30:46"
3480188,"Welch, Winona H.",,1940,,"Adiantum pedatum",0,Raddi,Adiantum,pedatum,,,,,urn:uuid:bca2804b-47dd-4547-bffc-d4ad67fb63e9,"2013-08-10 13:30:46"
3480193,"Welch, Winona H.",,1940,,"Adiantum pedatum",0,Raddi,Adiantum,pedatum,,,,,urn:uuid:352c7486-a658-4d70-ba2c-d7619d9f8388,"2013-08-10 13:30:46"
3480318,"Hilaire, Sister M.",,1971,,"Adiantum pedatum",0,Raddi,Adiantum,pedatum,,,,,urn:uuid:c1b58a9e-407d-4788-850f-d11cf57b7bca,"2013-08-10 13:30:46"
3480320,"Hilaire, Sister M.",,1964,,"Adiantum pedatum",0,Raddi,Adiantum,pedatum,,,,,urn:uuid:0d569b41-8957-49c2-b48b-b9e279d946d0,"2013-08-10 13:30:46"
3480321,"Ellen, Sister Mary",,00,,"Adiantum pedatum",0,Raddi,Adiantum,pedatum,,,,,urn:uuid:b4d9ec59-eb8c-43c8-9215-514ae5a36a07,"2013-08-10 13:30:46"
4337021,Collector,,1892,,"Adiantum pedatum",0,L.,,,,,,,urn:uuid:0e19c4fd-0289-4473-bfe5-009f652ad628,"2014-05-19 12:34:10"
4337026,Collector,,1896,,"Adiantum pedatum",0,L.,,,,,,,urn:uuid:4cecb49a-4770-4e7e-926e-2ab7e855ad41,"2014-05-19 12:58:13"
4337106,Collector,,1905,,"Adiantum pedatum",0,L.,,,,,,,urn:uuid:1a4dd789-196a-4c85-a648-c335beabb7f0,"2014-05-19 15:30:43"
4337123,Collector,,1881,,"Adiantum pedatum",0,L.,,,,,,,urn:uuid:6a1b9b8a-4865-49d9-9a23-1ff2e101f89a,"2014-05-19 16:58:02"
4337127,Collector,,1942,,"Adiantum pedatum",0,L.,,,,,,,urn:uuid:684c99df-1be0-441c-b365-9b545905fb79,"2014-05-19 17:05:04"
5527996,"Addie Ingles",,"2+6 June 2013","GVSU Digitization Project","Adiantum pedatum",1,L.,,,,,"Tropicos.org (APG)",,urn:uuid:76fcce63-553c-4d46-83d4-7cf1f9b5e947,"2015-05-04 10:11:48"
5527996,"John R. Boon",,"June 5, 1970",,"Adiantum pedatum",0,,,,,,,,urn:uuid:a37805c8-afb0-412e-bdb5-4398f7c6fd36,"2015-05-04 10:11:49"
6728767,"Radford, A. E.",,1956,,"Adiantum pedatum",0,L.,,,,,,,urn:uuid:0faa0f81-d468-430e-a83d-3288ec1dca78,"2016-07-06 17:37:26"
6728790,"Radford, A. E.",,1956,,"Adiantum pedatum",0,L.,,,,,,,urn:uuid:13a08cd1-2eba-4787-8625-2f6e9b5c73da,"2016-07-06 17:39:48"
6728798,"Ahles, Harry E.",,1958,,"Adiantum pedatum",0,L.,,,,,,,urn:uuid:abcce738-8033-42c8-94e4-fed398a6ff7b,"2016-07-06 17:41:28"
6728806,"Blomquist, H. L.",,"s. d.",,"Adiantum pedatum",0,L.,,,,,,,urn:uuid:a7f9e0fa-ac1f-4805-b5a2-61c804a4b2b7,"2016-07-14 21:42:09"
6728807,"Melvin, Lionel",,1956,,"Adiantum pedatum",0,L.,,,,,,,urn:uuid:237aff64-a716-41ee-a1f5-f5af4adce634,"2016-07-06 17:47:48"
6728808,"Blomquist, H. L.",,"s. d.",,"Adiantum pedatum",0,L.,,,,,,,urn:uuid:44b6bcba-44f1-40d1-9f35-c9c983a48540,"2016-07-14 21:44:59"
6728819,"Sillimen & Munson",,1954,,"Adiantum pedatum",0,L.,,,,,,,urn:uuid:aaec633c-b0a7-4ad9-9869-cec78c6dfb76,"2016-07-14 21:47:23"
6728819,"Blomquist, H. L.",,1957-05-16,!,"Adiantum pedatum",1,L.,,,,,,,urn:uuid:1f113262-2a1e-4ba5-b6a3-48c384165784,"2016-07-14 21:47:23"
6728823,"Ahles, Harry E.",,1958,,"Adiantum pedatum",0,L.,,,,,,,urn:uuid:0f1ee54a-70b9-429e-b7c0-5f61b95d4964,"2016-07-06 17:55:48"
6728830,"Houck, D. F.",,1955,,"Adiantum pedatum",0,L.,,,,,,,urn:uuid:8ac692fe-31e8-4211-8d86-355e2d8bea60,"2016-07-14 21:52:02"
6728836,"Bell, C. Ritchie",,1957,,"Adiantum pedatum",0,L.,,,,,,,urn:uuid:806d6860-4843-423a-b058-583ec1173c8b,"2016-07-06 18:01:11"
6728864,"Ahles, Harry E.; Duke, J. A.",,1958,,"Adiantum pedatum",0,L.,,,,,,,urn:uuid:fe2bf17f-c3ac-429d-bcc1-b34aabf552d1,"2016-07-14 22:05:51"
6728867,"Ahles, Harry E.; Duke, J. A.",,1958,,"Adiantum pedatum",0,L.,,,,,,,urn:uuid:e579fafc-6811-4d49-9c23-57eab9f5201a,"2016-07-14 22:02:20"
6728877,"Houck, D. F.",,1955,,"Adiantum pedatum",0,L.,,,,,,,urn:uuid:bb23f211-bba2-46d6-a7da-aa174862244f,"2016-07-06 18:22:16"
6728879,"Blomquist, H. L.",,"s. d.",,"Adiantum pedatum",0,L.,,,,,,,urn:uuid:f1b1b0fb-e728-4f2d-a036-41f4fb73e5bf,"2016-07-14 22:15:26"
6728885,"Radford, A. E.",,1956,,"Adiantum pedatum",0,L.,,,,,,,urn:uuid:161f7419-aca8-4427-a874-f26d47a0dc38,"2016-07-14 22:13:56"
6728895,"Blomquist, H. L.",,s.d.,,"Adiantum pedatum",0,L.,,,,,,,urn:uuid:d47a2bb4-7cf5-4ae3-90d3-567c3183cce1,"2016-07-29 16:15:23"
6728897,"Radford, A. E.",,1958,,"Adiantum pedatum",0,L.,,,,,,,urn:uuid:c7119caf-b4c1-4395-a670-321302373134,"2016-07-14 22:23:58"
6728899,"Bell, C. Ritchie",,1956,,"Adiantum pedatum",0,L.,,,,,,,urn:uuid:9c81dd7d-b4ee-4c01-92b4-5cd09909c738,"2016-07-06 18:42:34"
6728901,"Radford, A. E.",,1956,,"Adiantum pedatum",0,L.,,,,,,,urn:uuid:80de7132-e278-43e1-96b0-fd65c0ff5eb0,"2016-07-06 18:44:01"
6728913,"Ahles, Harry E.; Bell, Ritchie C.",,1956,,"Adiantum pedatum",0,L.,,,,,,,urn:uuid:bc4fe958-4e22-4c86-9ff1-3540c24f3220,"2016-07-14 22:59:42"
6728928,"Radford, A. E.",,1956,,"Adiantum pedatum",0,L.,,,,,,,urn:uuid:4652aeb2-a2b6-41ff-ab20-0c4b525d9bbc,"2016-07-14 22:35:59"
6728944,"Ahles, Harry E.; Haesloop, John G.",,1957,,"Adiantum pedatum",0,L.,,,,,,,urn:uuid:a40d56c8-a409-4982-b8ce-dadf1827090c,"2016-07-14 22:52:57"
6728945,"Bell, C. Ritchie",,1957,,"Adiantum pedatum",0,L.,,,,,,,urn:uuid:a555ef75-305d-4ef4-a3fe-2e43c59af86b,"2016-07-14 22:38:14"
6728947,"Radford, A. E.",,1957,,"Adiantum pedatum",0,L.,,,,,,,urn:uuid:417902f8-09a9-4969-ab39-aee672282255,"2016-07-14 22:41:09"
6728951,"Radford, A. E.",,1956,,"Adiantum pedatum",0,L.,,,,,,,urn:uuid:f3ec5323-b1d2-44cb-b746-efa09e28c8ca,"2016-07-14 22:48:22"
6731803,"Massey, J.",,1975,,"Adiantum pedatum",0,L.,,,,,,,urn:uuid:1821e263-394b-4279-9cde-f820761d9819,"2016-03-30 10:16:57"
6731831,"Bozeman, John R.",,1966,,"Adiantum pedatum",0,L.,,,,,,,urn:uuid:e48cac76-afe1-495f-8e3d-5124658bfda0,"2016-03-25 13:21:45"
6731831,"Seaton, K.",,1980-05-00,,"Adiantum pedatum",1,L.,,,,,,,urn:uuid:9123aaf7-6098-4c1f-ac63-cb14b56f0ab2,"2016-03-25 13:21:45"
6731934,"Blanchard, Ferdinand",,1891-05-31,,"Adiantum pedatum",0,L.,,,,,,"[original label taxon]",urn:uuid:b07bd7ae-d793-431f-906e-9db9890875ff,"2015-09-27 16:01:42"
6731945,"Stevens, Alice F.",,1895,,"Adiantum pedatum",0,L.,,,,,,,urn:uuid:0438bb36-08c0-4b37-921f-d9b83f03f007,"2016-03-31 18:58:52"
6340577,"H.M. Sullivan",,9/13/2006,,"Adiantum pedatum",1,L.,,,,,,,urn:uuid:7fbe3406-589b-4ba9-bfb8-d8b1d9d511e7,"2015-03-25 03:00:44"
14377447,"Warren H. Wagner, Jr",,"1989 Jan",,"Adiantum pedatum",1,L.,,,,,,,urn:uuid:579401fd-6915-400a-9325-dd25864fce51,"2017-05-23 15:32:50"
14377447,unknown,,unknown,,"Adiantum pedatum",0,L.,,,,,,,urn:uuid:69921b19-c733-47d1-9c58-20dceb400c21,"2017-05-23 15:32:50"
14377484,"Warren H. Wagner, Jr",,"1989 Jan",,"Adiantum pedatum",1,L.,,,,,,,urn:uuid:4617f334-6e58-4ea7-8817-edf5d4f489dd,"2017-05-23 15:35:37"
14377484,unknown,,unknown,,"Adiantum pedatum",0,L.,,,,,,,urn:uuid:7c24dfc5-84bb-402a-abc3-7c17a91158d5,"2017-05-23 15:35:37"
14377534,"Warren H. Wagner, Jr",,"1989 Jan",,"Adiantum pedatum",1,L.,,,,,,,urn:uuid:4f6659df-3f82-4d4f-9114-28a4ff568ccb,"2017-05-23 15:40:26"
14377534,unknown,,unknown,,"Adiantum pedatum",0,L.,,,,,,,urn:uuid:c0682bfe-9e99-4070-bce6-92a1e8d8cd34,"2017-05-23 15:40:26"
