<?xml version="1.0" encoding="ISO-8859-1"?>
<eml:eml xmlns:eml="eml://ecoinformatics.org/eml-2.1.1" xmlns:dc="http://purl.org/dc/terms/" xmlns:xsi="http://www.w3.org/2001/XMLSchema-instance" xsi:schemaLocation="eml://ecoinformatics.org/eml-2.1.1 http://rs.gbif.org/schema/eml-gbif-profile/1.0.1/eml.xsd" packageId="080d99df-94a1-45b6-9347-0775ded2bf9d" system="http://symbiota.org" scope="system" xml:lang="eng"><dataset><title xml:lang="eng">SERNEC general data extract</title><creator id="17dd4489-ee9c-414a-b99b-871873f3d335"><organizationName>SERNEC</organizationName><electronicMailAddress>herrick.brown@gmail.com</electronicMailAddress><onlineUrl>http://sernecportal.org/portal/index.php</onlineUrl></creator><metadataProvider><organizationName>SERNEC</organizationName><electronicMailAddress>herrick.brown@gmail.com</electronicMailAddress><onlineUrl>http://sernecportal.org/portal/index.php</onlineUrl></metadataProvider><pubDate>2018-10-11</pubDate><language>eng</language></dataset><additionalMetadata><metadata><symbiota><dateStamp>2018-10-11T12:36:56-07:00</dateStamp><citation identifier="27c722a3-ddd9-4473-9b27-97b19190d808">SERNEC - 27c722a3-ddd9-4473-9b27-97b19190d808</citation><physical><characterEncoding>ISO-8859-1</characterEncoding><dataFormat><externallyDefinedFormat><formatName>Darwin Core Archive</formatName></externallyDefinedFormat></dataFormat></physical><collection identifier="b39167b5-1732-4bbf-aeda-9b8ede470fbd" id="40"><alternateIdentifier>http://sernecportal.org/portal/collections/misc/collprofiles.php?collid=40</alternateIdentifier><parentCollectionIdentifier>NY</parentCollectionIdentifier><collectionIdentifier></collectionIdentifier><collectionName>New York Botanical Garden</collectionName><resourceLogoUrl>http://swbiodiversity.org/seinet/content/collicon/ny.jpg</resourceLogoUrl><onlineUrl>http://sciweb.nybg.org/science2/SteereHerbarium.asp</onlineUrl><intellectualRights>http://creativecommons.org/licenses/by-nc/3.0/</intellectualRights><associatedParty><userId>1305</userId><individualName>barbara Thiers</individualName><surname>Thiers</surname><givenname>barbara</givenname><electronicMailAddress>bthiers@nybg.org</electronicMailAddress><positionName>Director of the Herbarium</positionName></associatedParty><abstract><para>With more than 7.8 million preserved specimens, the William and Lynda Steere Herbarium is the largest herbarium in the Western Hemisphere.</para></abstract></collection><collection identifier="120a109a-fef1-4ea6-b7d7-6a5f8f0e5c18" id="157"><alternateIdentifier>http://sernecportal.org/portal/collections/misc/collprofiles.php?collid=157</alternateIdentifier><parentCollectionIdentifier>MO</parentCollectionIdentifier><collectionIdentifier></collectionIdentifier><collectionName>Missouri Botanical Garden</collectionName><resourceLogoUrl>http://swbiodiversity.org/seinet/content/collicon/mo.jpg</resourceLogoUrl><onlineUrl>http://www.mobot.org</onlineUrl><intellectualRights>http://creativecommons.org/licenses/by/3.0/</intellectualRights><additionalInfo>Missouri Botanical Garden</additionalInfo><associatedParty><individualName>Jim Solomon</individualName><electronicMailAddress>jim.solomon@mobot.org</electronicMailAddress></associatedParty><abstract><para>Plants are essential to sustaining the stability and quality of human life on this planet. At the Missouri Botanical Garden, we have dedicated ourselves to helping conserve biological diversity while there is still something left to protect. Our research provides scientific information essential to decision makers, from conservation and land use to social and environmental policy. We have taken the lead in making information widely accessible via the Internet, maintaining the world's largest botanical database and the premier botanical website, TROPICOS. Garden scientists conduct the most productive and geographically widespread botanical research program in the world. A tiny sample of its herbarium records are presented here; providing more will require funding.</para></abstract></collection><collection identifier="8219517e-d317-49d2-9c1f-b44df96d6cec" id="181"><alternateIdentifier>http://sernecportal.org/portal/collections/misc/collprofiles.php?collid=181</alternateIdentifier><parentCollectionIdentifier>F</parentCollectionIdentifier><collectionIdentifier>Botany</collectionIdentifier><collectionName>Field Museum of Natural History</collectionName><resourceLogoUrl>http://sernecportal.org/portal/content/collicon/f.jpg</resourceLogoUrl><onlineUrl>http://fieldmuseum.org/explore/department/botany/collections</onlineUrl><intellectualRights>http://creativecommons.org/licenses/by-nc/3.0/</intellectualRights><associatedParty><userId>5997</userId><individualName>Christine Niezgoda</individualName><surname>Niezgoda</surname><givenname>Christine</givenname><electronicMailAddress>cniezgoda@fieldmuseum.org</electronicMailAddress><positionName>Collections Manager</positionName></associatedParty><abstract><para>Phanerogams worldwide with emphasis on tropical and North America, especially rich in collections from Mexico, Guatemala, Costa Rica, Colombia, Venezuela, Ecuador, and Peru; pteridophytes worldwide with emphasis on Guatemala, Costa Rica, Ecuador, and Peru; bryophytes worldwide; mosses of North America, Central America, Andean South America, and Australasia; hepatics of north temperate, South America, and south temperate; all groups of fungi, especially basidiomycetes with emphasis on New World and lichenized fungi of north temperate and Central America; algae worldwide, especially Cyanobacteria; economic botany.</para></abstract></collection><collection identifier="b01784c6-c5d7-11e4-b6af-00163e00498d" id="234"><alternateIdentifier>http://sernecportal.org/portal/collections/misc/collprofiles.php?collid=234</alternateIdentifier><parentCollectionIdentifier>ILLS</parentCollectionIdentifier><collectionIdentifier></collectionIdentifier><collectionName>Illinois Natural History Survey</collectionName><resourceLogoUrl>http://sernecportal.org/portal/content/collicon/ill.jpg</resourceLogoUrl><onlineUrl>http://wwx.inhs.illinois.edu/collections</onlineUrl><intellectualRights>http://creativecommons.org/licenses/by-nc/3.0/</intellectualRights><associatedParty><individualName>Andrew Miller, Ph.D.</individualName><electronicMailAddress>amiller7@illinois.edu</electronicMailAddress><positionName>Mycologist and Director</positionName></associatedParty><abstract><para>The herbarium contains 250,000 plant specimens and the fungarium contains 75,000 fungal specimens. &lt;br/&gt;&lt;b&gt;Specialty:&lt;/b&gt; Vascular plants and fungi of Illinois, southeastern and midwestern U.S., Great Smoky Mountains National Park; limited neotropical; recent Kyrgyzstan; Rosaceae subfamily Maloideae.&lt;br/&gt;&lt;b&gt;Date Founded:&lt;/b&gt; 1858.</para></abstract></collection><collection identifier="58ab88f3-0034-461c-9c44-9e525c4d360f" id="253"><alternateIdentifier>http://sernecportal.org/portal/collections/misc/collprofiles.php?collid=253</alternateIdentifier><parentCollectionIdentifier>VT</parentCollectionIdentifier><collectionIdentifier></collectionIdentifier><collectionName>University of Vermont, Pringle Herbarium, vascular plants excluding those from New England</collectionName><resourceLogoUrl>http://swbiodiversity.org/seinet/content/collicon/vt.gif</resourceLogoUrl><onlineUrl>http://www.uvm.edu/~plantbio/pringle/</onlineUrl><intellectualRights>http://creativecommons.org/licenses/by-nc/3.0/</intellectualRights><additionalInfo>University of Vermont</additionalInfo><associatedParty><userId>4888</userId><individualName>Dorothy Allard</individualName><surname>Allard</surname><givenname>Dorothy</givenname><electronicMailAddress>Djallard@uvm.edu</electronicMailAddress><positionName>Research Faculty, Plant Biology Dept.</positionName></associatedParty><abstract><para>The Pringle Herbarium (VT) contains 300,000 specimens, including vascular plants, bryophytes, lichens, algae and fungi. Of these, this portal will contain about 180,000 vascular plant specimens, including all vascular plant specimens except for those from New England. Other digitization projects cover type specimens, vascular plant specimens from New England, North American bryophytes and lichens, macroalgae and macrofungi. These images and data are available through various other portals. The herbarium does not maintain its own online database.</para></abstract></collection><collection identifier="28be2df2-5062-4277-a5d8-fdd890b9b10b" id="278"><alternateIdentifier>http://sernecportal.org/portal/collections/misc/collprofiles.php?collid=278</alternateIdentifier><parentCollectionIdentifier>IND</parentCollectionIdentifier><collectionIdentifier></collectionIdentifier><collectionName>Indiana University Herbarium (Deam Herbarium)</collectionName><resourceLogoUrl>http://swbiodiversity.org/seinet/content/collicon/ind.png</resourceLogoUrl><onlineUrl>https://biology.indiana.edu/research/facilities-resources/herbarium.html</onlineUrl><intellectualRights>http://creativecommons.org/licenses/by-nc/3.0/</intellectualRights><additionalInfo>The Trustees of Indiana University</additionalInfo><associatedParty><userId>5333</userId><individualName>Eric Knox</individualName><surname>Knox</surname><givenname>Eric</givenname><electronicMailAddress>eknox@indiana.edu</electronicMailAddress><positionName>Director</positionName></associatedParty><abstract><para>The Department of Biology administers the Indiana University Herbarium (IND). Founded in 1885, the herbarium houses over 152,000 specimens of vascular plants, including the collections of Charles C. Deam on which the Flora of Indiana is based.</para></abstract></collection><collection identifier="a3883acd-bc7d-40f2-a6e4-372a3435e5d1" id="328"><alternateIdentifier>http://sernecportal.org/portal/collections/misc/collprofiles.php?collid=328</alternateIdentifier><parentCollectionIdentifier>CM</parentCollectionIdentifier><collectionIdentifier></collectionIdentifier><collectionName>Carnegie Museum of Natural History Herbarium</collectionName><resourceLogoUrl>http://intermountainbiota.org/portal/content/collicon/cm.jpg</resourceLogoUrl><onlineUrl>http://www.carnegiemnh.org/botany/collection.html</onlineUrl><intellectualRights>http://creativecommons.org/publicdomain/zero/1.0/</intellectualRights><additionalInfo>Carnegie Museum of Natural History</additionalInfo><associatedParty><userId>6197</userId><individualName>Bonnie Isaac</individualName><surname>Isaac</surname><givenname>Bonnie</givenname><electronicMailAddress>IsaacB@CarnegieMNH.org</electronicMailAddress></associatedParty><abstract><para>The Carnegie Museum herbarium (CM) has over 530,000 worldwide vascular plant specimens as well as the best representation in any herbarium of specimens from western Pennsylvania and the Upper Ohio Basin. CM holds the private herbarium of Hannibal and Tyrecca Davis containing 20,000 specimens with a concentration on Rubus (Rosaceae).</para></abstract></collection><collection identifier="63614ce9-dd60-4a9f-8226-3dfbd5cb5420" id="359"><alternateIdentifier>http://sernecportal.org/portal/collections/misc/collprofiles.php?collid=359</alternateIdentifier><parentCollectionIdentifier>GAS</parentCollectionIdentifier><collectionIdentifier></collectionIdentifier><collectionName>Georgia Southern University Herbarium</collectionName><resourceLogoUrl>http://sernecportal.org/portal/content/collicon/gas-gas.jpg</resourceLogoUrl><onlineUrl>https://sites.google.com/a/georgiasouthern.edu/gasherbarium/home</onlineUrl><intellectualRights>http://creativecommons.org/publicdomain/zero/1.0/</intellectualRights><abstract></abstract><associatedParty><individualName>John  Schenk</individualName><electronicMailAddress>jschenk@georgiasouthern.edu</electronicMailAddress></associatedParty></collection><collection identifier="eefc8d2f-42bb-4ba2-92d7-52a4290a6fac" id="382"><alternateIdentifier>http://sernecportal.org/portal/collections/misc/collprofiles.php?collid=382</alternateIdentifier><parentCollectionIdentifier>USF</parentCollectionIdentifier><collectionIdentifier></collectionIdentifier><collectionName>University of South Florida Herbarium</collectionName><resourceLogoUrl>http://sernecportal.org/portal/content/collicon/usf.jpg</resourceLogoUrl><onlineUrl>http://biology.usf.edu/cmmb/research/herbarium.aspx</onlineUrl><intellectualRights>http://creativecommons.org/licenses/by/3.0/</intellectualRights><associatedParty><userId>5308</userId><individualName>Alan Franck</individualName><surname>Franck</surname><givenname>Alan</givenname><electronicMailAddress>afranck@mail.usf.edu</electronicMailAddress><positionName>Herbarium Curator</positionName></associatedParty><abstract><para>The USF Herbarium was established as a research and teaching collection in 1958 by George R. Cooley, two years after the founding of the University of South Florida. The USF Herbarium is the second largest collection in Florida, the seventh largest in the southeastern United States, and ranks in the upper third of the world's herbaria in size. The herbarium contains approximately 280,000 specimens, consisting of about 260,000 specimens of vascular plants, 14,000 algae, 2,800 bryophytes, 1,300 lichens, and 300 macrofungi. The collection contains approximately 400 type specimens. The herbarium is richest in specimens from Florida (~40%), with additional holdings from North America north of Mexico (~35%), Latin America and the West Indies (~15%), and the Eastern Hemisphere (~10%). Specific groups well represented in the herbarium include Acanthaceae, Apocynaceae, Begoniaceae, Bromeliaceae, Fabaceae, Orchidaceae, and pteridophytes (ferns).</para></abstract></collection><collection identifier="8f1d56aa-02cb-422d-9259-f2fba3efeea3" id="415"><alternateIdentifier>http://sernecportal.org/portal/collections/misc/collprofiles.php?collid=415</alternateIdentifier><parentCollectionIdentifier>RSABG</parentCollectionIdentifier><collectionIdentifier>RSA-POM</collectionIdentifier><collectionName>Rancho Santa Ana Botanic Garden Herbarium</collectionName><resourceLogoUrl>http://nansh.org/portal/content/collicon/rsabg-rsa-pom.jpg</resourceLogoUrl><onlineUrl>http://www.rsabg.org/herbarium</onlineUrl><intellectualRights>http://creativecommons.org/licenses/by-nc/3.0/</intellectualRights><abstract><para>The combined Herbarium of Rancho Santa Ana Botanic Garden and Pomona College (RSA-POM) is a museum-quality collection of vascular plant specimens. With current holdings totaling over 1,200,000 specimens, the Herbarium is the third largest in California. The Herbarium is recognized throughout the world for its strength in documenting the diversity, distribution, variation, and ecology of more than 6500 species of flowering plants, conifers, and ferns in California, which constitutes nearly 50% of the total collection. The holdings from Southern California exceed 250,000 and are unsurpassed by any other herbarium. Approximately 95% of the collection is composed of mounted sheets and filed according to a standardized system of classification. Ancillary collections that augment the collection include a cone &amp; fruit collection, wood collection, fluid preserved collection, and pollen and anatomy slide collection.</para></abstract></collection></symbiota></metadata></additionalMetadata></eml:eml>
