coreid,identifier,accessURI,thumbnailAccessURI,goodQualityAccessURI,rights,Owner,UsageTerms,WebStatement,caption,comments,providerManagedID,MetadataDate,format,associatedSpecimenReference,type,subtype,metadataLanguage
13352689,http://purl.dlib.indiana.edu/iudl/herbarium/full/IND-0079729,http://purl.dlib.indiana.edu/iudl/herbarium/full/IND-0079729,http://midwestherbaria.org/imglib/midwest/IND/IND-0079/IND-0079729_1492246750_tn.jpg,http://midwestherbaria.org/imglib/midwest/IND/IND-0079/IND-0079729_1492246750_web.jpg,,"The Trustees of Indiana University","CC BY-NC (Attribution-Non-Commercial)",http://creativecommons.org/licenses/by-nc/3.0/,,,urn:uuid:0f82b6c2-55eb-423b-a044-c1846102c53f,"2017-03-14 16:09:49",image/jpeg,http://sernecportal.org/portal/collections/individual/index.php?occid=13352689,StillImage,Photograph,en
13352690,http://purl.dlib.indiana.edu/iudl/herbarium/full/IND-0079728,http://purl.dlib.indiana.edu/iudl/herbarium/full/IND-0079728,http://midwestherbaria.org/imglib/midwest/IND/IND-0079/IND-0079728_1492265118_tn.jpg,http://midwestherbaria.org/imglib/midwest/IND/IND-0079/IND-0079728_1492265118_web.jpg,,"The Trustees of Indiana University","CC BY-NC (Attribution-Non-Commercial)",http://creativecommons.org/licenses/by-nc/3.0/,,,urn:uuid:ecff9219-f1fb-4b75-9d56-36b2cc11c435,"2017-03-14 16:09:49",image/jpeg,http://sernecportal.org/portal/collections/individual/index.php?occid=13352690,StillImage,Photograph,en
13352691,http://purl.dlib.indiana.edu/iudl/herbarium/full/IND-0079727,http://purl.dlib.indiana.edu/iudl/herbarium/full/IND-0079727,http://swbiodiversity.org/imglib/arizona/IND/IND-0079/IND-0079727_1491463619_tn.jpg,http://swbiodiversity.org/imglib/arizona/IND/IND-0079/IND-0079727_1491463619_web.jpg,,"The Trustees of Indiana University","CC BY-NC (Attribution-Non-Commercial)",http://creativecommons.org/licenses/by-nc/3.0/,,,urn:uuid:0c121f8e-f8a6-4914-8602-5407f3d6ab7b,"2017-03-14 16:09:49",image/jpeg,http://sernecportal.org/portal/collections/individual/index.php?occid=13352691,StillImage,Photograph,en
14714531,http://sweetgum.nybg.org/images3/630/168/01438448.jpg,http://sweetgum.nybg.org/images3/630/168/01438448.jpg,http://sweetgum.nybg.org/images3/630/168/01438448.thumb.jpg,,,"New York Botanical Garden (NY)","CC BY-NC (Attribution-Non-Commercial)",http://creativecommons.org/licenses/by-nc/3.0/,,,urn:uuid:9d298f00-0f84-4640-8861-db1a03889ddf,"2017-06-20 18:41:04",image/jpeg,http://sernecportal.org/portal/collections/individual/index.php?occid=14714531,StillImage,Photograph,en
14817972,http://sweetgum.nybg.org/images3/628/248/01438441.jpg,http://sweetgum.nybg.org/images3/628/248/01438441.jpg,http://sweetgum.nybg.org/images3/628/248/01438441.thumb.jpg,,,"New York Botanical Garden (NY)","CC BY-NC (Attribution-Non-Commercial)",http://creativecommons.org/licenses/by-nc/3.0/,,,urn:uuid:55e4f183-730b-4df1-889e-b3338112b66b,"2017-06-20 18:41:04",image/jpeg,http://sernecportal.org/portal/collections/individual/index.php?occid=14817972,StillImage,Photograph,en
14878993,http://sweetgum.nybg.org/images3/628/246/01438439.jpg,http://sweetgum.nybg.org/images3/628/246/01438439.jpg,http://sweetgum.nybg.org/images3/628/246/01438439.thumb.jpg,,,"New York Botanical Garden (NY)","CC BY-NC (Attribution-Non-Commercial)",http://creativecommons.org/licenses/by-nc/3.0/,,,urn:uuid:b2ef8f92-a046-4ce1-958d-335c076a417f,"2017-06-20 18:41:04",image/jpeg,http://sernecportal.org/portal/collections/individual/index.php?occid=14878993,StillImage,Photograph,en
14934092,http://sweetgum.nybg.org/images3/628/249/01438442.jpg,http://sweetgum.nybg.org/images3/628/249/01438442.jpg,http://sweetgum.nybg.org/images3/628/249/01438442.thumb.jpg,,,"New York Botanical Garden (NY)","CC BY-NC (Attribution-Non-Commercial)",http://creativecommons.org/licenses/by-nc/3.0/,,,urn:uuid:2f837c44-52e4-4c05-841e-7f434e034e34,"2017-06-20 18:41:04",image/jpeg,http://sernecportal.org/portal/collections/individual/index.php?occid=14934092,StillImage,Photograph,en
14940546,http://sweetgum.nybg.org/images3/630/167/01438447.jpg,http://sweetgum.nybg.org/images3/630/167/01438447.jpg,http://sweetgum.nybg.org/images3/630/167/01438447.thumb.jpg,,,"New York Botanical Garden (NY)","CC BY-NC (Attribution-Non-Commercial)",http://creativecommons.org/licenses/by-nc/3.0/,,,urn:uuid:2a262143-bb09-4feb-9941-49a9d9f0a11d,"2017-06-20 18:41:04",image/jpeg,http://sernecportal.org/portal/collections/individual/index.php?occid=14940546,StillImage,Photograph,en
15037843,http://sweetgum.nybg.org/images3/628/244/01438437.jpg,http://sweetgum.nybg.org/images3/628/244/01438437.jpg,http://sweetgum.nybg.org/images3/628/244/01438437.thumb.jpg,,,"New York Botanical Garden (NY)","CC BY-NC (Attribution-Non-Commercial)",http://creativecommons.org/licenses/by-nc/3.0/,,,urn:uuid:68106a7d-c3a5-4f31-9607-576c3e7528c8,"2017-06-20 18:41:04",image/jpeg,http://sernecportal.org/portal/collections/individual/index.php?occid=15037843,StillImage,Photograph,en
15051243,http://sweetgum.nybg.org/images3/628/242/01438435.jpg,http://sweetgum.nybg.org/images3/628/242/01438435.jpg,http://sweetgum.nybg.org/images3/628/242/01438435.thumb.jpg,,,"New York Botanical Garden (NY)","CC BY-NC (Attribution-Non-Commercial)",http://creativecommons.org/licenses/by-nc/3.0/,,,urn:uuid:514a1ce0-d3c6-47df-a0f3-68eb43c87b31,"2017-06-20 18:41:04",image/jpeg,http://sernecportal.org/portal/collections/individual/index.php?occid=15051243,StillImage,Photograph,en
15087594,http://sweetgum.nybg.org/images3/628/252/01438445.jpg,http://sweetgum.nybg.org/images3/628/252/01438445.jpg,http://sweetgum.nybg.org/images3/628/252/01438445.thumb.jpg,,,"New York Botanical Garden (NY)","CC BY-NC (Attribution-Non-Commercial)",http://creativecommons.org/licenses/by-nc/3.0/,,,urn:uuid:e9a71f58-cdb0-4826-8051-a794076a5503,"2017-06-20 18:41:04",image/jpeg,http://sernecportal.org/portal/collections/individual/index.php?occid=15087594,StillImage,Photograph,en
15890027,http://storage.idigbio.org/vt/vplants/UVMVT234/UVMVT234806_lg.jpg,http://storage.idigbio.org/vt/vplants/UVMVT234/UVMVT234806_lg.jpg,http://storage.idigbio.org/vt/vplants/UVMVT234/UVMVT234806_tn.jpg,http://storage.idigbio.org/vt/vplants/UVMVT234/UVMVT234806.jpg,,"University of Vermont","CC BY-NC (Attribution-Non-Commercial)",http://creativecommons.org/licenses/by-nc/3.0/,,,urn:uuid:57ff634f-185f-43c7-942a-45c4f51d3087,"2017-09-07 06:31:12",image/jpeg,http://sernecportal.org/portal/collections/individual/index.php?occid=15890027,StillImage,Photograph,en
16974104,https://bisque.cyverse.org/image_service/image/00-MpDA7XScbA2r9pFxis8zFK/resize:4000/format:jpeg,https://bisque.cyverse.org/image_service/image/00-MpDA7XScbA2r9pFxis8zFK/resize:4000/format:jpeg,"https://bisque.cyverse.org/image_service/image/00-MpDA7XScbA2r9pFxis8zFK/thumbnail:200,200",https://bisque.cyverse.org/image_service/image/00-MpDA7XScbA2r9pFxis8zFK/resize:1250/format:jpeg,,"Georgia Southern University Herbarium (GAS)","CC0 1.0 (Public-domain)",http://creativecommons.org/publicdomain/zero/1.0/,,,urn:uuid:306d6d28-c4da-4d1a-80b3-8d4f4c7956ea,"2018-09-06 12:46:28",image/jpeg,http://sernecportal.org/portal/collections/individual/index.php?occid=16974104,StillImage,Photograph,en
19350731,https://cdn.plantatlas.org/img/specimens/USF/102145.jpg,https://cdn.plantatlas.org/img/specimens/USF/102145.jpg,https://cdn.plantatlas.org/img/specimens/USF/thumbs/102145.jpg,,,"University of South Florida Herbarium (USF)","CC BY (Attribution)",http://creativecommons.org/licenses/by/3.0/,,,urn:uuid:2f0d4f07-0b84-4e05-83b9-f8a5996179a7,"2018-03-29 10:29:17",image/jpeg,http://sernecportal.org/portal/collections/individual/index.php?occid=19350731,StillImage,Photograph,en
19366267,https://cdn.plantatlas.org/img/specimens/USF/278645.jpg,https://cdn.plantatlas.org/img/specimens/USF/278645.jpg,https://cdn.plantatlas.org/img/specimens/USF/thumbs/278645.jpg,,,"University of South Florida Herbarium (USF)","CC BY (Attribution)",http://creativecommons.org/licenses/by/3.0/,,,urn:uuid:9323dc45-4463-4d2b-be07-c823c8cd5710,"2018-03-29 10:29:17",image/jpeg,http://sernecportal.org/portal/collections/individual/index.php?occid=19366267,StillImage,Photograph,en
