<?xml version="1.0" encoding="ISO-8859-1"?>
<eml:eml xmlns:eml="eml://ecoinformatics.org/eml-2.1.1" xmlns:dc="http://purl.org/dc/terms/" xmlns:xsi="http://www.w3.org/2001/XMLSchema-instance" xsi:schemaLocation="eml://ecoinformatics.org/eml-2.1.1 http://rs.gbif.org/schema/eml-gbif-profile/1.0.1/eml.xsd" packageId="a2c1feae-b9fe-4be9-997a-ed9df8da7886" system="http://symbiota.org" scope="system" xml:lang="eng"><dataset><title xml:lang="eng">SERNEC general data extract</title><creator id="17dd4489-ee9c-414a-b99b-871873f3d335"><organizationName>SERNEC</organizationName><electronicMailAddress>herrick.brown@gmail.com</electronicMailAddress><onlineUrl>http://sernecportal.org/portal/index.php</onlineUrl></creator><metadataProvider><organizationName>SERNEC</organizationName><electronicMailAddress>herrick.brown@gmail.com</electronicMailAddress><onlineUrl>http://sernecportal.org/portal/index.php</onlineUrl></metadataProvider><pubDate>2018-10-11</pubDate><language>eng</language></dataset><additionalMetadata><metadata><symbiota><dateStamp>2018-10-11T12:17:55-07:00</dateStamp><citation identifier="8d1c6941-f9ac-43b3-9b5b-a7522d1b629b">SERNEC - 8d1c6941-f9ac-43b3-9b5b-a7522d1b629b</citation><physical><characterEncoding>ISO-8859-1</characterEncoding><dataFormat><externallyDefinedFormat><formatName>Darwin Core Archive</formatName></externallyDefinedFormat></dataFormat></physical><collection identifier="a2e32c87-d320-4a01-bafd-a9182ae2e191" id="1"><alternateIdentifier>http://sernecportal.org/portal/collections/misc/collprofiles.php?collid=1</alternateIdentifier><parentCollectionIdentifier>ASU</parentCollectionIdentifier><collectionIdentifier>Plants</collectionIdentifier><collectionName>Arizona State University Vascular Plant Herbarium</collectionName><resourceLogoUrl>http://swbiodiversity.org/seinet/content/collicon/asu-plants.jpg</resourceLogoUrl><onlineUrl>https://biokic.asu.edu/vascular-plant-herbarium</onlineUrl><intellectualRights>http://creativecommons.org/licenses/by-nc/3.0/</intellectualRights><associatedParty><userId>648</userId><individualName>Liz Makings</individualName><surname>Makings</surname><givenname>Liz</givenname><electronicMailAddress>elizabeth.makings@asu.edu</electronicMailAddress><positionName>Herbarium Collections Manager</positionName></associatedParty><abstract><para>The Arizona State University Vascular Plant Herbarium is the second largest in the Arid Southwest with over 285,000 specimens. Our collection of Cactaceae is one of the best in the world, being particularly rich in cytological vouchers. &lt;br/&gt;&lt;br/&gt;ASU Type Specimens: &lt;a href="http://swbiodiversity.org/seinet/checklists/checklist.php?cl=2638"&gt;http://swbiodiversity.org/seinet/checklists/checklist.php?cl=2638&lt;/a&gt;&lt;br/&gt;&lt;br/&gt;</para></abstract></collection><collection identifier="5991f10e-a5e6-47d7-acfe-e26e6686d02a" id="2"><alternateIdentifier>http://sernecportal.org/portal/collections/misc/collprofiles.php?collid=2</alternateIdentifier><parentCollectionIdentifier>ARIZ</parentCollectionIdentifier><collectionIdentifier></collectionIdentifier><collectionName>University of Arizona Herbarium</collectionName><resourceLogoUrl>http://db.herbarium.arizona.edu/images/collicons/ariz_icon.jpg</resourceLogoUrl><onlineUrl>http://ag.arizona.edu/herbarium/</onlineUrl><intellectualRights>http://creativecommons.org/licenses/by-nc/3.0/</intellectualRights><abstract></abstract><associatedParty><userId>1123</userId><individualName>ARIZ:  University of Arizona</individualName><surname>University of Arizona</surname><givenname>ARIZ: </givenname><electronicMailAddress>herbarium@ag.arizona.edu</electronicMailAddress></associatedParty></collection><collection identifier="343cbd43-46a3-4534-9465-ffb0b1132d62" id="9"><alternateIdentifier>http://sernecportal.org/portal/collections/misc/collprofiles.php?collid=9</alternateIdentifier><parentCollectionIdentifier>UCR</parentCollectionIdentifier><collectionIdentifier></collectionIdentifier><collectionName>University of California, Riverside Plant Herbarium</collectionName><resourceLogoUrl>http://swbiodiversity.org/seinet/content/collicon/ucr.jpg</resourceLogoUrl><onlineUrl>http://herbarium.ucr.edu/Herbarium.html</onlineUrl><intellectualRights>http://creativecommons.org/licenses/by-nc/3.0/</intellectualRights><abstract></abstract><associatedParty><userId>1752</userId><individualName>Andrew Sanders</individualName><surname>Sanders</surname><givenname>Andrew</givenname><electronicMailAddress>andrew.sanders@ucr.edu</electronicMailAddress><positionName>Sr. Museum Scientist/Herbarium Curator</positionName></associatedParty></collection><collection identifier="3bc468fd-522b-4e40-b52c-5668c979b865" id="22"><alternateIdentifier>http://sernecportal.org/portal/collections/misc/collprofiles.php?collid=22</alternateIdentifier><parentCollectionIdentifier>NMC</parentCollectionIdentifier><collectionIdentifier></collectionIdentifier><collectionName>New Mexico State University Herbarium</collectionName><resourceLogoUrl>http://polyploid.net/NMC/NMC_tiny.jpg</resourceLogoUrl><onlineUrl>http://biology-web.nmsu.edu/herbarium/</onlineUrl><intellectualRights>http://creativecommons.org/licenses/by-nc/3.0/</intellectualRights><abstract></abstract><associatedParty><individualName>Sara Fuentes-Soriano</individualName><electronicMailAddress>sfuensor@ad.nmsu.edu</electronicMailAddress></associatedParty></collection><collection identifier="b39167b5-1732-4bbf-aeda-9b8ede470fbd" id="40"><alternateIdentifier>http://sernecportal.org/portal/collections/misc/collprofiles.php?collid=40</alternateIdentifier><parentCollectionIdentifier>NY</parentCollectionIdentifier><collectionIdentifier></collectionIdentifier><collectionName>New York Botanical Garden</collectionName><resourceLogoUrl>http://swbiodiversity.org/seinet/content/collicon/ny.jpg</resourceLogoUrl><onlineUrl>http://sciweb.nybg.org/science2/SteereHerbarium.asp</onlineUrl><intellectualRights>http://creativecommons.org/licenses/by-nc/3.0/</intellectualRights><associatedParty><userId>1305</userId><individualName>barbara Thiers</individualName><surname>Thiers</surname><givenname>barbara</givenname><electronicMailAddress>bthiers@nybg.org</electronicMailAddress><positionName>Director of the Herbarium</positionName></associatedParty><abstract><para>With more than 7.8 million preserved specimens, the William and Lynda Steere Herbarium is the largest herbarium in the Western Hemisphere.</para></abstract></collection><collection identifier="5f887025-5ee0-453e-b25b-360c1f5e870a" id="130"><alternateIdentifier>http://sernecportal.org/portal/collections/misc/collprofiles.php?collid=130</alternateIdentifier><parentCollectionIdentifier>MWI</parentCollectionIdentifier><collectionIdentifier></collectionIdentifier><collectionName>Western Illinois University, &#8203;R. M. Myers Herbarium</collectionName><resourceLogoUrl>http://sernecportal.org/portal/content/collicon/mwi.jpg</resourceLogoUrl><onlineUrl>http://wiu.edu/users/mfer1/MWI.html</onlineUrl><intellectualRights>http://creativecommons.org/licenses/by/3.0/</intellectualRights><additionalInfo>Western Illinois University</additionalInfo><associatedParty><userId>989</userId><individualName>Eric Ribbens</individualName><surname>Ribbens</surname><givenname>Eric</givenname><electronicMailAddress>e-ribbens@wiu.edu</electronicMailAddress></associatedParty><abstract><para>The R.M. Myers Herbarium contains more than 75,000 specimens, of which most are from western Illinois or southeastern Iowa. We hold a major collection of moss specimens from western Illinois, as well as a set of &lt;i&gt;Opuntia fragilis&lt;/i&gt; specimens that document most areas where it grows in the midwest.</para></abstract></collection><collection identifier="a13355a1-1ccc-46d9-9672-521d8d668804" id="147"><alternateIdentifier>http://sernecportal.org/portal/collections/misc/collprofiles.php?collid=147</alternateIdentifier><parentCollectionIdentifier>USCH</parentCollectionIdentifier><collectionIdentifier></collectionIdentifier><collectionName>University of South Carolina, A. C. Moore Herbarium</collectionName><resourceLogoUrl>http://sernecportal.org/portal/content/collicon/usch.jpg</resourceLogoUrl><onlineUrl>http://www.herbarium.org</onlineUrl><intellectualRights>http://creativecommons.org/licenses/by-nc/3.0/</intellectualRights><associatedParty><individualName>Dr. John B. Nelson</individualName><electronicMailAddress>nelson@sc.edu</electronicMailAddress></associatedParty><abstract><para>The A. C. Moore Herbarium is an important part of the Department of Biological Sciences at the University of South Carolina (Columbia Campus). Founded in 1907 by Dr. Andrew Charles Moore, the original collection of dried plant specimens is now part of an ever growing collection. Total holdings are just over 120,000 specimens, making the A. C. Moore Herbarium the largest in the state of South Carolina. Researchers and visitors will find a diverse collection of vascular and nonvascular plant material primarily from the Southeastern United States and more specifically from South Carolina. Now over 100 years old, the A. C. Moore Herbarium continues to be an indispensable resource for botanical knowledge.</para></abstract></collection><collection identifier="5082277f-dd49-4b22-9e2d-746d2fb233b4" id="151"><alternateIdentifier>http://sernecportal.org/portal/collections/misc/collprofiles.php?collid=151</alternateIdentifier><parentCollectionIdentifier>FSU</parentCollectionIdentifier><collectionIdentifier></collectionIdentifier><collectionName>Florida State University's Robert K. Godfrey Herbarium</collectionName><resourceLogoUrl>http://sernecportal.org/portal/content/collicon/fsu.png</resourceLogoUrl><onlineUrl>http://herbarium.bio.fsu.edu/</onlineUrl><intellectualRights>http://creativecommons.org/licenses/by-nc/3.0/</intellectualRights><additionalInfo>The Florida State University</additionalInfo><associatedParty><userId>5081</userId><individualName>Austin Mast</individualName><surname>Mast</surname><givenname>Austin</givenname><electronicMailAddress>amast@bio.fsu.edu</electronicMailAddress></associatedParty><abstract><para>The collection contains &gt;220,000 specimens that document the distribution and natural variation of plants and algae worldwide, with a special focus on the 2,400 species of plants found in N FL--one of North America's biodiversity hotspots--and the microalgae of Florida's Gulf and Atlantic coasts.</para></abstract></collection><collection identifier="81b5c57b-5f26-423f-93b6-d4dc434fe707" id="155"><alternateIdentifier>http://sernecportal.org/portal/collections/misc/collprofiles.php?collid=155</alternateIdentifier><parentCollectionIdentifier>CLEMS</parentCollectionIdentifier><collectionIdentifier></collectionIdentifier><collectionName>Clemson University Herbarium</collectionName><resourceLogoUrl>http://sernecportal.org/portal/content/collicon/clems.gif</resourceLogoUrl><onlineUrl>http://www.clemson.edu/cafls/herbarium/</onlineUrl><intellectualRights>http://creativecommons.org/licenses/by-nc/3.0/</intellectualRights><abstract></abstract><associatedParty><userId>830</userId><individualName>Dixie Damrel</individualName><surname>Damrel</surname><givenname>Dixie</givenname><electronicMailAddress>ddamrel@clemson.edu</electronicMailAddress><positionName>Curator, Clemson Herbarium</positionName></associatedParty></collection><collection identifier="120a109a-fef1-4ea6-b7d7-6a5f8f0e5c18" id="157"><alternateIdentifier>http://sernecportal.org/portal/collections/misc/collprofiles.php?collid=157</alternateIdentifier><parentCollectionIdentifier>MO</parentCollectionIdentifier><collectionIdentifier></collectionIdentifier><collectionName>Missouri Botanical Garden</collectionName><resourceLogoUrl>http://swbiodiversity.org/seinet/content/collicon/mo.jpg</resourceLogoUrl><onlineUrl>http://www.mobot.org</onlineUrl><intellectualRights>http://creativecommons.org/licenses/by/3.0/</intellectualRights><additionalInfo>Missouri Botanical Garden</additionalInfo><associatedParty><individualName>Jim Solomon</individualName><electronicMailAddress>jim.solomon@mobot.org</electronicMailAddress></associatedParty><abstract><para>Plants are essential to sustaining the stability and quality of human life on this planet. At the Missouri Botanical Garden, we have dedicated ourselves to helping conserve biological diversity while there is still something left to protect. Our research provides scientific information essential to decision makers, from conservation and land use to social and environmental policy. We have taken the lead in making information widely accessible via the Internet, maintaining the world's largest botanical database and the premier botanical website, TROPICOS. Garden scientists conduct the most productive and geographically widespread botanical research program in the world. A tiny sample of its herbarium records are presented here; providing more will require funding.</para></abstract></collection><collection identifier="8219517e-d317-49d2-9c1f-b44df96d6cec" id="181"><alternateIdentifier>http://sernecportal.org/portal/collections/misc/collprofiles.php?collid=181</alternateIdentifier><parentCollectionIdentifier>F</parentCollectionIdentifier><collectionIdentifier>Botany</collectionIdentifier><collectionName>Field Museum of Natural History</collectionName><resourceLogoUrl>http://sernecportal.org/portal/content/collicon/f.jpg</resourceLogoUrl><onlineUrl>http://fieldmuseum.org/explore/department/botany/collections</onlineUrl><intellectualRights>http://creativecommons.org/licenses/by-nc/3.0/</intellectualRights><associatedParty><userId>5997</userId><individualName>Christine Niezgoda</individualName><surname>Niezgoda</surname><givenname>Christine</givenname><electronicMailAddress>cniezgoda@fieldmuseum.org</electronicMailAddress><positionName>Collections Manager</positionName></associatedParty><abstract><para>Phanerogams worldwide with emphasis on tropical and North America, especially rich in collections from Mexico, Guatemala, Costa Rica, Colombia, Venezuela, Ecuador, and Peru; pteridophytes worldwide with emphasis on Guatemala, Costa Rica, Ecuador, and Peru; bryophytes worldwide; mosses of North America, Central America, Andean South America, and Australasia; hepatics of north temperate, South America, and south temperate; all groups of fungi, especially basidiomycetes with emphasis on New World and lichenized fungi of north temperate and Central America; algae worldwide, especially Cyanobacteria; economic botany.</para></abstract></collection><collection identifier="0fdd3b88-7ca2-48ad-92e0-23e26acec000" id="193"><alternateIdentifier>http://sernecportal.org/portal/collections/misc/collprofiles.php?collid=193</alternateIdentifier><parentCollectionIdentifier>EKY</parentCollectionIdentifier><collectionIdentifier></collectionIdentifier><collectionName>Eastern Kentucky University, Ronald L. Jones Herbarium</collectionName><resourceLogoUrl>http://sernecportal.org/portal/content/collicon/eky2.jpg</resourceLogoUrl><onlineUrl>http://herbarium.eku.edu/</onlineUrl><intellectualRights>http://creativecommons.org/licenses/by-nc/3.0/</intellectualRights><associatedParty><userId>4774</userId><individualName>Brad Ruhfel</individualName><surname>Ruhfel</surname><givenname>Brad</givenname><electronicMailAddress>brad.ruhfel@eku.edu</electronicMailAddress><positionName>Associate Professor &amp; Curator</positionName></associatedParty><abstract><para>The EKU Herbarium (EKY) contains ~77,000 specimens and is the largest collection in Kentucky, and the second largest in the Kentucky-Tennessee region (surpassed only by the University of Tennessee). Most specimens are from central and eastern Kentucky, but also there is a good representation of western Kentucky and of the southeastern United States. There is also a set of woody plant specimens recently collected in Costa Rica. Nearly all specimens are of vascular plants. A number of important sets of specimens are housed at EKY, including sets from Lilley Cornett Woods, Maywoods Environmental and Educational Laboratory, Pine Mountain, Breaks Interstate Park, Brodhead Swamp, the headwater regions of the Green River, collections from the Kentucky State Nature Preserves Commission, collections of Mary Wharton, E.T. Browne, Raymond Athey, and county collections from Madison, Estill, Jackson, and Garrard Counties.</para></abstract></collection><collection identifier="17f2d0fa-39a6-4465-8055-1d6fc12eeda2" id="206"><alternateIdentifier>http://sernecportal.org/portal/collections/misc/collprofiles.php?collid=206</alternateIdentifier><parentCollectionIdentifier>NCU</parentCollectionIdentifier><collectionIdentifier></collectionIdentifier><collectionName>University of North Carolina Chapel Hill Herbarium</collectionName><resourceLogoUrl>http://sernecportal.org/portal/content/collicon/ncu.jpg</resourceLogoUrl><onlineUrl>http://www.herbarium.unc.edu/</onlineUrl><intellectualRights>http://creativecommons.org/licenses/by-nc/3.0/</intellectualRights><associatedParty><userId>4937</userId><individualName>Carol Ann McCormick</individualName><surname>McCormick</surname><givenname>Carol Ann</givenname><electronicMailAddress>mccormick@unc.edu</electronicMailAddress><positionName>Curator</positionName></associatedParty><abstract><para>The University of North Carolina Chapel Hill Herbarium (NCU) is a Department of the North Carolina Botanical Garden of the University of North Carolina at Chapel Hill. The vascular plant collection is world-wide in scope, and focuses on the native flora of the Southeastern United States. Approximately 450,000 of our ca. 600,000 specimens will be imaged &amp; databased for THE KEY TO THE CABINETS: BUILDING &amp; SUSTAINING A RESEARCH DATABASE FOR A GLOBAL BIODIVERSITY HOTSPOT. NCU also curates plant fossils (esp. Devonian and collections of Patricia Gensel), fungi (esp. collections of W.C. Coker, J.N. Couch, A. B. Seymour), lichens (esp. collections of Gary Perlmutter), bryophytes, and algae (esp. red marine algae of temperate zones and collections of Max Hommersand &amp; Paul Gabrielson). NCU is open to the public &amp; welcomes researchers; contact Curator to reserve on-campus parking permit.</para></abstract></collection><collection identifier="b01784c6-c5d7-11e4-b6af-00163e00498d" id="234"><alternateIdentifier>http://sernecportal.org/portal/collections/misc/collprofiles.php?collid=234</alternateIdentifier><parentCollectionIdentifier>ILLS</parentCollectionIdentifier><collectionIdentifier></collectionIdentifier><collectionName>Illinois Natural History Survey</collectionName><resourceLogoUrl>http://sernecportal.org/portal/content/collicon/ill.jpg</resourceLogoUrl><onlineUrl>http://wwx.inhs.illinois.edu/collections</onlineUrl><intellectualRights>http://creativecommons.org/licenses/by-nc/3.0/</intellectualRights><associatedParty><individualName>Andrew Miller, Ph.D.</individualName><electronicMailAddress>amiller7@illinois.edu</electronicMailAddress><positionName>Mycologist and Director</positionName></associatedParty><abstract><para>The herbarium contains 250,000 plant specimens and the fungarium contains 75,000 fungal specimens. &lt;br/&gt;&lt;b&gt;Specialty:&lt;/b&gt; Vascular plants and fungi of Illinois, southeastern and midwestern U.S., Great Smoky Mountains National Park; limited neotropical; recent Kyrgyzstan; Rosaceae subfamily Maloideae.&lt;br/&gt;&lt;b&gt;Date Founded:&lt;/b&gt; 1858.</para></abstract></collection><collection identifier="afa92649-e7ab-404c-8650-5a31604ff168" id="249"><alternateIdentifier>http://sernecportal.org/portal/collections/misc/collprofiles.php?collid=249</alternateIdentifier><parentCollectionIdentifier>FLAS</parentCollectionIdentifier><collectionIdentifier></collectionIdentifier><collectionName>University of Florida Herbarium</collectionName><resourceLogoUrl>http://sernecportal.org/portal/content/collicon/FLAS-.jpg</resourceLogoUrl><onlineUrl>http://www.floridamuseum.ufl.edu/herbarium</onlineUrl><intellectualRights>http://creativecommons.org/licenses/by-nc/3.0/</intellectualRights><additionalInfo>University of Florida</additionalInfo><abstract></abstract><associatedParty><userId>5047</userId><individualName>Kent Perkins</individualName><surname>Perkins</surname><givenname>Kent</givenname><electronicMailAddress>kperkins@flmnh.ufl.edu</electronicMailAddress><positionName>Collection Manager</positionName></associatedParty></collection><collection identifier="b35ec53f-99d2-4ef0-bf04-e015e5637606" id="263"><alternateIdentifier>http://sernecportal.org/portal/collections/misc/collprofiles.php?collid=263</alternateIdentifier><parentCollectionIdentifier>VSC</parentCollectionIdentifier><collectionIdentifier></collectionIdentifier><collectionName>Valdosta State University Herbarium</collectionName><resourceLogoUrl>http://sernecportal.org/portal/content/collicon/vsc.jpg</resourceLogoUrl><onlineUrl>http://ww2.valdosta.edu/~rcarter/herbintro.htm</onlineUrl><intellectualRights>http://creativecommons.org/licenses/by-nc/3.0/</intellectualRights><associatedParty><userId>5125</userId><individualName>Richard Carter</individualName><surname>Carter</surname><givenname>Richard</givenname><electronicMailAddress>rcarter@valdosta.edu</electronicMailAddress><positionName>Curator</positionName></associatedParty><abstract><para>The Valdosta State University Herbarium (VSC) provides a repository for the preservation of voucher specimens that document the flora of the Coastal Plain region of Georgia and specimens from a broader geographical area that might be useful in the study of the flora of this region and that enable specialized research on particular groups of plants carried out by faculty and students in residence at Valdosta State University and by taxonomic specialists at other institutions. VSC also provides specimens for use in teaching, and its staff responds to requests from the general public, natural resource managers, agricultural scientists, and others by providing information about plants and service determinations of unknown plants and, where appropriate, preserving vouchers relating to such.</para></abstract></collection><collection identifier="a31f5623-cb82-4dc3-93bb-79d834381394" id="268"><alternateIdentifier>http://sernecportal.org/portal/collections/misc/collprofiles.php?collid=268</alternateIdentifier><parentCollectionIdentifier>FTU</parentCollectionIdentifier><collectionIdentifier></collectionIdentifier><collectionName>University of Central Florida Herbarium</collectionName><resourceLogoUrl>http://sernecportal.org/portal/content/collicon/ftu.png</resourceLogoUrl><onlineUrl></onlineUrl><intellectualRights>http://creativecommons.org/licenses/by-nc/3.0/</intellectualRights><abstract></abstract><associatedParty><individualName>Elizabeth Harris</individualName><electronicMailAddress>elizabeth.harris@ucf.edu</electronicMailAddress></associatedParty></collection><collection identifier="7a60dbb2-41cf-44ce-83de-5cf6f5a942ae" id="279"><alternateIdentifier>http://sernecportal.org/portal/collections/misc/collprofiles.php?collid=279</alternateIdentifier><parentCollectionIdentifier>GEO</parentCollectionIdentifier><collectionIdentifier></collectionIdentifier><collectionName>Emory University Herbarium</collectionName><resourceLogoUrl>http://sernecportal.org/portal/content/collicon/geo.jpg</resourceLogoUrl><onlineUrl>https://scholarblogs.emory.edu/emoryherbarium/</onlineUrl><intellectualRights>http://creativecommons.org/licenses/by-nc/3.0/</intellectualRights><associatedParty><userId>5300</userId><individualName>Tharanga Samarakoon</individualName><surname>Samarakoon</surname><givenname>Tharanga</givenname><electronicMailAddress>tsamarakoon@emory.edu</electronicMailAddress><positionName>Collection Manager</positionName></associatedParty><associatedParty><userId>7146</userId><individualName>Cassandra Leah Quave</individualName><surname>Quave</surname><givenname>Cassandra Leah</givenname><electronicMailAddress>cassandra.leah.quave@emory.edu</electronicMailAddress></associatedParty><abstract><para>The Emory University Herbarium (GEO) has more than 20,200 plant specimens, dating back to the early 1900s. The majority of the collection is composed of plants from the southeast USA collected by Don E. Eyles (aquatic plants), Robert F. Thorne (Flora of SW Georgia) and Madeline L. Burbanck (granite rock outcrop plants). Recent collections more focused on our growing global collection from the Mediterranean and Balkans (medicinal plants) and Australia (pollinator ecology).</para></abstract></collection><collection identifier="47f1e55d-9d74-4348-8f0d-c3b10a3b2e37" id="289"><alternateIdentifier>http://sernecportal.org/portal/collections/misc/collprofiles.php?collid=289</alternateIdentifier><parentCollectionIdentifier>URV</parentCollectionIdentifier><collectionIdentifier></collectionIdentifier><collectionName>University of Richmond Herbarium</collectionName><onlineUrl>https://facultystaff.richmond.edu/~jhayden/herbarium_page/herbarium.html</onlineUrl><intellectualRights>http://creativecommons.org/licenses/by-nc/3.0/</intellectualRights><abstract></abstract><associatedParty><userId>5810</userId><individualName>W. John Hayden</individualName><surname>Hayden</surname><givenname>W. John</givenname><electronicMailAddress>jhayden@richmond.edu</electronicMailAddress><positionName>Professor of Biology</positionName></associatedParty></collection><collection identifier="d77760fa-0a9d-469a-a49f-6c8d519dadc6" id="311"><alternateIdentifier>http://sernecportal.org/portal/collections/misc/collprofiles.php?collid=311</alternateIdentifier><parentCollectionIdentifier>UCHT</parentCollectionIdentifier><collectionIdentifier></collectionIdentifier><collectionName>University of Tennessee, Chattanooga</collectionName><resourceLogoUrl>http://sernecportal.org/portal/content/collicon/ucht.jpg</resourceLogoUrl><onlineUrl></onlineUrl><intellectualRights>http://creativecommons.org/publicdomain/zero/1.0/</intellectualRights><abstract></abstract><associatedParty><userId>2117</userId><individualName>Joey Shaw</individualName><surname>Shaw</surname><givenname>Joey</givenname><electronicMailAddress>joey-shaw@utc.edu</electronicMailAddress><positionName>UC Foundation Professor of Biology</positionName></associatedParty></collection><collection identifier="565b6f19-288f-4614-a4c9-b09448e96547" id="312"><alternateIdentifier>http://sernecportal.org/portal/collections/misc/collprofiles.php?collid=312</alternateIdentifier><parentCollectionIdentifier>TENN</parentCollectionIdentifier><collectionIdentifier></collectionIdentifier><collectionName>University of Tennessee</collectionName><resourceLogoUrl>http://swbiodiversity.org/seinet/content/collicon/tenn.png</resourceLogoUrl><onlineUrl>http://tenn.bio.utk.edu/vascular/vascular.shtml</onlineUrl><intellectualRights>http://creativecommons.org/publicdomain/zero/1.0/</intellectualRights><abstract></abstract><associatedParty><individualName>B. Wofford</individualName><electronicMailAddress>bewofford@utk.edu</electronicMailAddress></associatedParty></collection><collection identifier="a3883acd-bc7d-40f2-a6e4-372a3435e5d1" id="328"><alternateIdentifier>http://sernecportal.org/portal/collections/misc/collprofiles.php?collid=328</alternateIdentifier><parentCollectionIdentifier>CM</parentCollectionIdentifier><collectionIdentifier></collectionIdentifier><collectionName>Carnegie Museum of Natural History Herbarium</collectionName><resourceLogoUrl>http://intermountainbiota.org/portal/content/collicon/cm.jpg</resourceLogoUrl><onlineUrl>http://www.carnegiemnh.org/botany/collection.html</onlineUrl><intellectualRights>http://creativecommons.org/publicdomain/zero/1.0/</intellectualRights><additionalInfo>Carnegie Museum of Natural History</additionalInfo><associatedParty><userId>6197</userId><individualName>Bonnie Isaac</individualName><surname>Isaac</surname><givenname>Bonnie</givenname><electronicMailAddress>IsaacB@CarnegieMNH.org</electronicMailAddress></associatedParty><abstract><para>The Carnegie Museum herbarium (CM) has over 530,000 worldwide vascular plant specimens as well as the best representation in any herbarium of specimens from western Pennsylvania and the Upper Ohio Basin. CM holds the private herbarium of Hannibal and Tyrecca Davis containing 20,000 specimens with a concentration on Rubus (Rosaceae).</para></abstract></collection><collection identifier="eefc8d2f-42bb-4ba2-92d7-52a4290a6fac" id="382"><alternateIdentifier>http://sernecportal.org/portal/collections/misc/collprofiles.php?collid=382</alternateIdentifier><parentCollectionIdentifier>USF</parentCollectionIdentifier><collectionIdentifier></collectionIdentifier><collectionName>University of South Florida Herbarium</collectionName><resourceLogoUrl>http://sernecportal.org/portal/content/collicon/usf.jpg</resourceLogoUrl><onlineUrl>http://biology.usf.edu/cmmb/research/herbarium.aspx</onlineUrl><intellectualRights>http://creativecommons.org/licenses/by/3.0/</intellectualRights><associatedParty><userId>5308</userId><individualName>Alan Franck</individualName><surname>Franck</surname><givenname>Alan</givenname><electronicMailAddress>afranck@mail.usf.edu</electronicMailAddress><positionName>Herbarium Curator</positionName></associatedParty><abstract><para>The USF Herbarium was established as a research and teaching collection in 1958 by George R. Cooley, two years after the founding of the University of South Florida. The USF Herbarium is the second largest collection in Florida, the seventh largest in the southeastern United States, and ranks in the upper third of the world's herbaria in size. The herbarium contains approximately 280,000 specimens, consisting of about 260,000 specimens of vascular plants, 14,000 algae, 2,800 bryophytes, 1,300 lichens, and 300 macrofungi. The collection contains approximately 400 type specimens. The herbarium is richest in specimens from Florida (~40%), with additional holdings from North America north of Mexico (~35%), Latin America and the West Indies (~15%), and the Eastern Hemisphere (~10%). Specific groups well represented in the herbarium include Acanthaceae, Apocynaceae, Begoniaceae, Bromeliaceae, Fabaceae, Orchidaceae, and pteridophytes (ferns).</para></abstract></collection><collection identifier="399ae62c-8b07-4491-8463-97561a05828b" id="402"><alternateIdentifier>http://sernecportal.org/portal/collections/misc/collprofiles.php?collid=402</alternateIdentifier><parentCollectionIdentifier>PEMB</parentCollectionIdentifier><collectionIdentifier></collectionIdentifier><collectionName>University of North Carolina Pembroke Herbarium</collectionName><onlineUrl>http://www.uncp.edu/academics/colleges-schools-departments/departments/biology/research/herbarium</onlineUrl><intellectualRights>http://creativecommons.org/publicdomain/zero/1.0/</intellectualRights><abstract></abstract></collection><collection identifier="8f1d56aa-02cb-422d-9259-f2fba3efeea3" id="415"><alternateIdentifier>http://sernecportal.org/portal/collections/misc/collprofiles.php?collid=415</alternateIdentifier><parentCollectionIdentifier>RSABG</parentCollectionIdentifier><collectionIdentifier>RSA-POM</collectionIdentifier><collectionName>Rancho Santa Ana Botanic Garden Herbarium</collectionName><resourceLogoUrl>http://nansh.org/portal/content/collicon/rsabg-rsa-pom.jpg</resourceLogoUrl><onlineUrl>http://www.rsabg.org/herbarium</onlineUrl><intellectualRights>http://creativecommons.org/licenses/by-nc/3.0/</intellectualRights><abstract><para>The combined Herbarium of Rancho Santa Ana Botanic Garden and Pomona College (RSA-POM) is a museum-quality collection of vascular plant specimens. With current holdings totaling over 1,200,000 specimens, the Herbarium is the third largest in California. The Herbarium is recognized throughout the world for its strength in documenting the diversity, distribution, variation, and ecology of more than 6500 species of flowering plants, conifers, and ferns in California, which constitutes nearly 50% of the total collection. The holdings from Southern California exceed 250,000 and are unsurpassed by any other herbarium. Approximately 95% of the collection is composed of mounted sheets and filed according to a standardized system of classification. Ancillary collections that augment the collection include a cone &amp; fruit collection, wood collection, fluid preserved collection, and pollen and anatomy slide collection.</para></abstract></collection></symbiota></metadata></additionalMetadata></eml:eml>
