coreid,identifiedBy,identifiedByID,dateIdentified,identificationQualifier,scientificName,identificationIsCurrent,scientificNameAuthorship,genus,specificEpithet,taxonRank,infraspecificEpithet,identificationReferences,identificationRemarks,recordId,modified
944859,"O. O. Miller & J. R. Johnson",,1901-07-24,,"Manihot utilissima",0,Pohl,,,,,,,urn:uuid:38a9ff73-6477-4626-ae3d-2e62e5c79df7,"2014-07-25 19:26:02"
944859,"D. J. Rogers & S. G. Appan",,1971-06-01,,"Manihot esculenta",0,Crantz,,,,,,,urn:uuid:623c7dee-96ac-405c-b40c-0c0d22f405e3,"2014-07-25 19:26:02"
944859,"W. John Hayden",,2009-03-01,,"Manihot esculenta",0,Crantz,,,,,,,urn:uuid:6d142d5a-4f73-4d59-9907-13643ea1b786,"2014-07-25 19:26:02"
944858,"Francisco Basurto",,1980-10-20,,"Manihot esculenta",0,Crantz,,,,,,,urn:uuid:fcb6da5f-8084-41db-9f84-34e00e0868c8,"2014-07-25 19:26:02"
944858,"W. John Hayden",,2009-03-01,,"Manihot esculenta",0,Crantz,,,,,,,urn:uuid:005e01e8-cf16-4f67-a3fb-0ba1e3be69d5,"2014-07-25 19:26:02"
944857,"F. C. Vasek",,1969-02-08,,"Manihot esculenta",0,Crantz,,,,,,,urn:uuid:c84d64d2-986e-454e-873e-d538bf2aa578,"2014-07-25 19:26:02"
944857,"W. John Hayden",,2009-03-01,,"Manihot esculenta",0,Crantz,,,,,,,urn:uuid:769d82eb-7a52-4122-9ee4-36983ff3ae03,"2014-07-25 19:26:02"
892323,"L. R. Landrum",,2003-06-16,,"Manihot esculenta",0,Crantz,,,,,,,urn:uuid:c551ce52-97f8-4f1b-a225-f37e2c391313,"2014-07-25 19:26:02"
892323,"W. John Hayden",,2009-03-01,,"Manihot esculenta",0,Crantz,,,,,,,urn:uuid:8d548284-09d1-472e-a1e9-209c81755a63,"2014-07-25 19:26:02"
