coreid,identifier,accessURI,thumbnailAccessURI,goodQualityAccessURI,rights,Owner,UsageTerms,WebStatement,caption,comments,providerManagedID,MetadataDate,format,associatedSpecimenReference,type,subtype,metadataLanguage
2139583,http://hasbrouck.asu.edu/imglib/seinet/ASU/ASU0041/ASU0041505.jpg,http://hasbrouck.asu.edu/imglib/seinet/ASU/ASU0041/ASU0041505.jpg,http://hasbrouck.asu.edu/imglib/seinet/ASU/ASU0041/ASU0041505_tn.jpg,http://hasbrouck.asu.edu/imglib/seinet/ASU/ASU0041/ASU0041505.jpg,,"Arizona State University Vascular Plant Herbarium (ASU-Plants)","CC BY-NC (Attribution-Non-Commercial)",http://creativecommons.org/licenses/by-nc/3.0/,,,urn:uuid:b4036637-bd61-4f01-86cb-bcaecefe3166,"2011-11-04 12:28:51",image/jpeg,http://sernecportal.org/portal/collections/individual/index.php?occid=2139583,StillImage,Photograph,en
2139583,http://hasbrouck.asu.edu/imglib/seinet/ASU/ASU0041/ASU0041505a_lg.jpg,http://hasbrouck.asu.edu/imglib/seinet/ASU/ASU0041/ASU0041505a_lg.jpg,http://hasbrouck.asu.edu/imglib/seinet/ASU/ASU0041/ASU0041505a_tn.jpg,http://hasbrouck.asu.edu/imglib/seinet/ASU/ASU0041/ASU0041505a.jpg,,"Arizona State University Vascular Plant Herbarium (ASU-Plants)","CC BY-NC (Attribution-Non-Commercial)",http://creativecommons.org/licenses/by-nc/3.0/,,,urn:uuid:1b5a43a2-5532-4c74-9f96-2003d29114d1,"2012-07-18 19:01:22",image/jpeg,http://sernecportal.org/portal/collections/individual/index.php?occid=2139583,StillImage,Photograph,en
2139584,http://hasbrouck.asu.edu/imglib/seinet/ASU/ASU0041/ASU0041506.jpg,http://hasbrouck.asu.edu/imglib/seinet/ASU/ASU0041/ASU0041506.jpg,http://hasbrouck.asu.edu/imglib/seinet/ASU/ASU0041/ASU0041506_tn.jpg,http://hasbrouck.asu.edu/imglib/seinet/ASU/ASU0041/ASU0041506.jpg,,"Arizona State University Vascular Plant Herbarium (ASU-Plants)","CC BY-NC (Attribution-Non-Commercial)",http://creativecommons.org/licenses/by-nc/3.0/,,,urn:uuid:4ed2a4ea-9b77-4195-9dc9-a44c090fb0d5,"2011-11-04 12:28:51",image/jpeg,http://sernecportal.org/portal/collections/individual/index.php?occid=2139584,StillImage,Photograph,en
4425069,http://fm-digital-assets.fieldmuseum.org/236/409/V0084598F.jpg,http://fm-digital-assets.fieldmuseum.org/236/409/V0084598F.jpg,http://midwestherbaria.org/imglib/midwest/F_Botany/201705/V0084598F_1496014893_tn.jpg,http://midwestherbaria.org/imglib/midwest/F_Botany/201705/V0084598F_1496014893_web.jpg,,"Field Museum of Natural History (F-Botany)","CC BY-NC (Attribution-Non-Commercial)",http://creativecommons.org/licenses/by-nc/3.0/,,,urn:uuid:92fb826b-4525-4b18-9f2f-db5632a5968f,"2017-01-24 11:00:45",image/jpeg,http://sernecportal.org/portal/collections/individual/index.php?occid=4425069,StillImage,Photograph,en
6579274,http://sweetgum.nybg.org/images3/459/700/v-173-01431661.jpg,http://sweetgum.nybg.org/images3/459/700/v-173-01431661.jpg,http://midwestherbaria.org/imglib/midwest/misc/201504/webmedia_1430304024_tn.jpg,http://midwestherbaria.org/imglib/midwest/misc/201504/webmedia_1430304024_web.jpg,,"New York Botanical Garden (NY)","CC BY-NC (Attribution-Non-Commercial)",http://creativecommons.org/licenses/by-nc/3.0/,,,urn:uuid:2e9fa9af-ded8-4a13-8bec-118708a5bc25,"2017-06-20 18:41:04",image/jpeg,http://sernecportal.org/portal/collections/individual/index.php?occid=6579274,StillImage,Photograph,en
6696170,https://bisque.cyverse.org/image_service/image/00-FA2gXe7aASCjLxm47PhUS5?resize=4000&format=jpeg,https://bisque.cyverse.org/image_service/image/00-FA2gXe7aASCjLxm47PhUS5?resize=4000&format=jpeg,"https://bisque.cyverse.org/image_service/image/00-FA2gXe7aASCjLxm47PhUS5?thumbnail=200,200",https://bisque.cyverse.org/image_service/image/00-FA2gXe7aASCjLxm47PhUS5?resize=1250&format=jpeg,,"The Florida State University","CC BY-NC (Attribution-Non-Commercial)",http://creativecommons.org/licenses/by-nc/3.0/,,,urn:uuid:d4aa6bd4-adbe-43e4-b2ec-fae54bde40dd,"2015-11-16 14:46:02",image/jpeg,http://sernecportal.org/portal/collections/individual/index.php?occid=6696170,StillImage,Photograph,en
6696185,https://bisque.cyverse.org/image_service/image/00-yixKQovz6uCcJPVaob6DKb?resize=4000&format=jpeg,https://bisque.cyverse.org/image_service/image/00-yixKQovz6uCcJPVaob6DKb?resize=4000&format=jpeg,"https://bisque.cyverse.org/image_service/image/00-yixKQovz6uCcJPVaob6DKb?thumbnail=200,200",https://bisque.cyverse.org/image_service/image/00-yixKQovz6uCcJPVaob6DKb?resize=1250&format=jpeg,,"The Florida State University","CC BY-NC (Attribution-Non-Commercial)",http://creativecommons.org/licenses/by-nc/3.0/,,,urn:uuid:1e5f2c2c-35af-496e-ab11-3ceaa43ef1c2,"2015-11-16 14:46:02",image/jpeg,http://sernecportal.org/portal/collections/individual/index.php?occid=6696185,StillImage,Photograph,en
7251809,https://bisque.cyverse.org/image_service/image/00-2Av8Cs3tNooxTwKrBQQknk?resize=4000&format=jpeg,https://bisque.cyverse.org/image_service/image/00-2Av8Cs3tNooxTwKrBQQknk?resize=4000&format=jpeg,"https://bisque.cyverse.org/image_service/image/00-2Av8Cs3tNooxTwKrBQQknk?thumbnail=200,200",https://bisque.cyverse.org/image_service/image/00-2Av8Cs3tNooxTwKrBQQknk?resize=1250&format=jpeg,,"University of Central Florida Herbarium (FTU)","CC BY-NC (Attribution-Non-Commercial)",http://creativecommons.org/licenses/by-nc/3.0/,,,urn:uuid:30640eba-080d-4acb-b32d-515fd65d7ebf,"2016-05-17 08:19:33",image/jpeg,http://sernecportal.org/portal/collections/individual/index.php?occid=7251809,StillImage,Photograph,en
7376911,http://hasbrouck.asu.edu/imglib/seinet/ASU_Plants/201509/ASU0087605_1441412479_lg.jpg,http://hasbrouck.asu.edu/imglib/seinet/ASU_Plants/201509/ASU0087605_1441412479_lg.jpg,http://hasbrouck.asu.edu/imglib/seinet/misc/201509/ASU0087605_1441412479_1443118195_tn.jpg,http://hasbrouck.asu.edu/imglib/seinet/ASU_Plants/201509/ASU0087605_1441412479.jpg,,"Arizona State University Vascular Plant Herbarium (ASU-Plants)","CC BY-NC (Attribution-Non-Commercial)",http://creativecommons.org/licenses/by-nc/3.0/,,,urn:uuid:1c1fbafd-0853-46c4-9c2e-c2ed50b54a85,"2015-09-04 20:21:19",image/jpeg,http://sernecportal.org/portal/collections/individual/index.php?occid=7376911,StillImage,Photograph,en
8885930,https://bisque.cyverse.org/image_service/image/00-faptFnfCpV8ubT92D5b367/resize:4000/format:jpeg,https://bisque.cyverse.org/image_service/image/00-faptFnfCpV8ubT92D5b367/resize:4000/format:jpeg,"https://bisque.cyverse.org/image_service/image/00-faptFnfCpV8ubT92D5b367/thumbnail:200,200",https://bisque.cyverse.org/image_service/image/00-faptFnfCpV8ubT92D5b367/resize:1250/format:jpeg,,"University of Richmond Herbarium (URV)","CC BY-NC (Attribution-Non-Commercial)",http://creativecommons.org/licenses/by-nc/3.0/,,,urn:uuid:f7a81c2f-7743-4f44-826f-62e8204825f6,"2017-09-25 16:03:51",image/jpeg,http://sernecportal.org/portal/collections/individual/index.php?occid=8885930,StillImage,Photograph,en
8885933,https://bisque.cyverse.org/image_service/image/00-WrnX9gYU9WX8WHke3yU9mJ/resize:4000/format:jpeg,https://bisque.cyverse.org/image_service/image/00-WrnX9gYU9WX8WHke3yU9mJ/resize:4000/format:jpeg,"https://bisque.cyverse.org/image_service/image/00-WrnX9gYU9WX8WHke3yU9mJ/thumbnail:200,200",https://bisque.cyverse.org/image_service/image/00-WrnX9gYU9WX8WHke3yU9mJ/resize:1250/format:jpeg,,"University of Richmond Herbarium (URV)","CC BY-NC (Attribution-Non-Commercial)",http://creativecommons.org/licenses/by-nc/3.0/,,,urn:uuid:8c7e6232-1c30-4b12-a343-76efe93a1b18,"2017-09-25 16:03:51",image/jpeg,http://sernecportal.org/portal/collections/individual/index.php?occid=8885933,StillImage,Photograph,en
8885964,https://bisque.cyverse.org/image_service/image/00-Ev4bFyEebbfnVbpuphkjKL/resize:4000/format:jpeg,https://bisque.cyverse.org/image_service/image/00-Ev4bFyEebbfnVbpuphkjKL/resize:4000/format:jpeg,"https://bisque.cyverse.org/image_service/image/00-Ev4bFyEebbfnVbpuphkjKL/thumbnail:200,200",https://bisque.cyverse.org/image_service/image/00-Ev4bFyEebbfnVbpuphkjKL/resize:1250/format:jpeg,,"University of Richmond Herbarium (URV)","CC BY-NC (Attribution-Non-Commercial)",http://creativecommons.org/licenses/by-nc/3.0/,,,urn:uuid:3c8caf27-1473-43a9-b8ff-ce4c8742e4a6,"2017-09-25 16:03:51",image/jpeg,http://sernecportal.org/portal/collections/individual/index.php?occid=8885964,StillImage,Photograph,en
8885978,https://bisque.cyverse.org/image_service/image/00-SoNAGnL5TLe65yEVwjaWfj/resize:4000/format:jpeg,https://bisque.cyverse.org/image_service/image/00-SoNAGnL5TLe65yEVwjaWfj/resize:4000/format:jpeg,"https://bisque.cyverse.org/image_service/image/00-SoNAGnL5TLe65yEVwjaWfj/thumbnail:200,200",https://bisque.cyverse.org/image_service/image/00-SoNAGnL5TLe65yEVwjaWfj/resize:1250/format:jpeg,,"University of Richmond Herbarium (URV)","CC BY-NC (Attribution-Non-Commercial)",http://creativecommons.org/licenses/by-nc/3.0/,,,urn:uuid:90129ee8-2217-4c81-b5d7-82825be14ec9,"2017-09-25 16:03:51",image/jpeg,http://sernecportal.org/portal/collections/individual/index.php?occid=8885978,StillImage,Photograph,en
8885984,https://bisque.cyverse.org/image_service/image/00-VkGGDHvQBsu2BBKmseKU4N/resize:4000/format:jpeg,https://bisque.cyverse.org/image_service/image/00-VkGGDHvQBsu2BBKmseKU4N/resize:4000/format:jpeg,"https://bisque.cyverse.org/image_service/image/00-VkGGDHvQBsu2BBKmseKU4N/thumbnail:200,200",https://bisque.cyverse.org/image_service/image/00-VkGGDHvQBsu2BBKmseKU4N/resize:1250/format:jpeg,,"University of Richmond Herbarium (URV)","CC BY-NC (Attribution-Non-Commercial)",http://creativecommons.org/licenses/by-nc/3.0/,,,urn:uuid:7c4e6f50-2703-4a41-8eb9-e7fe4a3caabd,"2017-09-25 16:03:51",image/jpeg,http://sernecportal.org/portal/collections/individual/index.php?occid=8885984,StillImage,Photograph,en
8885993,https://bisque.cyverse.org/image_service/image/00-uSHUmQBYDeAwdaqoRYoioN/resize:4000/format:jpeg,https://bisque.cyverse.org/image_service/image/00-uSHUmQBYDeAwdaqoRYoioN/resize:4000/format:jpeg,"https://bisque.cyverse.org/image_service/image/00-uSHUmQBYDeAwdaqoRYoioN/thumbnail:200,200",https://bisque.cyverse.org/image_service/image/00-uSHUmQBYDeAwdaqoRYoioN/resize:1250/format:jpeg,,"University of Richmond Herbarium (URV)","CC BY-NC (Attribution-Non-Commercial)",http://creativecommons.org/licenses/by-nc/3.0/,,,urn:uuid:c71a6df8-fba0-4c0e-8abc-3b04a33fc0aa,"2017-09-25 16:03:51",image/jpeg,http://sernecportal.org/portal/collections/individual/index.php?occid=8885993,StillImage,Photograph,en
8886002,https://bisque.cyverse.org/image_service/image/00-vsKP4SeuhZLrNFVmqYWpYG/resize:4000/format:jpeg,https://bisque.cyverse.org/image_service/image/00-vsKP4SeuhZLrNFVmqYWpYG/resize:4000/format:jpeg,"https://bisque.cyverse.org/image_service/image/00-vsKP4SeuhZLrNFVmqYWpYG/thumbnail:200,200",https://bisque.cyverse.org/image_service/image/00-vsKP4SeuhZLrNFVmqYWpYG/resize:1250/format:jpeg,,"University of Richmond Herbarium (URV)","CC BY-NC (Attribution-Non-Commercial)",http://creativecommons.org/licenses/by-nc/3.0/,,,urn:uuid:9a560af9-1c9c-468d-950c-82316dd1cdb4,"2017-09-25 16:03:51",image/jpeg,http://sernecportal.org/portal/collections/individual/index.php?occid=8886002,StillImage,Photograph,en
8886010,https://bisque.cyverse.org/image_service/image/00-aZiYqJ7JUFjaSRYNSjhCj8/resize:4000/format:jpeg,https://bisque.cyverse.org/image_service/image/00-aZiYqJ7JUFjaSRYNSjhCj8/resize:4000/format:jpeg,"https://bisque.cyverse.org/image_service/image/00-aZiYqJ7JUFjaSRYNSjhCj8/thumbnail:200,200",https://bisque.cyverse.org/image_service/image/00-aZiYqJ7JUFjaSRYNSjhCj8/resize:1250/format:jpeg,,"University of Richmond Herbarium (URV)","CC BY-NC (Attribution-Non-Commercial)",http://creativecommons.org/licenses/by-nc/3.0/,,,urn:uuid:82fa2d77-8b97-4a36-b3c1-39c45232edf1,"2017-09-25 16:03:51",image/jpeg,http://sernecportal.org/portal/collections/individual/index.php?occid=8886010,StillImage,Photograph,en
8886017,https://bisque.cyverse.org/image_service/image/00-3JvDYLd3qR97fPSswvizML/resize:4000/format:jpeg,https://bisque.cyverse.org/image_service/image/00-3JvDYLd3qR97fPSswvizML/resize:4000/format:jpeg,"https://bisque.cyverse.org/image_service/image/00-3JvDYLd3qR97fPSswvizML/thumbnail:200,200",https://bisque.cyverse.org/image_service/image/00-3JvDYLd3qR97fPSswvizML/resize:1250/format:jpeg,,"University of Richmond Herbarium (URV)","CC BY-NC (Attribution-Non-Commercial)",http://creativecommons.org/licenses/by-nc/3.0/,,,urn:uuid:9701dc01-3e74-4e70-b648-068c67e273c0,"2017-09-25 16:03:51",image/jpeg,http://sernecportal.org/portal/collections/individual/index.php?occid=8886017,StillImage,Photograph,en
9220375,"http://assets1.specifycloud.org/fileget?coll=emoryherbarium&type=O&filename=674b8443-c331-4bd5-ab7f-baf624fb9780.jpg&downloadname=F%3A\Herbarium+Images\Edited+Images+folder+4\GEO-GC-002785-0.jpg&token=null","http://assets1.specifycloud.org/fileget?coll=emoryherbarium&type=O&filename=674b8443-c331-4bd5-ab7f-baf624fb9780.jpg&downloadname=F%3A\Herbarium+Images\Edited+Images+folder+4\GEO-GC-002785-0.jpg&token=null",http://sernecportal.org/imglib/sernec/GEO/00010/fileget_1503595597_tn.jpg,http://sernecportal.org/imglib/sernec/GEO/00010/fileget_1503595597_web.jpg,,"Emory University Herbarium (GEO)","CC BY-NC (Attribution-Non-Commercial)",http://creativecommons.org/licenses/by-nc/3.0/,,,urn:uuid:e22f2e5e-1dfd-4887-a8c5-c0f539c2918d,"2017-08-24 10:54:11",image/jpeg,http://sernecportal.org/portal/collections/individual/index.php?occid=9220375,StillImage,Photograph,en
9279496,https://bisque.cyverse.org/image_service/image/00-mKBxj3CmLC4KjGRv5zGAki?resize=4000&format=jpeg,https://bisque.cyverse.org/image_service/image/00-mKBxj3CmLC4KjGRv5zGAki?resize=4000&format=jpeg,"https://bisque.cyverse.org/image_service/image/00-mKBxj3CmLC4KjGRv5zGAki?thumbnail=200,200",https://bisque.cyverse.org/image_service/image/00-mKBxj3CmLC4KjGRv5zGAki?resize=1250&format=jpeg,,"University of South Carolina, A. C. Moore Herbarium (USCH)","CC BY-NC (Attribution-Non-Commercial)",http://creativecommons.org/licenses/by-nc/3.0/,,,urn:uuid:b959bc76-63dd-4017-844d-31c79eaa097b,"2016-05-20 14:46:23",image/jpeg,http://sernecportal.org/portal/collections/individual/index.php?occid=9279496,StillImage,Photograph,en
9280813,https://bisque.cyverse.org/image_service/image/00-PTwwbQC5txPyMHNs6SfDhY?resize=4000&format=jpeg,https://bisque.cyverse.org/image_service/image/00-PTwwbQC5txPyMHNs6SfDhY?resize=4000&format=jpeg,"https://bisque.cyverse.org/image_service/image/00-PTwwbQC5txPyMHNs6SfDhY?thumbnail=200,200",https://bisque.cyverse.org/image_service/image/00-PTwwbQC5txPyMHNs6SfDhY?resize=1250&format=jpeg,,"University of South Carolina, A. C. Moore Herbarium (USCH)","CC BY-NC (Attribution-Non-Commercial)",http://creativecommons.org/licenses/by-nc/3.0/,,,urn:uuid:c865cf5d-4992-43b6-908e-a27f23acb1af,"2016-05-20 14:46:23",image/jpeg,http://sernecportal.org/portal/collections/individual/index.php?occid=9280813,StillImage,Photograph,en
9752559,https://bisque.cyverse.org/image_service/image/00-gzKYjMoPkbcEiAzqWwTjHF?resize=4000&format=jpeg,https://bisque.cyverse.org/image_service/image/00-gzKYjMoPkbcEiAzqWwTjHF?resize=4000&format=jpeg,"https://bisque.cyverse.org/image_service/image/00-gzKYjMoPkbcEiAzqWwTjHF?thumbnail=200,200",https://bisque.cyverse.org/image_service/image/00-gzKYjMoPkbcEiAzqWwTjHF?resize=1250&format=jpeg,,"Valdosta State University Herbarium (VSC)","CC BY-NC (Attribution-Non-Commercial)",http://creativecommons.org/licenses/by-nc/3.0/,,,urn:uuid:93c4f7cb-b9b0-4a0c-a438-e66940b9b43f,"2016-07-13 09:10:27",image/jpeg,http://sernecportal.org/portal/collections/individual/index.php?occid=9752559,StillImage,Photograph,en
9759644,https://bisque.cyverse.org/image_service/image/00-3MbrcYMi5PF7hkSxZoHM3U?resize=4000&format=jpeg,https://bisque.cyverse.org/image_service/image/00-3MbrcYMi5PF7hkSxZoHM3U?resize=4000&format=jpeg,"https://bisque.cyverse.org/image_service/image/00-3MbrcYMi5PF7hkSxZoHM3U?thumbnail=200,200",https://bisque.cyverse.org/image_service/image/00-3MbrcYMi5PF7hkSxZoHM3U?resize=1250&format=jpeg,,"Valdosta State University Herbarium (VSC)","CC BY-NC (Attribution-Non-Commercial)",http://creativecommons.org/licenses/by-nc/3.0/,,,urn:uuid:10dcb753-4846-431e-92e1-0b276a6ebfcc,"2016-07-13 09:10:26",image/jpeg,http://sernecportal.org/portal/collections/individual/index.php?occid=9759644,StillImage,Photograph,en
11251763,https://bisque.cyverse.org/image_service/image/00-FKo9kGxtMcj2QkioACqA8J?resize=4000&format=jpeg,https://bisque.cyverse.org/image_service/image/00-FKo9kGxtMcj2QkioACqA8J?resize=4000&format=jpeg,"https://bisque.cyverse.org/image_service/image/00-FKo9kGxtMcj2QkioACqA8J?thumbnail=200,200",https://bisque.cyverse.org/image_service/image/00-FKo9kGxtMcj2QkioACqA8J?resize=1250&format=jpeg,,"University of North Carolina Chapel Hill Herbarium (NCU)","CC BY-NC (Attribution-Non-Commercial)",http://creativecommons.org/licenses/by-nc/3.0/,,,urn:uuid:2b218374-74c5-433c-b7a6-6f0d32ec4ddc,"2016-11-09 09:07:01",image/jpeg,http://sernecportal.org/portal/collections/individual/index.php?occid=11251763,StillImage,Photograph,en
11251778,https://bisque.cyverse.org/image_service/image/00-zynxZAAn3jd8x5HcgpVdS3?resize=4000&format=jpeg,https://bisque.cyverse.org/image_service/image/00-zynxZAAn3jd8x5HcgpVdS3?resize=4000&format=jpeg,"https://bisque.cyverse.org/image_service/image/00-zynxZAAn3jd8x5HcgpVdS3?thumbnail=200,200",https://bisque.cyverse.org/image_service/image/00-zynxZAAn3jd8x5HcgpVdS3?resize=1250&format=jpeg,,"University of North Carolina Chapel Hill Herbarium (NCU)","CC BY-NC (Attribution-Non-Commercial)",http://creativecommons.org/licenses/by-nc/3.0/,,,urn:uuid:47987f73-326a-4682-9de9-52f78cc80251,"2017-01-23 19:04:38",image/jpeg,http://sernecportal.org/portal/collections/individual/index.php?occid=11251778,StillImage,Photograph,en
11251778,https://bisque.cyverse.org/image_service/image/00-xKqmNpr2LQxjNnM5wQvrXf?resize=4000&format=jpeg,https://bisque.cyverse.org/image_service/image/00-xKqmNpr2LQxjNnM5wQvrXf?resize=4000&format=jpeg,"https://bisque.cyverse.org/image_service/image/00-xKqmNpr2LQxjNnM5wQvrXf?thumbnail=200,200",https://bisque.cyverse.org/image_service/image/00-xKqmNpr2LQxjNnM5wQvrXf?resize=1250&format=jpeg,,"University of North Carolina Chapel Hill Herbarium (NCU)","CC BY-NC (Attribution-Non-Commercial)",http://creativecommons.org/licenses/by-nc/3.0/,,,urn:uuid:48a0342f-7778-4723-ba94-4ca93147ba97,"2017-01-23 19:04:49",image/jpeg,http://sernecportal.org/portal/collections/individual/index.php?occid=11251778,StillImage,Photograph,en
11251800,https://bisque.cyverse.org/image_service/image/00-ifg6WaDgVDWxYrfzbCDWH?resize=4000&format=jpeg,https://bisque.cyverse.org/image_service/image/00-ifg6WaDgVDWxYrfzbCDWH?resize=4000&format=jpeg,"https://bisque.cyverse.org/image_service/image/00-ifg6WaDgVDWxYrfzbCDWH?thumbnail=200,200",https://bisque.cyverse.org/image_service/image/00-ifg6WaDgVDWxYrfzbCDWH?resize=1250&format=jpeg,,"University of North Carolina Chapel Hill Herbarium (NCU)","CC BY-NC (Attribution-Non-Commercial)",http://creativecommons.org/licenses/by-nc/3.0/,,,urn:uuid:a843fc96-1fc7-4ad1-929c-61d36a79346b,"2017-01-23 19:05:13",image/jpeg,http://sernecportal.org/portal/collections/individual/index.php?occid=11251800,StillImage,Photograph,en
11251822,https://bisque.cyverse.org/image_service/image/00-eSK8jRmRuFRTUSFVDKdxjG?resize=4000&format=jpeg,https://bisque.cyverse.org/image_service/image/00-eSK8jRmRuFRTUSFVDKdxjG?resize=4000&format=jpeg,"https://bisque.cyverse.org/image_service/image/00-eSK8jRmRuFRTUSFVDKdxjG?thumbnail=200,200",https://bisque.cyverse.org/image_service/image/00-eSK8jRmRuFRTUSFVDKdxjG?resize=1250&format=jpeg,,"University of North Carolina Chapel Hill Herbarium (NCU)","CC BY-NC (Attribution-Non-Commercial)",http://creativecommons.org/licenses/by-nc/3.0/,,,urn:uuid:dbced8f6-c9f8-4799-b267-c176fb461fe4,"2016-11-09 09:06:55",image/jpeg,http://sernecportal.org/portal/collections/individual/index.php?occid=11251822,StillImage,Photograph,en
13680185,https://bisque.cyverse.org/image_service/image/00-fjnQBFmSB2TFWchhW8VLnF?resize=4000&format=jpeg,https://bisque.cyverse.org/image_service/image/00-fjnQBFmSB2TFWchhW8VLnF?resize=4000&format=jpeg,"https://bisque.cyverse.org/image_service/image/00-fjnQBFmSB2TFWchhW8VLnF?thumbnail=200,200",https://bisque.cyverse.org/image_service/image/00-fjnQBFmSB2TFWchhW8VLnF?resize=1250&format=jpeg,,"University of Tennessee (TENN)","CC0 1.0 (Public-domain)",http://creativecommons.org/publicdomain/zero/1.0/,,,urn:uuid:679b284f-7154-48df-b4b6-1d8d791b05f3,"2017-04-11 16:33:54",image/jpeg,http://sernecportal.org/portal/collections/individual/index.php?occid=13680185,StillImage,Photograph,en
13680186,https://bisque.cyverse.org/image_service/image/00-MwJdtUs9B2mpAabV7jqz23?resize=4000&format=jpeg,https://bisque.cyverse.org/image_service/image/00-MwJdtUs9B2mpAabV7jqz23?resize=4000&format=jpeg,"https://bisque.cyverse.org/image_service/image/00-MwJdtUs9B2mpAabV7jqz23?thumbnail=200,200",https://bisque.cyverse.org/image_service/image/00-MwJdtUs9B2mpAabV7jqz23?resize=1250&format=jpeg,,"University of Tennessee (TENN)","CC0 1.0 (Public-domain)",http://creativecommons.org/publicdomain/zero/1.0/,,,urn:uuid:632f089a-1bd5-4ad2-8da2-1bea24a7a9ad,"2017-04-11 16:33:54",image/jpeg,http://sernecportal.org/portal/collections/individual/index.php?occid=13680186,StillImage,Photograph,en
13688120,https://bisque.cyverse.org/image_service/image/00-6e5gdDpEcsiHUevUpUgUFm?resize=4000&format=jpeg,https://bisque.cyverse.org/image_service/image/00-6e5gdDpEcsiHUevUpUgUFm?resize=4000&format=jpeg,"https://bisque.cyverse.org/image_service/image/00-6e5gdDpEcsiHUevUpUgUFm?thumbnail=200,200",https://bisque.cyverse.org/image_service/image/00-6e5gdDpEcsiHUevUpUgUFm?resize=1250&format=jpeg,,"Eastern Kentucky University, Ronald L. Jones Herbarium (EKY)","CC BY-NC (Attribution-Non-Commercial)",http://creativecommons.org/licenses/by-nc/3.0/,,,urn:uuid:5f59e3dd-97c2-45b9-bb49-770228d9ad8f,"2017-03-24 12:28:09",image/jpeg,http://sernecportal.org/portal/collections/individual/index.php?occid=13688120,StillImage,Photograph,en
14701225,http://sweetgum.nybg.org/images3/459/708/v-173-01431668.jpg,http://sweetgum.nybg.org/images3/459/708/v-173-01431668.jpg,http://sweetgum.nybg.org/images3/459/708/v-173-01431668.thumb.jpg,,,"New York Botanical Garden (NY)","CC BY-NC (Attribution-Non-Commercial)",http://creativecommons.org/licenses/by-nc/3.0/,,,urn:uuid:db8c1a4d-f28a-48aa-85b3-73335026dc65,"2017-06-20 18:41:04",image/jpeg,http://sernecportal.org/portal/collections/individual/index.php?occid=14701225,StillImage,Photograph,en
14703547,http://sweetgum.nybg.org/images3/459/721/v-173-01431681.jpg,http://sweetgum.nybg.org/images3/459/721/v-173-01431681.jpg,http://sweetgum.nybg.org/images3/459/721/v-173-01431681.thumb.jpg,,,"New York Botanical Garden (NY)","CC BY-NC (Attribution-Non-Commercial)",http://creativecommons.org/licenses/by-nc/3.0/,,,urn:uuid:daeba885-f9e9-471b-84fa-b37fa66f9dc9,"2017-06-20 18:41:04",image/jpeg,http://sernecportal.org/portal/collections/individual/index.php?occid=14703547,StillImage,Photograph,en
14775666,http://sweetgum.nybg.org/images3/459/720/v-173-01431680.jpg,http://sweetgum.nybg.org/images3/459/720/v-173-01431680.jpg,http://sweetgum.nybg.org/images3/459/720/v-173-01431680.thumb.jpg,,,"New York Botanical Garden (NY)","CC BY-NC (Attribution-Non-Commercial)",http://creativecommons.org/licenses/by-nc/3.0/,,,urn:uuid:37e1c938-887e-4135-b0a8-6af9dffcbd35,"2017-06-20 18:41:04",image/jpeg,http://sernecportal.org/portal/collections/individual/index.php?occid=14775666,StillImage,Photograph,en
14776186,http://sweetgum.nybg.org/images3/1835/192/02597494.jpg,http://sweetgum.nybg.org/images3/1835/192/02597494.jpg,http://sweetgum.nybg.org/images3/1835/192/02597494.thumb.jpg,,,"New York Botanical Garden (NY)","CC BY-NC (Attribution-Non-Commercial)",http://creativecommons.org/licenses/by-nc/3.0/,,,urn:uuid:a975abd5-9e93-47ec-826d-5e5d305ecacb,"2017-06-20 18:41:04",image/jpeg,http://sernecportal.org/portal/collections/individual/index.php?occid=14776186,StillImage,Photograph,en
14907856,http://sweetgum.nybg.org/images3/459/718/v-173-01431678.jpg,http://sweetgum.nybg.org/images3/459/718/v-173-01431678.jpg,http://sweetgum.nybg.org/images3/459/718/v-173-01431678.thumb.jpg,,,"New York Botanical Garden (NY)","CC BY-NC (Attribution-Non-Commercial)",http://creativecommons.org/licenses/by-nc/3.0/,,,urn:uuid:5dff2ebf-9efa-4faf-a5db-907b8f9f93af,"2017-06-20 18:41:04",image/jpeg,http://sernecportal.org/portal/collections/individual/index.php?occid=14907856,StillImage,Photograph,en
14971773,http://sweetgum.nybg.org/images3/459/711/v-173-01431671.jpg,http://sweetgum.nybg.org/images3/459/711/v-173-01431671.jpg,http://sweetgum.nybg.org/images3/459/711/v-173-01431671.thumb.jpg,,,"New York Botanical Garden (NY)","CC BY-NC (Attribution-Non-Commercial)",http://creativecommons.org/licenses/by-nc/3.0/,,,urn:uuid:a0e50e11-77f6-45b8-9424-53c515bd25ab,"2017-06-20 18:41:04",image/jpeg,http://sernecportal.org/portal/collections/individual/index.php?occid=14971773,StillImage,Photograph,en
14980046,http://sweetgum.nybg.org/images3/459/706/v-173-01431666.jpg,http://sweetgum.nybg.org/images3/459/706/v-173-01431666.jpg,http://sernecportal.org/imglib/mam/NY/01431/v-173-01431666_1498012793_tn.jpg,http://sernecportal.org/imglib/mam/NY/01431/v-173-01431666_1498012793_web.jpg,,"New York Botanical Garden (NY)","CC BY-NC (Attribution-Non-Commercial)",http://creativecommons.org/licenses/by-nc/3.0/,,,urn:uuid:4bd1a65a-3add-4579-b6a0-74490f744eca,"2017-06-20 18:41:04",image/jpeg,http://sernecportal.org/portal/collections/individual/index.php?occid=14980046,StillImage,Photograph,en
15038320,http://sweetgum.nybg.org/images3/459/716/v-173-01431676.jpg,http://sweetgum.nybg.org/images3/459/716/v-173-01431676.jpg,http://sweetgum.nybg.org/images3/459/716/v-173-01431676.thumb.jpg,,,"New York Botanical Garden (NY)","CC BY-NC (Attribution-Non-Commercial)",http://creativecommons.org/licenses/by-nc/3.0/,,,urn:uuid:0d1e22e0-b072-45fe-9a90-4cf189dd0650,"2017-06-20 18:41:04",image/jpeg,http://sernecportal.org/portal/collections/individual/index.php?occid=15038320,StillImage,Photograph,en
15055185,http://sweetgum.nybg.org/images3/1833/305/02576664.jpg,http://sweetgum.nybg.org/images3/1833/305/02576664.jpg,http://sweetgum.nybg.org/images3/1833/305/02576664.thumb.jpg,,,"New York Botanical Garden (NY)","CC BY-NC (Attribution-Non-Commercial)",http://creativecommons.org/licenses/by-nc/3.0/,,,urn:uuid:7a8cd06f-5b4e-4ef0-b2a7-a1e36104d6c7,"2017-06-20 18:41:04",image/jpeg,http://sernecportal.org/portal/collections/individual/index.php?occid=15055185,StillImage,Photograph,en
15114687,http://sweetgum.nybg.org/images3/459/695/v-173-01431656.jpg,http://sweetgum.nybg.org/images3/459/695/v-173-01431656.jpg,http://sweetgum.nybg.org/images3/459/695/v-173-01431656.thumb.jpg,,,"New York Botanical Garden (NY)","CC BY-NC (Attribution-Non-Commercial)",http://creativecommons.org/licenses/by-nc/3.0/,,,urn:uuid:5c3527ed-c6e1-4d37-99c8-ee84059d5460,"2017-06-20 18:41:04",image/jpeg,http://sernecportal.org/portal/collections/individual/index.php?occid=15114687,StillImage,Photograph,en
15185236,http://sweetgum.nybg.org/images3/459/717/v-173-01431677.jpg,http://sweetgum.nybg.org/images3/459/717/v-173-01431677.jpg,http://sweetgum.nybg.org/images3/459/717/v-173-01431677.thumb.jpg,,,"New York Botanical Garden (NY)","CC BY-NC (Attribution-Non-Commercial)",http://creativecommons.org/licenses/by-nc/3.0/,,,urn:uuid:eddb2da1-a12a-4522-b9b6-3870e3821895,"2017-06-20 18:41:04",image/jpeg,http://sernecportal.org/portal/collections/individual/index.php?occid=15185236,StillImage,Photograph,en
15227157,http://sweetgum.nybg.org/images3/459/715/v-173-01431675.jpg,http://sweetgum.nybg.org/images3/459/715/v-173-01431675.jpg,http://midwestherbaria.org/imglib/midwest/NY/01431/v-173-01431675_1503121896_tn.jpg,http://midwestherbaria.org/imglib/midwest/NY/01431/v-173-01431675_1503121896_web.jpg,,"New York Botanical Garden (NY)","CC BY-NC (Attribution-Non-Commercial)",http://creativecommons.org/licenses/by-nc/3.0/,,,urn:uuid:5ba3e373-ee16-4d13-8b90-9533f52e500e,"2017-06-20 18:41:04",image/jpeg,http://sernecportal.org/portal/collections/individual/index.php?occid=15227157,StillImage,Photograph,en
15250266,http://sweetgum.nybg.org/images3/459/710/v-173-01431670.jpg,http://sweetgum.nybg.org/images3/459/710/v-173-01431670.jpg,http://sweetgum.nybg.org/images3/459/710/v-173-01431670.thumb.jpg,,,"New York Botanical Garden (NY)","CC BY-NC (Attribution-Non-Commercial)",http://creativecommons.org/licenses/by-nc/3.0/,,,urn:uuid:e4d8f7d9-a2a8-4758-b9fe-1d38f823f51f,"2017-06-20 18:41:04",image/jpeg,http://sernecportal.org/portal/collections/individual/index.php?occid=15250266,StillImage,Photograph,en
15671254,http://cdn.flmnh.ufl.edu/Herbarium/jpg/015/15947s1.jpg,http://cdn.flmnh.ufl.edu/Herbarium/jpg/015/15947s1.jpg,http://sernecportal.org/imglib/sernec/FLAS/00015/15947s1_1501105950_tn.jpg,http://sernecportal.org/imglib/sernec/FLAS/00015/15947s1_1501105950_web.jpg,,"University of Florida","CC BY-NC (Attribution-Non-Commercial)",http://creativecommons.org/licenses/by-nc/3.0/,,,urn:uuid:4df8bd35-c696-4633-a860-28d315caf9cf,"2017-07-26 16:57:47",image/jpeg,http://sernecportal.org/portal/collections/individual/index.php?occid=15671254,StillImage,Photograph,en
15674917,http://cdn.flmnh.ufl.edu/Herbarium/jpg/074/74983s1.jpg,http://cdn.flmnh.ufl.edu/Herbarium/jpg/074/74983s1.jpg,http://sernecportal.org/imglib/sernec/FLAS/00074/74983s1_1501106215_tn.jpg,http://sernecportal.org/imglib/sernec/FLAS/00074/74983s1_1501106215_web.jpg,,"University of Florida","CC BY-NC (Attribution-Non-Commercial)",http://creativecommons.org/licenses/by-nc/3.0/,,,urn:uuid:0440d859-b493-4bb6-aa75-7ce2965301c6,"2017-07-26 16:57:47",image/jpeg,http://sernecportal.org/portal/collections/individual/index.php?occid=15674917,StillImage,Photograph,en
15680249,http://cdn.flmnh.ufl.edu/Herbarium/jpg/155/155770s1.jpg,http://cdn.flmnh.ufl.edu/Herbarium/jpg/155/155770s1.jpg,http://sernecportal.org/imglib/sernec/FLAS/00155/155770s1_1501119730_tn.jpg,http://sernecportal.org/imglib/sernec/FLAS/00155/155770s1_1501119730_web.jpg,,"University of Florida","CC BY-NC (Attribution-Non-Commercial)",http://creativecommons.org/licenses/by-nc/3.0/,,,urn:uuid:464e6577-5bcd-4acf-86ca-2b95f4557dc3,"2017-07-26 16:57:47",image/jpeg,http://sernecportal.org/portal/collections/individual/index.php?occid=15680249,StillImage,Photograph,en
15680250,http://cdn.flmnh.ufl.edu/Herbarium/jpg/155/155772s1.jpg,http://cdn.flmnh.ufl.edu/Herbarium/jpg/155/155772s1.jpg,http://sernecportal.org/imglib/sernec/FLAS/00155/155772s1_1501189859_tn.jpg,http://sernecportal.org/imglib/sernec/FLAS/00155/155772s1_1501189859_web.jpg,,"University of Florida","CC BY-NC (Attribution-Non-Commercial)",http://creativecommons.org/licenses/by-nc/3.0/,,,urn:uuid:2a7ba620-4564-431e-b278-d9d553dfc595,"2017-07-26 16:57:47",image/jpeg,http://sernecportal.org/portal/collections/individual/index.php?occid=15680250,StillImage,Photograph,en
15680357,http://cdn.flmnh.ufl.edu/Herbarium/jpg/158/158882s1.jpg,http://cdn.flmnh.ufl.edu/Herbarium/jpg/158/158882s1.jpg,http://sernecportal.org/imglib/sernec/FLAS/00158/158882s1_1501120916_tn.jpg,http://sernecportal.org/imglib/sernec/FLAS/00158/158882s1_1501120916_web.jpg,,"University of Florida","CC BY-NC (Attribution-Non-Commercial)",http://creativecommons.org/licenses/by-nc/3.0/,,,urn:uuid:3820e205-fbea-4882-b26b-1dd99535ccc3,"2017-07-26 16:57:47",image/jpeg,http://sernecportal.org/portal/collections/individual/index.php?occid=15680357,StillImage,Photograph,en
16021587,http://cdn.flmnh.ufl.edu/Herbarium/jpg/052/52070a1.jpg,http://cdn.flmnh.ufl.edu/Herbarium/jpg/052/52070a1.jpg,http://sernecportal.org/imglib/sernec/FLAS/00052/52070a1_1522428828_tn.jpg,http://sernecportal.org/imglib/sernec/FLAS/00052/52070a1_1522428828_web.jpg,,"University of Florida","CC BY-NC (Attribution-Non-Commercial)",http://creativecommons.org/licenses/by-nc/3.0/,,,urn:uuid:1630889a-a087-411d-ad3f-269c637827ed,"2018-03-18 15:05:44",image/jpeg,http://sernecportal.org/portal/collections/individual/index.php?occid=16021587,StillImage,Photograph,en
16021588,http://cdn.flmnh.ufl.edu/Herbarium/jpg/052/52071a1.jpg,http://cdn.flmnh.ufl.edu/Herbarium/jpg/052/52071a1.jpg,http://sernecportal.org/imglib/sernec/FLAS/00052/52071a1_1522359058_tn.jpg,http://sernecportal.org/imglib/sernec/FLAS/00052/52071a1_1522359058_web.jpg,,"University of Florida","CC BY-NC (Attribution-Non-Commercial)",http://creativecommons.org/licenses/by-nc/3.0/,,,urn:uuid:183cba07-a1d0-4642-bb5e-ba557115c3e8,"2018-03-18 15:05:44",image/jpeg,http://sernecportal.org/portal/collections/individual/index.php?occid=16021588,StillImage,Photograph,en
16883891,https://bisque.cyverse.org/image_service/image/00-dQnHA7ZXH9ahAjmkkrmY57/resize:4000/format:jpeg,https://bisque.cyverse.org/image_service/image/00-dQnHA7ZXH9ahAjmkkrmY57/resize:4000/format:jpeg,"https://bisque.cyverse.org/image_service/image/00-dQnHA7ZXH9ahAjmkkrmY57/thumbnail:200,200",https://bisque.cyverse.org/image_service/image/00-dQnHA7ZXH9ahAjmkkrmY57/resize:1250/format:jpeg,,"University of North Carolina Pembroke Herbarium (PEMB)","CC0 1.0 (Public-domain)",http://creativecommons.org/publicdomain/zero/1.0/,,,urn:uuid:ab0c98cd-82f9-45e0-8624-240d661917f2,"2017-11-25 18:37:01",image/jpeg,http://sernecportal.org/portal/collections/individual/index.php?occid=16883891,StillImage,Photograph,en
19221111,https://bisque.cyverse.org/image_service/image/00-fG5DGV9kNCeSDati9dVRXR/resize:4000/format:jpeg,https://bisque.cyverse.org/image_service/image/00-fG5DGV9kNCeSDati9dVRXR/resize:4000/format:jpeg,"https://bisque.cyverse.org/image_service/image/00-fG5DGV9kNCeSDati9dVRXR/thumbnail:200,200",https://bisque.cyverse.org/image_service/image/00-fG5DGV9kNCeSDati9dVRXR/resize:1250/format:jpeg,,"The Florida State University","CC BY-NC (Attribution-Non-Commercial)",http://creativecommons.org/licenses/by-nc/3.0/,,,urn:uuid:e34806e0-1c0c-4d56-88b5-66368cf58b24,"2018-05-15 09:43:38",image/jpeg,http://sernecportal.org/portal/collections/individual/index.php?occid=19221111,StillImage,Photograph,en
19255514,https://cdn.plantatlas.org/img/specimens/USF/242049.jpg,https://cdn.plantatlas.org/img/specimens/USF/242049.jpg,https://cdn.plantatlas.org/img/specimens/USF/thumbs/242049.jpg,,,"University of South Florida Herbarium (USF)","CC BY (Attribution)",http://creativecommons.org/licenses/by/3.0/,,,urn:uuid:274e8307-dd50-4f7a-b58f-1596f84d7987,"2018-03-29 10:29:17",image/jpeg,http://sernecportal.org/portal/collections/individual/index.php?occid=19255514,StillImage,Photograph,en
19352247,https://cdn.plantatlas.org/img/specimens/USF/280826.jpg,https://cdn.plantatlas.org/img/specimens/USF/280826.jpg,https://cdn.plantatlas.org/img/specimens/USF/thumbs/280826.jpg,http://sernecportal.org/imglib/sernec/USF/00280/280826_1530378767_web.jpg,,"University of South Florida Herbarium (USF)","CC BY (Attribution)",http://creativecommons.org/licenses/by/3.0/,,,urn:uuid:35a1d731-a1c6-48fd-8b27-c670817e0398,"2018-03-29 10:29:17",image/jpeg,http://sernecportal.org/portal/collections/individual/index.php?occid=19352247,StillImage,Photograph,en
19356714,https://cdn.plantatlas.org/img/specimens/USF/282464.jpg,https://cdn.plantatlas.org/img/specimens/USF/282464.jpg,https://cdn.plantatlas.org/img/specimens/USF/thumbs/282464.jpg,,,"University of South Florida Herbarium (USF)","CC BY (Attribution)",http://creativecommons.org/licenses/by/3.0/,,,urn:uuid:97aa69fe-14c4-47a5-8012-0af7237f5cad,"2018-03-29 10:29:17",image/jpeg,http://sernecportal.org/portal/collections/individual/index.php?occid=19356714,StillImage,Photograph,en
19365688,https://cdn.plantatlas.org/img/specimens/USF/54621.jpg,https://cdn.plantatlas.org/img/specimens/USF/54621.jpg,https://cdn.plantatlas.org/img/specimens/USF/thumbs/54621.jpg,http://sernecportal.org/imglib/sernec/USF/00054/54621_1531125523_web.jpg,,"University of South Florida Herbarium (USF)","CC BY (Attribution)",http://creativecommons.org/licenses/by/3.0/,,,urn:uuid:6884d59a-44c2-4989-a747-7cfee547035e,"2018-03-29 10:29:17",image/jpeg,http://sernecportal.org/portal/collections/individual/index.php?occid=19365688,StillImage,Photograph,en
19365689,https://cdn.plantatlas.org/img/specimens/USF/54622.jpg,https://cdn.plantatlas.org/img/specimens/USF/54622.jpg,https://cdn.plantatlas.org/img/specimens/USF/thumbs/54622.jpg,,,"University of South Florida Herbarium (USF)","CC BY (Attribution)",http://creativecommons.org/licenses/by/3.0/,,,urn:uuid:76288661-09cd-4db7-8bb8-2876ffa4b293,"2018-03-29 10:29:17",image/jpeg,http://sernecportal.org/portal/collections/individual/index.php?occid=19365689,StillImage,Photograph,en
19365690,https://cdn.plantatlas.org/img/specimens/USF/208115.jpg,https://cdn.plantatlas.org/img/specimens/USF/208115.jpg,https://cdn.plantatlas.org/img/specimens/USF/thumbs/208115.jpg,,,"University of South Florida Herbarium (USF)","CC BY (Attribution)",http://creativecommons.org/licenses/by/3.0/,,,urn:uuid:e9a901c9-a7fc-4caa-9cbf-7a515fd0f448,"2018-03-29 10:29:17",image/jpeg,http://sernecportal.org/portal/collections/individual/index.php?occid=19365690,StillImage,Photograph,en
19365691,https://cdn.plantatlas.org/img/specimens/USF/54619.jpg,https://cdn.plantatlas.org/img/specimens/USF/54619.jpg,https://cdn.plantatlas.org/img/specimens/USF/thumbs/54619.jpg,,,"University of South Florida Herbarium (USF)","CC BY (Attribution)",http://creativecommons.org/licenses/by/3.0/,,,urn:uuid:04f343fc-63d2-4fbf-8a22-ed913a0a7097,"2018-03-29 10:29:17",image/jpeg,http://sernecportal.org/portal/collections/individual/index.php?occid=19365691,StillImage,Photograph,en
19378524,https://cdn.plantatlas.org/img/specimens/USF/65929.jpg,https://cdn.plantatlas.org/img/specimens/USF/65929.jpg,https://cdn.plantatlas.org/img/specimens/USF/thumbs/65929.jpg,,,"University of South Florida Herbarium (USF)","CC BY (Attribution)",http://creativecommons.org/licenses/by/3.0/,,,urn:uuid:403d5fff-624a-45b7-bba2-8288def825fe,"2018-03-29 10:29:17",image/jpeg,http://sernecportal.org/portal/collections/individual/index.php?occid=19378524,StillImage,Photograph,en
19471370,https://bisque.cyverse.org/image_service/image/00-R8GAEFHSS67YxtDHQMM2yK/resize:4000/format:jpeg,https://bisque.cyverse.org/image_service/image/00-R8GAEFHSS67YxtDHQMM2yK/resize:4000/format:jpeg,"https://bisque.cyverse.org/image_service/image/00-R8GAEFHSS67YxtDHQMM2yK/thumbnail:200,200",https://bisque.cyverse.org/image_service/image/00-R8GAEFHSS67YxtDHQMM2yK/resize:1250/format:jpeg,,"University of Tennessee, Chattanooga (UCHT)","CC0 1.0 (Public-domain)",http://creativecommons.org/publicdomain/zero/1.0/,,,urn:uuid:a06e9fbf-e591-46f5-860d-f82b0e4b794d,"2018-09-03 14:57:47",image/jpeg,http://sernecportal.org/portal/collections/individual/index.php?occid=19471370,StillImage,Photograph,en
11251677,https://bisque.cyverse.org/image_service/image/00-LoATnmGVXGq2CgCcQRgntZ?resize=4000&format=jpeg,https://bisque.cyverse.org/image_service/image/00-LoATnmGVXGq2CgCcQRgntZ?resize=4000&format=jpeg,"https://bisque.cyverse.org/image_service/image/00-LoATnmGVXGq2CgCcQRgntZ?thumbnail=200,200",https://bisque.cyverse.org/image_service/image/00-LoATnmGVXGq2CgCcQRgntZ?resize=1250&format=jpeg,,"University of North Carolina Chapel Hill Herbarium (NCU)","CC BY-NC (Attribution-Non-Commercial)",http://creativecommons.org/licenses/by-nc/3.0/,,,urn:uuid:ea0f879d-74f9-4d46-afc8-c11fa12257f7,"2016-11-09 09:06:20",image/jpeg,http://sernecportal.org/portal/collections/individual/index.php?occid=11251677,StillImage,Photograph,en
11251718,https://bisque.cyverse.org/image_service/image/00-DptdxcoTPfSk367J67QUec?resize=4000&format=jpeg,https://bisque.cyverse.org/image_service/image/00-DptdxcoTPfSk367J67QUec?resize=4000&format=jpeg,"https://bisque.cyverse.org/image_service/image/00-DptdxcoTPfSk367J67QUec?thumbnail=200,200",https://bisque.cyverse.org/image_service/image/00-DptdxcoTPfSk367J67QUec?resize=1250&format=jpeg,,"University of North Carolina Chapel Hill Herbarium (NCU)","CC BY-NC (Attribution-Non-Commercial)",http://creativecommons.org/licenses/by-nc/3.0/,,,urn:uuid:e82568ec-2d34-477e-84ce-43f93bd22ac8,"2016-11-09 09:06:42",image/jpeg,http://sernecportal.org/portal/collections/individual/index.php?occid=11251718,StillImage,Photograph,en
13680182,https://bisque.cyverse.org/image_service/image/00-JXXR3BMYKeQpUaZiLGpaGG?resize=4000&format=jpeg,https://bisque.cyverse.org/image_service/image/00-JXXR3BMYKeQpUaZiLGpaGG?resize=4000&format=jpeg,"https://bisque.cyverse.org/image_service/image/00-JXXR3BMYKeQpUaZiLGpaGG?thumbnail=200,200",https://bisque.cyverse.org/image_service/image/00-JXXR3BMYKeQpUaZiLGpaGG?resize=1250&format=jpeg,,"University of Tennessee (TENN)","CC0 1.0 (Public-domain)",http://creativecommons.org/publicdomain/zero/1.0/,,,urn:uuid:8232410f-6def-4ee3-a5ab-a80504ae9b42,"2017-04-11 16:33:54",image/jpeg,http://sernecportal.org/portal/collections/individual/index.php?occid=13680182,StillImage,Photograph,en
2139552,http://hasbrouck.asu.edu/imglib/seinet/ASU/ASU0032/ASU0032640.jpg,http://hasbrouck.asu.edu/imglib/seinet/ASU/ASU0032/ASU0032640.jpg,http://hasbrouck.asu.edu/imglib/seinet/ASU/ASU0032/ASU0032640_tn.jpg,http://hasbrouck.asu.edu/imglib/seinet/ASU/ASU0032/ASU0032640.jpg,,"Arizona State University Vascular Plant Herbarium (ASU-Plants)","CC BY-NC (Attribution-Non-Commercial)",http://creativecommons.org/licenses/by-nc/3.0/,,,urn:uuid:31b8f556-5fd7-4f0e-965a-14664094e68c,"2011-11-04 12:28:48",image/jpeg,http://sernecportal.org/portal/collections/individual/index.php?occid=2139552,StillImage,Photograph,en
2139580,http://hasbrouck.asu.edu/imglib/seinet/ASU/ASU0032/ASU0032622.jpg,http://hasbrouck.asu.edu/imglib/seinet/ASU/ASU0032/ASU0032622.jpg,http://hasbrouck.asu.edu/imglib/seinet/ASU/ASU0032/ASU0032622_tn.jpg,http://hasbrouck.asu.edu/imglib/seinet/ASU/ASU0032/ASU0032622.jpg,,"Arizona State University Vascular Plant Herbarium (ASU-Plants)","CC BY-NC (Attribution-Non-Commercial)",http://creativecommons.org/licenses/by-nc/3.0/,,,urn:uuid:6ac45d3a-803e-48cd-a473-9a3c8ab244db,"2011-11-04 12:28:42",image/jpeg,http://sernecportal.org/portal/collections/individual/index.php?occid=2139580,StillImage,Photograph,en
2139581,http://hasbrouck.asu.edu/imglib/seinet/ASU/ASU0032/ASU0032623.jpg,http://hasbrouck.asu.edu/imglib/seinet/ASU/ASU0032/ASU0032623.jpg,http://hasbrouck.asu.edu/imglib/seinet/ASU/ASU0032/ASU0032623_tn.jpg,http://hasbrouck.asu.edu/imglib/seinet/ASU/ASU0032/ASU0032623.jpg,,"Arizona State University Vascular Plant Herbarium (ASU-Plants)","CC BY-NC (Attribution-Non-Commercial)",http://creativecommons.org/licenses/by-nc/3.0/,,,urn:uuid:12f9306d-6d9d-42ec-8199-b604958e88a8,"2011-11-04 12:28:43",image/jpeg,http://sernecportal.org/portal/collections/individual/index.php?occid=2139581,StillImage,Photograph,en
15240472,http://sweetgum.nybg.org/images3/2044/910/02431687.jpg,http://sweetgum.nybg.org/images3/2044/910/02431687.jpg,http://sweetgum.nybg.org/images3/2044/910/02431687.thumb.jpg,,,"New York Botanical Garden (NY)","CC BY-NC (Attribution-Non-Commercial)",http://creativecommons.org/licenses/by-nc/3.0/,,,urn:uuid:31e154f6-4640-49cc-91cf-a9c4cf614106,"2017-06-20 18:41:04",image/jpeg,http://sernecportal.org/portal/collections/individual/index.php?occid=15240472,StillImage,Photograph,en
8886025,https://bisque.cyverse.org/image_service/image/00-gagyELRqsbrNMqvMoaNf5W/resize:4000/format:jpeg,https://bisque.cyverse.org/image_service/image/00-gagyELRqsbrNMqvMoaNf5W/resize:4000/format:jpeg,"https://bisque.cyverse.org/image_service/image/00-gagyELRqsbrNMqvMoaNf5W/thumbnail:200,200",https://bisque.cyverse.org/image_service/image/00-gagyELRqsbrNMqvMoaNf5W/resize:1250/format:jpeg,,"University of Richmond Herbarium (URV)","CC BY-NC (Attribution-Non-Commercial)",http://creativecommons.org/licenses/by-nc/3.0/,,,urn:uuid:c234c6ba-c216-4eae-a736-dffe6b3d5f40,"2017-09-25 16:03:51",image/jpeg,http://sernecportal.org/portal/collections/individual/index.php?occid=8886025,StillImage,Photograph,en
8886028,https://bisque.cyverse.org/image_service/image/00-z5pKM6L546fm7EpDKkqC6a/resize:4000/format:jpeg,https://bisque.cyverse.org/image_service/image/00-z5pKM6L546fm7EpDKkqC6a/resize:4000/format:jpeg,"https://bisque.cyverse.org/image_service/image/00-z5pKM6L546fm7EpDKkqC6a/thumbnail:200,200",https://bisque.cyverse.org/image_service/image/00-z5pKM6L546fm7EpDKkqC6a/resize:1250/format:jpeg,,"University of Richmond Herbarium (URV)","CC BY-NC (Attribution-Non-Commercial)",http://creativecommons.org/licenses/by-nc/3.0/,,,urn:uuid:f24c545f-6048-4c06-b3e2-7b75b0dc7179,"2017-09-25 16:03:51",image/jpeg,http://sernecportal.org/portal/collections/individual/index.php?occid=8886028,StillImage,Photograph,en
8886032,https://bisque.cyverse.org/image_service/image/00-YPifuKTUw5H3yHmMuAa6qB/resize:4000/format:jpeg,https://bisque.cyverse.org/image_service/image/00-YPifuKTUw5H3yHmMuAa6qB/resize:4000/format:jpeg,"https://bisque.cyverse.org/image_service/image/00-YPifuKTUw5H3yHmMuAa6qB/thumbnail:200,200",https://bisque.cyverse.org/image_service/image/00-YPifuKTUw5H3yHmMuAa6qB/resize:1250/format:jpeg,,"University of Richmond Herbarium (URV)","CC BY-NC (Attribution-Non-Commercial)",http://creativecommons.org/licenses/by-nc/3.0/,,,urn:uuid:6fd3ca57-05bf-4b2f-9f41-418308bbe9b2,"2017-09-25 16:03:51",image/jpeg,http://sernecportal.org/portal/collections/individual/index.php?occid=8886032,StillImage,Photograph,en
8886035,https://bisque.cyverse.org/image_service/image/00-RmVvZRtYVurFPZZHjCPwwT/resize:4000/format:jpeg,https://bisque.cyverse.org/image_service/image/00-RmVvZRtYVurFPZZHjCPwwT/resize:4000/format:jpeg,"https://bisque.cyverse.org/image_service/image/00-RmVvZRtYVurFPZZHjCPwwT/thumbnail:200,200",https://bisque.cyverse.org/image_service/image/00-RmVvZRtYVurFPZZHjCPwwT/resize:1250/format:jpeg,,"University of Richmond Herbarium (URV)","CC BY-NC (Attribution-Non-Commercial)",http://creativecommons.org/licenses/by-nc/3.0/,,,urn:uuid:5969eacf-8268-43a3-83c9-cdf2959bc4c4,"2017-09-25 16:03:51",image/jpeg,http://sernecportal.org/portal/collections/individual/index.php?occid=8886035,StillImage,Photograph,en
8886044,https://bisque.cyverse.org/image_service/image/00-ux2ASCRQBRq3gB99gJL5wB/resize:4000/format:jpeg,https://bisque.cyverse.org/image_service/image/00-ux2ASCRQBRq3gB99gJL5wB/resize:4000/format:jpeg,"https://bisque.cyverse.org/image_service/image/00-ux2ASCRQBRq3gB99gJL5wB/thumbnail:200,200",https://bisque.cyverse.org/image_service/image/00-ux2ASCRQBRq3gB99gJL5wB/resize:1250/format:jpeg,,"University of Richmond Herbarium (URV)","CC BY-NC (Attribution-Non-Commercial)",http://creativecommons.org/licenses/by-nc/3.0/,,,urn:uuid:fa600105-93ab-4926-ab32-b799f635a424,"2017-09-25 16:03:51",image/jpeg,http://sernecportal.org/portal/collections/individual/index.php?occid=8886044,StillImage,Photograph,en
11251742,https://bisque.cyverse.org/image_service/image/00-bBACDzKNBAxtC6XtGrHhL7?resize=4000&format=jpeg,https://bisque.cyverse.org/image_service/image/00-bBACDzKNBAxtC6XtGrHhL7?resize=4000&format=jpeg,"https://bisque.cyverse.org/image_service/image/00-bBACDzKNBAxtC6XtGrHhL7?thumbnail=200,200",https://bisque.cyverse.org/image_service/image/00-bBACDzKNBAxtC6XtGrHhL7?resize=1250&format=jpeg,,"University of North Carolina Chapel Hill Herbarium (NCU)","CC BY-NC (Attribution-Non-Commercial)",http://creativecommons.org/licenses/by-nc/3.0/,,,urn:uuid:6d62cde0-dde7-40ee-bedb-82a81bc8607e,"2016-11-09 09:06:49",image/jpeg,http://sernecportal.org/portal/collections/individual/index.php?occid=11251742,StillImage,Photograph,en
