coreid,identifiedBy,identifiedByID,dateIdentified,identificationQualifier,scientificName,identificationIsCurrent,scientificNameAuthorship,genus,specificEpithet,taxonRank,infraspecificEpithet,identificationReferences,identificationRemarks,recordId,modified
20415382,"Mary E. Barkworth",,2007,,"Glyceria septentrionalis var. septentrionalis",1,Hitchc.,,,,,,,urn:uuid:c7a2d1ec-e115-4de9-a095-92b15a83e15f,"2018-08-17 18:24:30"
20415382,"Assumed to be collector",,"Assumed to be collection year",,"Glyceria arkansana",0,Fernald,,,,,,,urn:uuid:d2785404-2388-49e5-88ec-1cbe241ba9e2,"2018-08-17 18:24:30"
20415388,"Mary E. Barkworth",,2007,,"Glyceria septentrionalis var. septentrionalis",1,Hitchc.,,,,,,,urn:uuid:a61b8cd1-a6b6-41e0-9d7c-96f5d8da576d,"2018-08-17 18:35:53"
20415388,"Assumed to be collector",,"Assumed to be collection year",,"Glyceria arkansana",0,Fernald,,,,,,,urn:uuid:bca5ffb8-80c6-413a-be7f-46d468d12e4a,"2018-08-17 18:35:54"
3451762,"Bennett, Holly R.",,1955,,"Glyceria septentrionalis",0,Hitchc.,Glyceria,septentrionalis,,,,,urn:uuid:9b33bc96-8602-4c0c-a7e2-b6019b8f89fe,"2013-08-10 13:30:46"
3475398,"Hartman, Ronald L.",,1967,,"Glyceria septentrionalis",0,Hitchc.,Glyceria,septentrionalis,,,,,urn:uuid:028f8335-70ca-4c7d-946e-15cfed2c17d7,"2013-08-10 13:30:46"
3475399,"Henry, Ron D.",,1969,,"Glyceria septentrionalis",0,Hitchc.,Glyceria,septentrionalis,,,,,urn:uuid:29509fbd-2301-4f56-8994-c48c11b5a464,"2013-08-10 13:30:46"
3475400,"Henry, Ron D.",,1965,,"Glyceria septentrionalis",0,Hitchc.,Glyceria,septentrionalis,,,,,urn:uuid:f89dd840-48fe-48a4-8526-fe6430be1baa,"2013-08-10 13:30:46"
10362149,"C.C. Deam",,1922-06-10,,"Panicularia septentrionalis",0,"(Hitchc.) E.P. Bicknell",,,,,,"""Houealoceuchru"" also on label",urn:uuid:887a1843-00e6-46bf-8317-7227d6c55ea2,"2017-10-27 13:38:42"
10362157,"S.C. Wadmond",,1900-06-23,,"Glyceria fluitans",0,"(L.) R. Br.",,,,,,,urn:uuid:82d3da93-5a04-48a2-802e-3638bcec0120,"2017-09-28 11:58:09"
10362157,"C.C. Deam",,Unknown,,"Glyceria plicata",0,Fries,,,,,,typical,urn:uuid:22a47843-3de1-4264-a05b-2181f6462a13,"2017-09-28 11:58:41"
6836625,"A.B. Seymour",,1889-10-05,,"Glyceria fluitans",0,"(L.) R. Br.",,,,,,,urn:uuid:233c1cc8-af4b-48e5-a4d8-39ef6d780f0c,"2016-02-08 14:38:40"
7118856,Unknown,,1892-08-30,,"Glyceria fluitans",0,"(L.) R. Br.",,,,,,,urn:uuid:5a3d463d-dcab-474d-88e7-250499a40f80,"2016-02-17 13:52:57"
7118856,"L.H. Shinners",,1941-10-27,,"Glyceria septentrionalis",1,Hitchc.,,,,,,,urn:uuid:104bb34f-4d27-40b9-b4fc-cf097727801a,"2016-02-17 13:52:57"
7118857,"L.M. Umbach",,1900-06-16,,"Panicularia fluitans",0,"(L.) Kuntze",,,,,,,urn:uuid:6c2d3846-a9b1-440c-967a-e53b85c6d334,"2016-02-10 16:12:43"
7118861,"T. Holm",,1900-06-19,,"Glyceria fluitans",0,"(L.) R. Br.",,,,,,,urn:uuid:7828a8a0-8f5d-49bf-bdee-3f4b9a3a1487,"2016-02-10 16:18:19"
7118883,"T. Holm",,1900-06-05,,"Glyceria fluitans",0,"(L.) R. Br.",,,,,,,urn:uuid:288b681b-7d13-4cfd-8625-3c8aed368bfd,"2016-02-10 16:23:30"
7118886,"T. Holm",,1900-06-05,,"Glyceria fluitans",0,"(L.) R. Br.",,,,,,,urn:uuid:fea7eb06-fea4-413d-88d5-c195539e502d,"2016-02-11 16:13:06"
7118887,"W.M. Benner",,1921-06-05,,"Glyceria plicata",0,,,,,,,,urn:uuid:4e764f8d-328c-458b-a07e-d1a0a68310cd,"2016-02-10 16:30:11"
7118891,"J.R. Watson",,1897-06,,"Glyceria fluitans",0,"(L.) R. Br.",,,,,,,urn:uuid:b3e1c065-877b-488a-b86c-befa3578c647,"2016-02-10 16:39:54"
7118892,"C.C. Deam",,1930-05-26,,"Glyceria plicata",0,,,,,,,,urn:uuid:3fe4c136-db8b-4833-afa7-f2ac0c165d5c,"2016-02-17 10:14:18"
7118893,Unknown,,1892-07-29,,"Glyceria fluitans",0,"(L.) R. Br.",,,,,,,urn:uuid:513a8a53-6f4d-45c2-b541-41aaf7822a21,"2016-02-10 16:44:49"
7118895,"L.M. Umbach",,1906-06-02,,"Panicularia fluitans",0,"(L.) Kuntze",,,,,,,urn:uuid:2fc225df-a34a-49d1-94f8-0e0c7317bcbf,"2016-02-10 16:50:28"
7118898,"F.L. Harvey",,1882,,"Glyceria fluitans",0,"(L.) R. Br.",,,,,,,urn:uuid:773782b3-e49a-4db1-94e7-2874fd3baeb5,"2016-02-11 16:29:30"
7118900,"L.M. Umbach",,1898-07-11,,"Panicularia fluitans",0,"(L.) Kuntze",,,,,,,urn:uuid:1b806152-6566-45e5-a2f8-8053e97fd2e7,"2016-02-16 10:58:35"
7118901,"I.A. Lapham",,Unknown,,"Festuca nutans",0,Biehler,,,,,,,urn:uuid:eb273041-2214-4b49-9fbf-9845ae89621f,"2016-02-10 16:58:44"
7118901,Unknown,,Unknown,,"Festuca paradoxa",0,Desv.,,,,,,,urn:uuid:bb5abbfa-3ec4-4da5-b6a6-789dbbf10bd7,"2016-02-10 16:59:01"
7118902,"C.C. Deam",,1934-06-15,,"Glyceria plicata",0,,,,,,,,urn:uuid:8d78fadd-631d-4ecd-a59c-4e273c044a60,"2016-02-11 16:32:49"
7118903,"J.R. Paddock",,Unknown,,"Glyceria fluitans",0,"(L.) R. Br.",,,,,,,urn:uuid:f842fe34-d83e-4b1f-9704-1bdd47e48067,"2016-02-12 11:25:48"
7943770,"L.M. Umbach",,1898-07-11,,"Panicularia fluitans",0,"(L.) Kuntze",,,,,,,urn:uuid:f440899b-c68e-44f6-b239-28ed27788cef,"2018-01-31 14:31:07"
7944019,"F.L. Scribner",,1881-06,,"Glyceria fluitans",0,"(L.) R. Br.",,,,,,,urn:uuid:6e85b0bb-afd9-4f9d-8720-b05215997828,"2018-02-21 16:26:58"
